iter,ARI,NMI,agreement,collapsed,model
1,0.9265684973414,0.9265684973414,0.976978417266187,FALSE,T2_IFN
2,0.95434105040507,0.95434105040507,0.984172661870504,FALSE,T2_IFN
3,0.970803110436073,0.970803110436073,0.98705035971223,FALSE,T2_IFN
4,0.970218836032945,0.970218836032945,0.99136690647482,FALSE,T2_IFN
5,0.940853246018166,0.940853246018166,0.98273381294964,FALSE,T2_IFN
6,0.962955826707143,0.962955826707143,0.989928057553957,FALSE,T2_IFN
7,0.927224176272627,0.927224176272627,0.972661870503597,FALSE,T2_IFN
8,0.931878271711515,0.931878271711515,0.981294964028777,FALSE,T2_IFN
9,0.973455896109498,0.973455896109498,0.992805755395683,FALSE,T2_IFN
10,0.939362940794214,0.939362940794214,0.97841726618705,FALSE,T2_IFN
11,0.979775042043663,0.979775042043663,0.992805755395683,FALSE,T2_IFN
12,0.960254097793213,0.960254097793213,0.984172661870504,FALSE,T2_IFN
13,0.937900006897415,0.937900006897415,0.981294964028777,FALSE,T2_IFN
14,0.989330595249753,0.989330595249753,0.997122302158273,FALSE,T2_IFN
15,0.975493945574313,0.975493945574313,0.992805755395683,FALSE,T2_IFN
16,0.884611162404507,0.884611162404507,0.959712230215827,FALSE,T2_IFN
17,0.958459642138129,0.958459642138129,0.98705035971223,FALSE,T2_IFN
18,0.9247835443037,0.9247835443037,0.972661870503597,FALSE,T2_IFN
19,0.962955826707143,0.962955826707143,0.989928057553957,FALSE,T2_IFN
20,0.879140863616956,0.879140863616956,0.959712230215827,FALSE,T2_IFN
21,0.937807184235359,0.937807184235359,0.981294964028777,FALSE,T2_IFN
22,0.962955826707143,0.962955826707143,0.989928057553957,FALSE,T2_IFN
23,0.910607102522851,0.910607102522851,0.966906474820144,FALSE,T2_IFN
24,0.978730148069172,0.978730148069172,0.994244604316547,FALSE,T2_IFN
25,0.931891011556113,0.931891011556113,0.981294964028777,FALSE,T2_IFN
26,0.909895040743629,0.909895040743629,0.971223021582734,FALSE,T2_IFN
27,0.970803110436073,0.970803110436073,0.98705035971223,FALSE,T2_IFN
28,0.970259429175257,0.970259429175257,0.99136690647482,FALSE,T2_IFN
29,0.953321733888563,0.953321733888563,0.985611510791367,FALSE,T2_IFN
30,0.918085162765716,0.918085162765716,0.97410071942446,FALSE,T2_IFN
31,0.984901629630487,0.984901629630487,0.994244604316547,FALSE,T2_IFN
32,0.961835709868232,0.961835709868232,0.988489208633094,FALSE,T2_IFN
33,0.99356862043779,0.99356862043779,0.997122302158273,FALSE,T2_IFN
34,0.980733844144525,0.980733844144525,0.99136690647482,FALSE,T2_IFN
35,0.923997690291179,0.923997690291179,0.976978417266187,FALSE,T2_IFN
36,0.989330595249753,0.989330595249753,0.997122302158273,FALSE,T2_IFN
37,0.942176770731595,0.942176770731595,0.984172661870504,FALSE,T2_IFN
38,0.934714850649848,0.934714850649848,0.97410071942446,FALSE,T2_IFN
39,0.972080565913108,0.972080565913108,0.988489208633094,FALSE,T2_IFN
40,0.978728923711523,0.978728923711523,0.994244604316547,FALSE,T2_IFN
41,0.98081380320885,0.98081380320885,0.994244604316547,FALSE,T2_IFN
42,0.884734004836968,0.884734004836968,0.959712230215827,FALSE,T2_IFN
43,0.938080660774037,0.938080660774037,0.975539568345324,FALSE,T2_IFN
44,0.890172786255738,0.890172786255738,0.968345323741007,FALSE,T2_IFN
45,0.911481727735366,0.911481727735366,0.968345323741007,FALSE,T2_IFN
46,0.925529938298259,0.925529938298259,0.97841726618705,FALSE,T2_IFN
47,0.95455824814561,0.95455824814561,0.98705035971223,FALSE,T2_IFN
48,0.938080660774037,0.938080660774037,0.975539568345324,FALSE,T2_IFN
49,0.908417404367919,0.908417404367919,0.966906474820144,FALSE,T2_IFN
50,0.860814468664716,0.860814468664716,0.955395683453238,FALSE,T2_IFN
51,0.956608567879364,0.956608567879364,0.98705035971223,FALSE,T2_IFN
52,0.970803110436073,0.970803110436073,0.98705035971223,FALSE,T2_IFN
53,0.955005381817699,0.955005381817699,0.98273381294964,FALSE,T2_IFN
54,0.910476834282052,0.910476834282052,0.965467625899281,FALSE,T2_IFN
55,0.974343450290777,0.974343450290777,0.99136690647482,FALSE,T2_IFN
56,0.953321733888563,0.953321733888563,0.985611510791367,FALSE,T2_IFN
57,0.978728862489941,0.978728862489941,0.994244604316547,FALSE,T2_IFN
58,0.945363598995984,0.945363598995984,0.976978417266187,FALSE,T2_IFN
59,0.972080565913108,0.972080565913108,0.988489208633094,FALSE,T2_IFN
60,0.921659223533986,0.921659223533986,0.97841726618705,FALSE,T2_IFN
61,0.975383894301963,0.975383894301963,0.989928057553957,FALSE,T2_IFN
62,0.893683894583919,0.893683894583919,0.966906474820144,FALSE,T2_IFN
63,0.927160951244368,0.927160951244368,0.97841726618705,FALSE,T2_IFN
64,0.967986426425565,0.967986426425565,0.988489208633094,FALSE,T2_IFN
65,0.979775042043663,0.979775042043663,0.992805755395683,FALSE,T2_IFN
66,0.946206268513361,0.946206268513361,0.984172661870504,FALSE,T2_IFN
67,0.982940883085342,0.982940883085342,0.994244604316547,FALSE,T2_IFN
68,0.9655206198771,0.9655206198771,0.985611510791367,FALSE,T2_IFN
69,0.96879280706937,0.96879280706937,0.98705035971223,FALSE,T2_IFN
70,0.9109635018245,0.9109635018245,0.972661870503597,FALSE,T2_IFN
71,0.886415720994763,0.886415720994763,0.966906474820144,FALSE,T2_IFN
72,0.977553203184045,0.977553203184045,0.992805755395683,FALSE,T2_IFN
73,0.888358385302536,0.888358385302536,0.964028776978417,FALSE,T2_IFN
74,0.968196272186004,0.968196272186004,0.99136690647482,FALSE,T2_IFN
75,0.993559618145874,0.993559618145874,0.997122302158273,FALSE,T2_IFN
76,0.977377187153417,0.977377187153417,0.989928057553957,FALSE,T2_IFN
77,0.942731744294583,0.942731744294583,0.98273381294964,FALSE,T2_IFN
78,0.986116443345502,0.986116443345502,0.99568345323741,FALSE,T2_IFN
79,0.980686598958468,0.980686598958468,0.99136690647482,FALSE,T2_IFN
80,0.9267746890161,0.9267746890161,0.979856115107914,FALSE,T2_IFN
81,0.935876623707448,0.935876623707448,0.981294964028777,FALSE,T2_IFN
82,0.907031768336805,0.907031768336805,0.968345323741007,FALSE,T2_IFN
83,0.922005801970698,0.922005801970698,0.976978417266187,FALSE,T2_IFN
84,0.973169038909568,0.973169038909568,0.989928057553957,FALSE,T2_IFN
85,0.988229545254795,0.988229545254795,0.99568345323741,FALSE,T2_IFN
86,0.949242255566677,0.949242255566677,0.985611510791367,FALSE,T2_IFN
87,0.938612948434483,0.938612948434483,0.976978417266187,FALSE,T2_IFN
88,0.95973256261832,0.95973256261832,0.988489208633094,FALSE,T2_IFN
89,0.972081210302705,0.972081210302705,0.988489208633094,FALSE,T2_IFN
90,0.978730148069172,0.978730148069172,0.994244604316547,FALSE,T2_IFN
91,0.93779183411281,0.93779183411281,0.975539568345324,FALSE,T2_IFN
92,0.964931209798296,0.964931209798296,0.989928057553957,FALSE,T2_IFN
93,0.916703645494974,0.916703645494974,0.969784172661871,FALSE,T2_IFN
94,0.934183512539178,0.934183512539178,0.976978417266187,FALSE,T2_IFN
95,0.951398739289246,0.951398739289246,0.985611510791367,FALSE,T2_IFN
96,0.979775042043663,0.979775042043663,0.992805755395683,FALSE,T2_IFN
97,0.940870539946111,0.940870539946111,0.976978417266187,FALSE,T2_IFN
98,0.95858415326484,0.95858415326484,0.98705035971223,FALSE,T2_IFN
99,0.964830565764778,0.964830565764778,0.98705035971223,FALSE,T2_IFN
100,0.968199017988988,0.968199017988988,0.99136690647482,FALSE,T2_IFN
101,1,1,1,FALSE,T2_IFN
102,0.975546408483245,0.975546408483245,0.992805755395683,FALSE,T2_IFN
103,0.961835709868232,0.961835709868232,0.988489208633094,FALSE,T2_IFN
104,0.986126069861808,0.986126069861808,0.99568345323741,FALSE,T2_IFN
105,0.918121879420006,0.918121879420006,0.968345323741007,FALSE,T2_IFN
106,0.996774639530079,0.996774639530079,0.998561151079137,FALSE,T2_IFN
107,0.962955826707143,0.962955826707143,0.989928057553957,FALSE,T2_IFN
108,0.977621921077948,0.977621921077948,0.992805755395683,FALSE,T2_IFN
109,0.883355236548263,0.883355236548263,0.962589928057554,FALSE,T2_IFN
110,0.95147225557003,0.95147225557003,0.985611510791367,FALSE,T2_IFN
111,0.94935912014793,0.94935912014793,0.985611510791367,FALSE,T2_IFN
112,0.9332631482391,0.9332631482391,0.97841726618705,FALSE,T2_IFN
113,0.982917201814341,0.982917201814341,0.994244604316547,FALSE,T2_IFN
114,0.984021729379591,0.984021729379591,0.99568345323741,FALSE,T2_IFN
115,0.953199626663817,0.953199626663817,0.985611510791367,FALSE,T2_IFN
116,0.989330595249753,0.989330595249753,0.997122302158273,FALSE,T2_IFN
117,0.965008532819982,0.965008532819982,0.989928057553957,FALSE,T2_IFN
118,0.966801046398039,0.966801046398039,0.98705035971223,FALSE,T2_IFN
119,0.969035446477192,0.969035446477192,0.989928057553957,FALSE,T2_IFN
120,0.962955826707143,0.962955826707143,0.989928057553957,FALSE,T2_IFN
121,0.972241917372234,0.972241917372234,0.99136690647482,FALSE,T2_IFN
122,0.989330380293756,0.989330380293756,0.997122302158273,FALSE,T2_IFN
123,0.99356862043779,0.99356862043779,0.997122302158273,FALSE,T2_IFN
124,1,1,1,FALSE,T2_IFN
125,0.970803110436073,0.970803110436073,0.98705035971223,FALSE,T2_IFN
126,0.93388002667462,0.93388002667462,0.981294964028777,FALSE,T2_IFN
127,0.96373698118105,0.96373698118105,0.988489208633094,FALSE,T2_IFN
128,0.966802578858965,0.966802578858965,0.98705035971223,FALSE,T2_IFN
129,0.994656700587343,0.994656700587343,0.998561151079137,FALSE,T2_IFN
130,0.96373698118105,0.96373698118105,0.988489208633094,FALSE,T2_IFN
131,0.974343450290777,0.974343450290777,0.99136690647482,FALSE,T2_IFN
132,0.973408448377552,0.973408448377552,0.989928057553957,FALSE,T2_IFN
133,0.962959557892231,0.962959557892231,0.989928057553957,FALSE,T2_IFN
134,0.974343450290777,0.974343450290777,0.99136690647482,FALSE,T2_IFN
135,0.973453986170864,0.973453986170864,0.992805755395683,FALSE,T2_IFN
136,0.954520465989853,0.954520465989853,0.98705035971223,FALSE,T2_IFN
137,0.949773920218653,0.949773920218653,0.981294964028777,FALSE,T2_IFN
138,0.899758538154864,0.899758538154864,0.966906474820144,FALSE,T2_IFN
139,0.984021085548945,0.984021085548945,0.99568345323741,FALSE,T2_IFN
140,0.950117806202126,0.950117806202126,0.981294964028777,FALSE,T2_IFN
141,0.939369242383779,0.939369242383779,0.97841726618705,FALSE,T2_IFN
142,0.986126069861808,0.986126069861808,0.99568345323741,FALSE,T2_IFN
143,0.958509845946232,0.958509845946232,0.98705035971223,FALSE,T2_IFN
144,0.976441510394179,0.976441510394179,0.99136690647482,FALSE,T2_IFN
145,0.937856750815606,0.937856750815606,0.97841726618705,FALSE,T2_IFN
146,0.973453986170864,0.973453986170864,0.992805755395683,FALSE,T2_IFN
147,0.977621921077948,0.977621921077948,0.992805755395683,FALSE,T2_IFN
148,0.969031598947126,0.969031598947126,0.989928057553957,FALSE,T2_IFN
149,0.941813402122696,0.941813402122696,0.981294964028777,FALSE,T2_IFN
150,0.975529582588997,0.975529582588997,0.992805755395683,FALSE,T2_IFN
151,0.959684212058762,0.959684212058762,0.988489208633094,FALSE,T2_IFN
152,0.920821654850074,0.920821654850074,0.968345323741007,FALSE,T2_IFN
153,0.964931209798296,0.964931209798296,0.989928057553957,FALSE,T2_IFN
154,0.982906519041553,0.982906519041553,0.994244604316547,FALSE,T2_IFN
155,0.97430598588948,0.97430598588948,0.99136690647482,FALSE,T2_IFN
156,0.957732694384472,0.957732694384472,0.988489208633094,FALSE,T2_IFN
157,0.978730148069172,0.978730148069172,0.994244604316547,FALSE,T2_IFN
158,0.970259600430955,0.970259600430955,0.99136690647482,FALSE,T2_IFN
159,0.961685664188026,0.961685664188026,0.988489208633094,FALSE,T2_IFN
160,0.989330595249753,0.989330595249753,0.997122302158273,FALSE,T2_IFN
161,0.978728923711523,0.978728923711523,0.994244604316547,FALSE,T2_IFN
162,0.905296613164354,0.905296613164354,0.972661870503597,FALSE,T2_IFN
163,0.903434698908048,0.903434698908048,0.968345323741007,FALSE,T2_IFN
164,0.959684212058762,0.959684212058762,0.988489208633094,FALSE,T2_IFN
165,0.979595146628905,0.979595146628905,0.992805755395683,FALSE,T2_IFN
166,0.937014179088632,0.937014179088632,0.98273381294964,FALSE,T2_IFN
167,0.918085162765716,0.918085162765716,0.97410071942446,FALSE,T2_IFN
168,0.922005801970698,0.922005801970698,0.976978417266187,FALSE,T2_IFN
169,0.952526919566908,0.952526919566908,0.98705035971223,FALSE,T2_IFN
170,0.917466772431946,0.917466772431946,0.966906474820144,FALSE,T2_IFN
171,0.989330595249753,0.989330595249753,0.997122302158273,FALSE,T2_IFN
172,0.958541848154024,0.958541848154024,0.98705035971223,FALSE,T2_IFN
173,0.955347580735664,0.955347580735664,0.985611510791367,FALSE,T2_IFN
174,0.920407294743338,0.920407294743338,0.968345323741007,FALSE,T2_IFN
175,0.90912103205235,0.90912103205235,0.972661870503597,FALSE,T2_IFN
176,0.952526919566908,0.952526919566908,0.98705035971223,FALSE,T2_IFN
177,0.970087807634838,0.970087807634838,0.988489208633094,FALSE,T2_IFN
178,0.989330595249753,0.989330595249753,0.997122302158273,FALSE,T2_IFN
179,0.949211959828461,0.949211959828461,0.979856115107914,FALSE,T2_IFN
180,0.934191492147291,0.934191492147291,0.976978417266187,FALSE,T2_IFN
181,0.92632279718682,0.92632279718682,0.976978417266187,FALSE,T2_IFN
182,0.984021729379591,0.984021729379591,0.99568345323741,FALSE,T2_IFN
183,0.916576167454556,0.916576167454556,0.976978417266187,FALSE,T2_IFN
184,0.958459642138129,0.958459642138129,0.98705035971223,FALSE,T2_IFN
185,0.970259429175257,0.970259429175257,0.99136690647482,FALSE,T2_IFN
186,0.938631273005703,0.938631273005703,0.979856115107914,FALSE,T2_IFN
187,0.972258749234473,0.972258749234473,0.99136690647482,FALSE,T2_IFN
188,0.95434105040507,0.95434105040507,0.984172661870504,FALSE,T2_IFN
189,0.971464247317191,0.971464247317191,0.98705035971223,FALSE,T2_IFN
190,0.945977194941518,0.945977194941518,0.984172661870504,FALSE,T2_IFN
191,0.956469455040551,0.956469455040551,0.98705035971223,FALSE,T2_IFN
192,0.925812273923011,0.925812273923011,0.97410071942446,FALSE,T2_IFN
193,0.960255474743283,0.960255474743283,0.984172661870504,FALSE,T2_IFN
194,0.974348672604679,0.974348672604679,0.99136690647482,FALSE,T2_IFN
195,0.939414342209823,0.939414342209823,0.97410071942446,FALSE,T2_IFN
196,0.959966087189048,0.959966087189048,0.98273381294964,FALSE,T2_IFN
197,0.986126069861808,0.986126069861808,0.99568345323741,FALSE,T2_IFN
198,0.942731744294583,0.942731744294583,0.98273381294964,FALSE,T2_IFN
199,0.974013977581626,0.974013977581626,0.988489208633094,FALSE,T2_IFN
200,0.919219932847112,0.919219932847112,0.975539568345324,FALSE,T2_IFN
201,0.984021315494418,0.984021315494418,0.99568345323741,FALSE,T2_IFN
202,0.996772382968754,0.996772382968754,0.998561151079137,FALSE,T2_IFN
203,0.973455896109498,0.973455896109498,0.992805755395683,FALSE,T2_IFN
204,0.876465818679064,0.876465818679064,0.955395683453238,FALSE,T2_IFN
205,0.978730148069172,0.978730148069172,0.994244604316547,FALSE,T2_IFN
206,0.989330595249753,0.989330595249753,0.997122302158273,FALSE,T2_IFN
207,0.962663421127221,0.962663421127221,0.98705035971223,FALSE,T2_IFN
208,0.972343985199918,0.972343985199918,0.99136690647482,FALSE,T2_IFN
209,0.989330595249753,0.989330595249753,0.997122302158273,FALSE,T2_IFN
210,0.922005801970698,0.922005801970698,0.976978417266187,FALSE,T2_IFN
211,0.953321733888563,0.953321733888563,0.985611510791367,FALSE,T2_IFN
212,0.979638603671324,0.979638603671324,0.992805755395683,FALSE,T2_IFN
213,0.979595616939779,0.979595616939779,0.992805755395683,FALSE,T2_IFN
214,0.973169038909568,0.973169038909568,0.989928057553957,FALSE,T2_IFN
215,0.933468203002289,0.933468203002289,0.97841726618705,FALSE,T2_IFN
216,0.986990511151711,0.986990511151711,0.994244604316547,FALSE,T2_IFN
217,0.953199626663817,0.953199626663817,0.985611510791367,FALSE,T2_IFN
218,0.96373698118105,0.96373698118105,0.988489208633094,FALSE,T2_IFN
219,0.931118194381717,0.931118194381717,0.975539568345324,FALSE,T2_IFN
220,0.973453986170864,0.973453986170864,0.992805755395683,FALSE,T2_IFN
221,0.93702505280258,0.93702505280258,0.98273381294964,FALSE,T2_IFN
222,0.933574901466546,0.933574901466546,0.97841726618705,FALSE,T2_IFN
223,0.993559618145874,0.993559618145874,0.997122302158273,FALSE,T2_IFN
224,0.977553203184045,0.977553203184045,0.992805755395683,FALSE,T2_IFN
225,0.9267746890161,0.9267746890161,0.979856115107914,FALSE,T2_IFN
226,0.967971518755257,0.967971518755257,0.988489208633094,FALSE,T2_IFN
227,0.952526919566908,0.952526919566908,0.98705035971223,FALSE,T2_IFN
228,0.961541337682143,0.961541337682143,0.985611510791367,FALSE,T2_IFN
229,0.979775042043663,0.979775042043663,0.992805755395683,FALSE,T2_IFN
230,0.952526919566908,0.952526919566908,0.98705035971223,FALSE,T2_IFN
231,0.982917201814341,0.982917201814341,0.994244604316547,FALSE,T2_IFN
232,0.96373698118105,0.96373698118105,0.988489208633094,FALSE,T2_IFN
233,0.977549879300084,0.977549879300084,0.992805755395683,FALSE,T2_IFN
234,0.95434105040507,0.95434105040507,0.984172661870504,FALSE,T2_IFN
235,0.973453986170864,0.973453986170864,0.992805755395683,FALSE,T2_IFN
236,0.989330595249753,0.989330595249753,0.997122302158273,FALSE,T2_IFN
237,0.975554605767627,0.975554605767627,0.989928057553957,FALSE,T2_IFN
238,0.908417404367919,0.908417404367919,0.966906474820144,FALSE,T2_IFN
239,0.977553203184045,0.977553203184045,0.992805755395683,FALSE,T2_IFN
240,0.968196272186004,0.968196272186004,0.99136690647482,FALSE,T2_IFN
241,0.979672489767575,0.979672489767575,0.992805755395683,FALSE,T2_IFN
242,0.918764075795205,0.918764075795205,0.972661870503597,FALSE,T2_IFN
243,0.975529582588997,0.975529582588997,0.992805755395683,FALSE,T2_IFN
244,0.9655206198771,0.9655206198771,0.985611510791367,FALSE,T2_IFN
245,0.968196272186004,0.968196272186004,0.99136690647482,FALSE,T2_IFN
246,0.95973256261832,0.95973256261832,0.988489208633094,FALSE,T2_IFN
247,0.987095415763637,0.987095415763637,0.994244604316547,FALSE,T2_IFN
248,0.886415720994763,0.886415720994763,0.966906474820144,FALSE,T2_IFN
249,0.978728862489941,0.978728862489941,0.994244604316547,FALSE,T2_IFN
250,0.951314866467291,0.951314866467291,0.985611510791367,FALSE,T2_IFN
251,0.970282530868841,0.970282530868841,0.99136690647482,FALSE,T2_IFN
252,0.905382693975515,0.905382693975515,0.959712230215827,FALSE,T2_IFN
253,0.982917201814341,0.982917201814341,0.994244604316547,FALSE,T2_IFN
254,0.949004064792683,0.949004064792683,0.98273381294964,FALSE,T2_IFN
255,0.978728923711523,0.978728923711523,0.994244604316547,FALSE,T2_IFN
256,0.954520465989853,0.954520465989853,0.98705035971223,FALSE,T2_IFN
257,0.908548749949665,0.908548749949665,0.969784172661871,FALSE,T2_IFN
258,0.974343450290777,0.974343450290777,0.99136690647482,FALSE,T2_IFN
259,0.975486432969939,0.975486432969939,0.992805755395683,FALSE,T2_IFN
260,0.931118194381717,0.931118194381717,0.975539568345324,FALSE,T2_IFN
261,1,1,1,FALSE,T2_IFN
262,0.949773920218653,0.949773920218653,0.981294964028777,FALSE,T2_IFN
263,0.915539715318395,0.915539715318395,0.971223021582734,FALSE,T2_IFN
264,0.969031598947126,0.969031598947126,0.989928057553957,FALSE,T2_IFN
265,0.939362940794214,0.939362940794214,0.97841726618705,FALSE,T2_IFN
266,0.916868281675212,0.916868281675212,0.975539568345324,FALSE,T2_IFN
267,0.942731744294583,0.942731744294583,0.98273381294964,FALSE,T2_IFN
268,0.989330595249753,0.989330595249753,0.997122302158273,FALSE,T2_IFN
269,0.986116443345502,0.986116443345502,0.99568345323741,FALSE,T2_IFN
270,0.993559618145874,0.993559618145874,0.997122302158273,FALSE,T2_IFN
271,0.97973291364346,0.97973291364346,0.992805755395683,FALSE,T2_IFN
272,0.986126069861808,0.986126069861808,0.99568345323741,FALSE,T2_IFN
273,0.942731744294583,0.942731744294583,0.98273381294964,FALSE,T2_IFN
274,0.963727142041921,0.963727142041921,0.985611510791367,FALSE,T2_IFN
275,0.880848897211574,0.880848897211574,0.964028776978417,FALSE,T2_IFN
276,0.954053332590284,0.954053332590284,0.981294964028777,FALSE,T2_IFN
277,0.972382004595951,0.972382004595951,0.99136690647482,FALSE,T2_IFN
278,0.960255474743283,0.960255474743283,0.984172661870504,FALSE,T2_IFN
279,0.950134148006671,0.950134148006671,0.984172661870504,FALSE,T2_IFN
280,0.974497369083593,0.974497369083593,0.99136690647482,FALSE,T2_IFN
281,0.949773920218653,0.949773920218653,0.981294964028777,FALSE,T2_IFN
282,0.903474577073072,0.903474577073072,0.968345323741007,FALSE,T2_IFN
283,1,1,1,FALSE,T2_IFN
284,0.901561917099545,0.901561917099545,0.971223021582734,FALSE,T2_IFN
285,0.975383894301963,0.975383894301963,0.989928057553957,FALSE,T2_IFN
286,0.88768049419269,0.88768049419269,0.961151079136691,FALSE,T2_IFN
287,0.972341754876644,0.972341754876644,0.99136690647482,FALSE,T2_IFN
288,0.935485624484405,0.935485624484405,0.97841726618705,FALSE,T2_IFN
289,0.951406576710676,0.951406576710676,0.985611510791367,FALSE,T2_IFN
290,0.978730148069172,0.978730148069172,0.994244604316547,FALSE,T2_IFN
291,0.962955826707143,0.962955826707143,0.989928057553957,FALSE,T2_IFN
292,0.982916759007624,0.982916759007624,0.994244604316547,FALSE,T2_IFN
293,0.956524278617499,0.956524278617499,0.98705035971223,FALSE,T2_IFN
294,0.965864216169808,0.965864216169808,0.988489208633094,FALSE,T2_IFN
295,0.971282041299676,0.971282041299676,0.989928057553957,FALSE,T2_IFN
296,0.978728923711523,0.978728923711523,0.994244604316547,FALSE,T2_IFN
297,0.934183512539178,0.934183512539178,0.976978417266187,FALSE,T2_IFN
298,0.924169958348808,0.924169958348808,0.971223021582734,FALSE,T2_IFN
299,0.982917201814341,0.982917201814341,0.994244604316547,FALSE,T2_IFN
300,0.930330557322258,0.930330557322258,0.97410071942446,FALSE,T2_IFN
301,0.964827827044676,0.964827827044676,0.98705035971223,FALSE,T2_IFN
302,0.97540221983847,0.97540221983847,0.989928057553957,FALSE,T2_IFN
303,0.956355935374319,0.956355935374319,0.984172661870504,FALSE,T2_IFN
304,0.936406177935467,0.936406177935467,0.976978417266187,FALSE,T2_IFN
305,0.883309156196489,0.883309156196489,0.965467625899281,FALSE,T2_IFN
306,0.977620567565413,0.977620567565413,0.992805755395683,FALSE,T2_IFN
307,0.959684212058762,0.959684212058762,0.988489208633094,FALSE,T2_IFN
308,0.986108764960232,0.986108764960232,0.99568345323741,FALSE,T2_IFN
309,0.876539719185408,0.876539719185408,0.956834532374101,FALSE,T2_IFN
310,0.949777400145106,0.949777400145106,0.981294964028777,FALSE,T2_IFN
311,0.973169038909568,0.973169038909568,0.989928057553957,FALSE,T2_IFN
312,0.900978419743945,0.900978419743945,0.969784172661871,FALSE,T2_IFN
313,0.916353893702348,0.916353893702348,0.97410071942446,FALSE,T2_IFN
314,0.925558594253008,0.925558594253008,0.97841726618705,FALSE,T2_IFN
315,0.982940883085342,0.982940883085342,0.994244604316547,FALSE,T2_IFN
316,0.987059004064662,0.987059004064662,0.994244604316547,FALSE,T2_IFN
317,0.919219932847112,0.919219932847112,0.975539568345324,FALSE,T2_IFN
318,0.984021039559057,0.984021039559057,0.99568345323741,FALSE,T2_IFN
319,0.950433667339373,0.950433667339373,0.981294964028777,FALSE,T2_IFN
320,0.961835380107735,0.961835380107735,0.988489208633094,FALSE,T2_IFN
321,0.955534986141,0.955534986141,0.985611510791367,FALSE,T2_IFN
322,0.977552233420574,0.977552233420574,0.992805755395683,FALSE,T2_IFN
323,0.933866321557154,0.933866321557154,0.981294964028777,FALSE,T2_IFN
324,0.964931209798296,0.964931209798296,0.989928057553957,FALSE,T2_IFN
325,0.975263792820146,0.975263792820146,0.989928057553957,FALSE,T2_IFN
326,0.930269164502001,0.930269164502001,0.97410071942446,FALSE,T2_IFN
327,0.979638603671324,0.979638603671324,0.992805755395683,FALSE,T2_IFN
328,0.993559618145874,0.993559618145874,0.997122302158273,FALSE,T2_IFN
329,0.969891959277798,0.969891959277798,0.988489208633094,FALSE,T2_IFN
330,0.953199626663817,0.953199626663817,0.985611510791367,FALSE,T2_IFN
331,0.944559758232184,0.944559758232184,0.979856115107914,FALSE,T2_IFN
332,0.919445205571439,0.919445205571439,0.971223021582734,FALSE,T2_IFN
333,0.902047568325976,0.902047568325976,0.962589928057554,FALSE,T2_IFN
334,0.962955826707143,0.962955826707143,0.989928057553957,FALSE,T2_IFN
335,0.96813192502478,0.96813192502478,0.988489208633094,FALSE,T2_IFN
336,0.956011591618605,0.956011591618605,0.979856115107914,FALSE,T2_IFN
337,0.99022486694083,0.99022486694083,0.99568345323741,FALSE,T2_IFN
338,0.95867784661351,0.95867784661351,0.98705035971223,FALSE,T2_IFN
339,0.980814355584623,0.980814355584623,0.994244604316547,FALSE,T2_IFN
340,0.986073249780317,0.986073249780317,0.99568345323741,FALSE,T2_IFN
341,0.943775499400177,0.943775499400177,0.981294964028777,FALSE,T2_IFN
342,0.929357828160442,0.929357828160442,0.966906474820144,FALSE,T2_IFN
343,0.905219132393713,0.905219132393713,0.972661870503597,FALSE,T2_IFN
344,0.982940883085342,0.982940883085342,0.994244604316547,FALSE,T2_IFN
345,0.877727164751673,0.877727164751673,0.962589928057554,FALSE,T2_IFN
346,0.959027680290817,0.959027680290817,0.981294964028777,FALSE,T2_IFN
347,0.963452544769914,0.963452544769914,0.985611510791367,FALSE,T2_IFN
348,0.923877000600594,0.923877000600594,0.97410071942446,FALSE,T2_IFN
349,0.852073899981075,0.852073899981075,0.951079136690647,FALSE,T2_IFN
350,0.978730148069172,0.978730148069172,0.994244604316547,FALSE,T2_IFN
351,0.951210946969941,0.951210946969941,0.98273381294964,FALSE,T2_IFN
352,0.979595616939779,0.979595616939779,0.992805755395683,FALSE,T2_IFN
353,0.984021729379591,0.984021729379591,0.99568345323741,FALSE,T2_IFN
354,0.976441510394179,0.976441510394179,0.99136690647482,FALSE,T2_IFN
355,0.942167618328873,0.942167618328873,0.984172661870504,FALSE,T2_IFN
356,0.939362940794214,0.939362940794214,0.97841726618705,FALSE,T2_IFN
357,0.903474577073072,0.903474577073072,0.968345323741007,FALSE,T2_IFN
358,0.927273479151762,0.927273479151762,0.972661870503597,FALSE,T2_IFN
359,0.989330380293756,0.989330380293756,0.997122302158273,FALSE,T2_IFN
360,0.918923538698491,0.918923538698491,0.969784172661871,FALSE,T2_IFN
361,0.978728923711523,0.978728923711523,0.994244604316547,FALSE,T2_IFN
362,0.966014339743736,0.966014339743736,0.988489208633094,FALSE,T2_IFN
363,0.988229545254795,0.988229545254795,0.99568345323741,FALSE,T2_IFN
364,0.99038194985647,0.99038194985647,0.99568345323741,FALSE,T2_IFN
365,0.930327090252813,0.930327090252813,0.976978417266187,FALSE,T2_IFN
366,0.970803110436073,0.970803110436073,0.98705035971223,FALSE,T2_IFN
367,0.989330595249753,0.989330595249753,0.997122302158273,FALSE,T2_IFN
368,0.968196272186004,0.968196272186004,0.99136690647482,FALSE,T2_IFN
369,0.989330595249753,0.989330595249753,0.997122302158273,FALSE,T2_IFN
370,0.931891011556113,0.931891011556113,0.981294964028777,FALSE,T2_IFN
371,0.970282530868841,0.970282530868841,0.99136690647482,FALSE,T2_IFN
372,0.982940883085342,0.982940883085342,0.994244604316547,FALSE,T2_IFN
373,0.952526919566908,0.952526919566908,0.98705035971223,FALSE,T2_IFN
374,0.96373698118105,0.96373698118105,0.988489208633094,FALSE,T2_IFN
375,0.923877000600594,0.923877000600594,0.97410071942446,FALSE,T2_IFN
376,0.99139302125001,0.99139302125001,0.997122302158273,FALSE,T2_IFN
377,0.984021315494418,0.984021315494418,0.99568345323741,FALSE,T2_IFN
378,0.958459642138129,0.958459642138129,0.98705035971223,FALSE,T2_IFN
379,0.95643214313654,0.95643214313654,0.98705035971223,FALSE,T2_IFN
380,0.918764075795205,0.918764075795205,0.972661870503597,FALSE,T2_IFN
381,0.982917201814341,0.982917201814341,0.994244604316547,FALSE,T2_IFN
382,0.98077091652284,0.98077091652284,0.994244604316547,FALSE,T2_IFN
383,0.90922005693591,0.90922005693591,0.968345323741007,FALSE,T2_IFN
384,0.962955826707143,0.962955826707143,0.989928057553957,FALSE,T2_IFN
385,0.994656700587343,0.994656700587343,0.998561151079137,FALSE,T2_IFN
386,0.972341834537241,0.972341834537241,0.99136690647482,FALSE,T2_IFN
387,0.922676522123577,0.922676522123577,0.976978417266187,FALSE,T2_IFN
388,0.993491228943508,0.993491228943508,0.997122302158273,FALSE,T2_IFN
389,0.977621921077948,0.977621921077948,0.992805755395683,FALSE,T2_IFN
390,0.916868281675212,0.916868281675212,0.975539568345324,FALSE,T2_IFN
391,0.964705482559286,0.964705482559286,0.98705035971223,FALSE,T2_IFN
392,0.925394475288511,0.925394475288511,0.97841726618705,FALSE,T2_IFN
393,0.954520465989853,0.954520465989853,0.98705035971223,FALSE,T2_IFN
394,0.903941919879403,0.903941919879403,0.966906474820144,FALSE,T2_IFN
395,0.978728862489941,0.978728862489941,0.994244604316547,FALSE,T2_IFN
396,0.883355236548263,0.883355236548263,0.962589928057554,FALSE,T2_IFN
397,0.95643214313654,0.95643214313654,0.98705035971223,FALSE,T2_IFN
398,0.989330595249753,0.989330595249753,0.997122302158273,FALSE,T2_IFN
399,0.964966192508193,0.964966192508193,0.989928057553957,FALSE,T2_IFN
400,1,1,1,FALSE,T2_IFN
401,0.949315140337388,0.949315140337388,0.979856115107914,FALSE,T2_IFN
402,1,1,1,FALSE,T2_IFN
403,0.982917201814341,0.982917201814341,0.994244604316547,FALSE,T2_IFN
404,0.959684212058762,0.959684212058762,0.988489208633094,FALSE,T2_IFN
405,0.962877428545035,0.962877428545035,0.98705035971223,FALSE,T2_IFN
406,0.989330595249753,0.989330595249753,0.997122302158273,FALSE,T2_IFN
407,0.88036340352305,0.88036340352305,0.959712230215827,FALSE,T2_IFN
408,0.979775042043663,0.979775042043663,0.992805755395683,FALSE,T2_IFN
409,0.962955826707143,0.962955826707143,0.989928057553957,FALSE,T2_IFN
410,0.989330595249753,0.989330595249753,0.997122302158273,FALSE,T2_IFN
411,0.989330595249753,0.989330595249753,0.997122302158273,FALSE,T2_IFN
412,0.973453756959757,0.973453756959757,0.992805755395683,FALSE,T2_IFN
413,0.989330595249753,0.989330595249753,0.997122302158273,FALSE,T2_IFN
414,0.946961564391859,0.946961564391859,0.98273381294964,FALSE,T2_IFN
415,0.978730148069172,0.978730148069172,0.994244604316547,FALSE,T2_IFN
416,0.989330595249753,0.989330595249753,0.997122302158273,FALSE,T2_IFN
417,0.975486432969939,0.975486432969939,0.992805755395683,FALSE,T2_IFN
418,0.925276903313657,0.925276903313657,0.97841726618705,FALSE,T2_IFN
419,0.959774733830392,0.959774733830392,0.988489208633094,FALSE,T2_IFN
420,1,1,1,FALSE,T2_IFN
421,0.975546408483245,0.975546408483245,0.992805755395683,FALSE,T2_IFN
422,0.988229782555462,0.988229782555462,0.99568345323741,FALSE,T2_IFN
423,0.955007719959074,0.955007719959074,0.98273381294964,FALSE,T2_IFN
424,0.99356862043779,0.99356862043779,0.997122302158273,FALSE,T2_IFN
425,0.937125447688563,0.937125447688563,0.97410071942446,FALSE,T2_IFN
426,0.975493945574313,0.975493945574313,0.992805755395683,FALSE,T2_IFN
427,0.978728923711523,0.978728923711523,0.994244604316547,FALSE,T2_IFN
428,1,1,1,FALSE,T2_IFN
429,0.978730148069172,0.978730148069172,0.994244604316547,FALSE,T2_IFN
430,0.980810096503354,0.980810096503354,0.994244604316547,FALSE,T2_IFN
431,0.966802578858965,0.966802578858965,0.98705035971223,FALSE,T2_IFN
432,0.914979979471732,0.914979979471732,0.972661870503597,FALSE,T2_IFN
433,0.959684212058762,0.959684212058762,0.988489208633094,FALSE,T2_IFN
434,0.952526919566908,0.952526919566908,0.98705035971223,FALSE,T2_IFN
435,0.975527891680024,0.975527891680024,0.992805755395683,FALSE,T2_IFN
436,0.923835620813308,0.923835620813308,0.97410071942446,FALSE,T2_IFN
437,0.871864224375383,0.871864224375383,0.952517985611511,FALSE,T2_IFN
438,0.964789742663516,0.964789742663516,0.98705035971223,FALSE,T2_IFN
439,0.972341754876644,0.972341754876644,0.99136690647482,FALSE,T2_IFN
440,0.968724603493186,0.968724603493186,0.98705035971223,FALSE,T2_IFN
441,0.9655206198771,0.9655206198771,0.985611510791367,FALSE,T2_IFN
442,0.986990511151711,0.986990511151711,0.994244604316547,FALSE,T2_IFN
443,0.961541337682143,0.961541337682143,0.985611510791367,FALSE,T2_IFN
444,0.947346123007047,0.947346123007047,0.985611510791367,FALSE,T2_IFN
445,0.940775856050022,0.940775856050022,0.98273381294964,FALSE,T2_IFN
446,0.9265684973414,0.9265684973414,0.976978417266187,FALSE,T2_IFN
447,0.916071903570325,0.916071903570325,0.962589928057554,FALSE,T2_IFN
448,0.927199838467889,0.927199838467889,0.972661870503597,FALSE,T2_IFN
449,0.950134148006671,0.950134148006671,0.984172661870504,FALSE,T2_IFN
450,0.920456046098624,0.920456046098624,0.976978417266187,FALSE,T2_IFN
451,0.975493945574313,0.975493945574313,0.992805755395683,FALSE,T2_IFN
452,0.970803110436073,0.970803110436073,0.98705035971223,FALSE,T2_IFN
453,0.95973256261832,0.95973256261832,0.988489208633094,FALSE,T2_IFN
454,0.965008532819982,0.965008532819982,0.989928057553957,FALSE,T2_IFN
455,0.965008129834173,0.965008129834173,0.989928057553957,FALSE,T2_IFN
456,0.978730148069172,0.978730148069172,0.994244604316547,FALSE,T2_IFN
457,0.971043519082676,0.971043519082676,0.98705035971223,FALSE,T2_IFN
458,0.968196272186004,0.968196272186004,0.99136690647482,FALSE,T2_IFN
459,0.962955826707143,0.962955826707143,0.989928057553957,FALSE,T2_IFN
460,0.972080565913108,0.972080565913108,0.988489208633094,FALSE,T2_IFN
461,0.946609452566787,0.946609452566787,0.979856115107914,FALSE,T2_IFN
462,0.905946353728202,0.905946353728202,0.969784172661871,FALSE,T2_IFN
463,0.953199626663817,0.953199626663817,0.985611510791367,FALSE,T2_IFN
464,0.962955826707143,0.962955826707143,0.989928057553957,FALSE,T2_IFN
465,0.99038194985647,0.99038194985647,0.99568345323741,FALSE,T2_IFN
466,0.978728862489941,0.978728862489941,0.994244604316547,FALSE,T2_IFN
467,0.989330595249753,0.989330595249753,0.997122302158273,FALSE,T2_IFN
468,0.97019549448031,0.97019549448031,0.99136690647482,FALSE,T2_IFN
469,0.982917201814341,0.982917201814341,0.994244604316547,FALSE,T2_IFN
470,0.953199626663817,0.953199626663817,0.985611510791367,FALSE,T2_IFN
471,0.989330595249753,0.989330595249753,0.997122302158273,FALSE,T2_IFN
472,0.921744689136431,0.921744689136431,0.965467625899281,FALSE,T2_IFN
473,0.98081380320885,0.98081380320885,0.994244604316547,FALSE,T2_IFN
474,0.883355236548263,0.883355236548263,0.962589928057554,FALSE,T2_IFN
475,0.88768049419269,0.88768049419269,0.961151079136691,FALSE,T2_IFN
476,0.939759447548924,0.939759447548924,0.981294964028777,FALSE,T2_IFN
477,0.931458304329362,0.931458304329362,0.97841726618705,FALSE,T2_IFN
478,0.987178817622559,0.987178817622559,0.994244604316547,FALSE,T2_IFN
479,0.969171267135144,0.969171267135144,0.989928057553957,FALSE,T2_IFN
480,0.972341834537241,0.972341834537241,0.99136690647482,FALSE,T2_IFN
481,0.977585714500682,0.977585714500682,0.992805755395683,FALSE,T2_IFN
482,0.9489482684975,0.9489482684975,0.98273381294964,FALSE,T2_IFN
483,0.928753060095568,0.928753060095568,0.979856115107914,FALSE,T2_IFN
484,0.970097586341366,0.970097586341366,0.988489208633094,FALSE,T2_IFN
485,0.9655206198771,0.9655206198771,0.985611510791367,FALSE,T2_IFN
486,0.952149195127904,0.952149195127904,0.984172661870504,FALSE,T2_IFN
487,0.969082402641454,0.969082402641454,0.989928057553957,FALSE,T2_IFN
488,0.911748432757733,0.911748432757733,0.97410071942446,FALSE,T2_IFN
489,0.956524278617499,0.956524278617499,0.98705035971223,FALSE,T2_IFN
490,0.989330595249753,0.989330595249753,0.997122302158273,FALSE,T2_IFN
491,0.918120239632533,0.918120239632533,0.968345323741007,FALSE,T2_IFN
492,0.925610841257021,0.925610841257021,0.97841726618705,FALSE,T2_IFN
493,0.900229306837755,0.900229306837755,0.964028776978417,FALSE,T2_IFN
494,0.986116443345502,0.986116443345502,0.99568345323741,FALSE,T2_IFN
495,0.965520022610194,0.965520022610194,0.985611510791367,FALSE,T2_IFN
496,0.955005381817699,0.955005381817699,0.98273381294964,FALSE,T2_IFN
497,0.99022486694083,0.99022486694083,0.99568345323741,FALSE,T2_IFN
498,0.923694131119194,0.923694131119194,0.97841726618705,FALSE,T2_IFN
499,0.962955826707143,0.962955826707143,0.989928057553957,FALSE,T2_IFN
500,0.916868281675212,0.916868281675212,0.975539568345324,FALSE,T2_IFN
501,0.949773920218653,0.949773920218653,0.981294964028777,FALSE,T2_IFN
502,0.960255474743283,0.960255474743283,0.984172661870504,FALSE,T2_IFN
503,0.984901629630487,0.984901629630487,0.994244604316547,FALSE,T2_IFN
504,0.952526919566908,0.952526919566908,0.98705035971223,FALSE,T2_IFN
505,0.918201578715168,0.918201578715168,0.968345323741007,FALSE,T2_IFN
506,0.972081210302705,0.972081210302705,0.988489208633094,FALSE,T2_IFN
507,0.946206268513361,0.946206268513361,0.984172661870504,FALSE,T2_IFN
508,0.957389573291273,0.957389573291273,0.985611510791367,FALSE,T2_IFN
509,0.931034969180816,0.931034969180816,0.975539568345324,FALSE,T2_IFN
510,0.939759447548924,0.939759447548924,0.981294964028777,FALSE,T2_IFN
511,0.931878271711515,0.931878271711515,0.981294964028777,FALSE,T2_IFN
512,0.937806686172314,0.937806686172314,0.975539568345324,FALSE,T2_IFN
513,0.939826784501695,0.939826784501695,0.981294964028777,FALSE,T2_IFN
514,0.986126069861808,0.986126069861808,0.99568345323741,FALSE,T2_IFN
515,0.948898779984924,0.948898779984924,0.98273381294964,FALSE,T2_IFN
516,1,1,1,FALSE,T2_IFN
517,0.977621921077948,0.977621921077948,0.992805755395683,FALSE,T2_IFN
518,0.978730148069172,0.978730148069172,0.994244604316547,FALSE,T2_IFN
519,1,1,1,FALSE,T2_IFN
520,0.972341754876644,0.972341754876644,0.99136690647482,FALSE,T2_IFN
521,0.940447240023522,0.940447240023522,0.979856115107914,FALSE,T2_IFN
522,0.950321189759359,0.950321189759359,0.984172661870504,FALSE,T2_IFN
523,0.97761824549371,0.97761824549371,0.992805755395683,FALSE,T2_IFN
524,0.980775744709405,0.980775744709405,0.994244604316547,FALSE,T2_IFN
525,0.916278110981319,0.916278110981319,0.964028776978417,FALSE,T2_IFN
526,0.965826388810403,0.965826388810403,0.988489208633094,FALSE,T2_IFN
527,0.937765808239163,0.937765808239163,0.981294964028777,FALSE,T2_IFN
528,0.962955826707143,0.962955826707143,0.989928057553957,FALSE,T2_IFN
529,0.96373698118105,0.96373698118105,0.988489208633094,FALSE,T2_IFN
530,0.963727142041921,0.963727142041921,0.985611510791367,FALSE,T2_IFN
531,0.983771083892728,0.983771083892728,0.992805755395683,FALSE,T2_IFN
532,0.918891198484622,0.918891198484622,0.969784172661871,FALSE,T2_IFN
533,0.969031598947126,0.969031598947126,0.989928057553957,FALSE,T2_IFN
534,0.977621921077948,0.977621921077948,0.992805755395683,FALSE,T2_IFN
535,0.937523965578564,0.937523965578564,0.981294964028777,FALSE,T2_IFN
536,0.968195814506073,0.968195814506073,0.99136690647482,FALSE,T2_IFN
537,0.974082676348486,0.974082676348486,0.988489208633094,FALSE,T2_IFN
538,0.962955826707143,0.962955826707143,0.989928057553957,FALSE,T2_IFN
539,0.978728862489941,0.978728862489941,0.994244604316547,FALSE,T2_IFN
540,0.922005801970698,0.922005801970698,0.976978417266187,FALSE,T2_IFN
541,0.975486432969939,0.975486432969939,0.992805755395683,FALSE,T2_IFN
542,0.953199626663817,0.953199626663817,0.985611510791367,FALSE,T2_IFN
543,0.950134148006671,0.950134148006671,0.984172661870504,FALSE,T2_IFN
544,0.960914580897057,0.960914580897057,0.984172661870504,FALSE,T2_IFN
545,0.952938571489254,0.952938571489254,0.97841726618705,FALSE,T2_IFN
546,0.989330595249753,0.989330595249753,0.997122302158273,FALSE,T2_IFN
547,0.981862562033039,0.981862562033039,0.992805755395683,FALSE,T2_IFN
548,0.949003179206084,0.949003179206084,0.98273381294964,FALSE,T2_IFN
549,0.965828358584081,0.965828358584081,0.988489208633094,FALSE,T2_IFN
550,0.975529582588997,0.975529582588997,0.992805755395683,FALSE,T2_IFN
551,0.991435800898298,0.991435800898298,0.997122302158273,FALSE,T2_IFN
552,0.968196272186004,0.968196272186004,0.99136690647482,FALSE,T2_IFN
553,0.939362940794214,0.939362940794214,0.97841726618705,FALSE,T2_IFN
554,0.956469455040551,0.956469455040551,0.98705035971223,FALSE,T2_IFN
555,0.958509845946232,0.958509845946232,0.98705035971223,FALSE,T2_IFN
556,0.942533384743638,0.942533384743638,0.979856115107914,FALSE,T2_IFN
557,0.968196272186004,0.968196272186004,0.99136690647482,FALSE,T2_IFN
558,0.886477236075166,0.886477236075166,0.953956834532374,FALSE,T2_IFN
559,0.964931209798296,0.964931209798296,0.989928057553957,FALSE,T2_IFN
560,0.968196272186004,0.968196272186004,0.99136690647482,FALSE,T2_IFN
561,0.960766051162914,0.960766051162914,0.98705035971223,FALSE,T2_IFN
562,0.949773920218653,0.949773920218653,0.981294964028777,FALSE,T2_IFN
563,0.970803110436073,0.970803110436073,0.98705035971223,FALSE,T2_IFN
564,0.979595616939779,0.979595616939779,0.992805755395683,FALSE,T2_IFN
565,0.938080660774037,0.938080660774037,0.975539568345324,FALSE,T2_IFN
566,0.968724603493186,0.968724603493186,0.98705035971223,FALSE,T2_IFN
567,0.953199626663817,0.953199626663817,0.985611510791367,FALSE,T2_IFN
568,0.974442701628013,0.974442701628013,0.99136690647482,FALSE,T2_IFN
569,0.956469455040551,0.956469455040551,0.98705035971223,FALSE,T2_IFN
570,0.926415027195602,0.926415027195602,0.971223021582734,FALSE,T2_IFN
571,0.93459826786462,0.93459826786462,0.979856115107914,FALSE,T2_IFN
572,0.930967246994819,0.930967246994819,0.975539568345324,FALSE,T2_IFN
573,0.986108764960232,0.986108764960232,0.99568345323741,FALSE,T2_IFN
574,0.958541848154024,0.958541848154024,0.98705035971223,FALSE,T2_IFN
575,0.968196272186004,0.968196272186004,0.99136690647482,FALSE,T2_IFN
576,0.996774639530079,0.996774639530079,0.998561151079137,FALSE,T2_IFN
577,0.965347434640464,0.965347434640464,0.984172661870504,FALSE,T2_IFN
578,0.939013113229865,0.939013113229865,0.98273381294964,FALSE,T2_IFN
579,0.962955826707143,0.962955826707143,0.989928057553957,FALSE,T2_IFN
580,0.989330595249753,0.989330595249753,0.997122302158273,FALSE,T2_IFN
581,0.918891198484622,0.918891198484622,0.969784172661871,FALSE,T2_IFN
582,0.982916759007624,0.982916759007624,0.994244604316547,FALSE,T2_IFN
583,0.971279806503991,0.971279806503991,0.989928057553957,FALSE,T2_IFN
584,0.968134681209808,0.968134681209808,0.988489208633094,FALSE,T2_IFN
585,0.970803110436073,0.970803110436073,0.98705035971223,FALSE,T2_IFN
586,0.965012159274622,0.965012159274622,0.989928057553957,FALSE,T2_IFN
587,0.970760088704696,0.970760088704696,0.98705035971223,FALSE,T2_IFN
588,0.954964195853009,0.954964195853009,0.98273381294964,FALSE,T2_IFN
589,0.989330595249753,0.989330595249753,0.997122302158273,FALSE,T2_IFN
590,0.996729666082416,0.996729666082416,0.998561151079137,FALSE,T2_IFN
591,0.973455896109498,0.973455896109498,0.992805755395683,FALSE,T2_IFN
592,0.942731744294583,0.942731744294583,0.98273381294964,FALSE,T2_IFN
593,0.99022486694083,0.99022486694083,0.99568345323741,FALSE,T2_IFN
594,0.984021729379591,0.984021729379591,0.99568345323741,FALSE,T2_IFN
595,0.917172855498278,0.917172855498278,0.969784172661871,FALSE,T2_IFN
596,0.924610201235461,0.924610201235461,0.966906474820144,FALSE,T2_IFN
597,0.9655206198771,0.9655206198771,0.985611510791367,FALSE,T2_IFN
598,0.986126069861808,0.986126069861808,0.99568345323741,FALSE,T2_IFN
599,0.964830565764778,0.964830565764778,0.98705035971223,FALSE,T2_IFN
600,0.952526919566908,0.952526919566908,0.98705035971223,FALSE,T2_IFN
601,0.952526919566908,0.952526919566908,0.98705035971223,FALSE,T2_IFN
602,0.970803110436073,0.970803110436073,0.98705035971223,FALSE,T2_IFN
603,0.923396563086692,0.923396563086692,0.969784172661871,FALSE,T2_IFN
604,0.958267041099898,0.958267041099898,0.984172661870504,FALSE,T2_IFN
605,0.989330595249753,0.989330595249753,0.997122302158273,FALSE,T2_IFN
606,0.9655206198771,0.9655206198771,0.985611510791367,FALSE,T2_IFN
607,0.986126069861808,0.986126069861808,0.99568345323741,FALSE,T2_IFN
608,0.975383894301963,0.975383894301963,0.989928057553957,FALSE,T2_IFN
609,0.978728923711523,0.978728923711523,0.994244604316547,FALSE,T2_IFN
610,0.934183512539178,0.934183512539178,0.976978417266187,FALSE,T2_IFN
611,0.977552233420574,0.977552233420574,0.992805755395683,FALSE,T2_IFN
612,0.97547702118901,0.97547702118901,0.992805755395683,FALSE,T2_IFN
613,0.968134681209808,0.968134681209808,0.988489208633094,FALSE,T2_IFN
614,0.962877428545035,0.962877428545035,0.98705035971223,FALSE,T2_IFN
615,0.990361748705222,0.990361748705222,0.99568345323741,FALSE,T2_IFN
616,0.970393659408392,0.970393659408392,0.988489208633094,FALSE,T2_IFN
617,0.979672489767575,0.979672489767575,0.992805755395683,FALSE,T2_IFN
618,0.939065389973071,0.939065389973071,0.98273381294964,FALSE,T2_IFN
619,0.978728923711523,0.978728923711523,0.994244604316547,FALSE,T2_IFN
620,0.968793437524849,0.968793437524849,0.98705035971223,FALSE,T2_IFN
621,0.978728862489941,0.978728862489941,0.994244604316547,FALSE,T2_IFN
622,0.924154278137298,0.924154278137298,0.971223021582734,FALSE,T2_IFN
623,0.979595616939779,0.979595616939779,0.992805755395683,FALSE,T2_IFN
624,0.996729666082416,0.996729666082416,0.998561151079137,FALSE,T2_IFN
625,0.966897721895847,0.966897721895847,0.98705035971223,FALSE,T2_IFN
626,0.982940883085342,0.982940883085342,0.994244604316547,FALSE,T2_IFN
627,0.93388002667462,0.93388002667462,0.981294964028777,FALSE,T2_IFN
628,0.948014190993321,0.948014190993321,0.981294964028777,FALSE,T2_IFN
629,0.978728923711523,0.978728923711523,0.994244604316547,FALSE,T2_IFN
630,0.918750004667075,0.918750004667075,0.972661870503597,FALSE,T2_IFN
631,0.978730148069172,0.978730148069172,0.994244604316547,FALSE,T2_IFN
632,0.986108764960232,0.986108764960232,0.99568345323741,FALSE,T2_IFN
633,0.980827603067945,0.980827603067945,0.994244604316547,FALSE,T2_IFN
634,0.943117404341508,0.943117404341508,0.976978417266187,FALSE,T2_IFN
635,0.882925740494489,0.882925740494489,0.956834532374101,FALSE,T2_IFN
636,0.931878271711515,0.931878271711515,0.981294964028777,FALSE,T2_IFN
637,0.94615494095296,0.94615494095296,0.97841726618705,FALSE,T2_IFN
638,0.975486432969939,0.975486432969939,0.992805755395683,FALSE,T2_IFN
639,0.932554246913124,0.932554246913124,0.97410071942446,FALSE,T2_IFN
640,0.911481727735366,0.911481727735366,0.968345323741007,FALSE,T2_IFN
641,0.993559618145874,0.993559618145874,0.997122302158273,FALSE,T2_IFN
642,0.895946883611939,0.895946883611939,0.968345323741007,FALSE,T2_IFN
643,0.951397759433805,0.951397759433805,0.985611510791367,FALSE,T2_IFN
644,0.918750004667075,0.918750004667075,0.972661870503597,FALSE,T2_IFN
645,0.923877000600594,0.923877000600594,0.97410071942446,FALSE,T2_IFN
646,0.974343450290777,0.974343450290777,0.99136690647482,FALSE,T2_IFN
647,0.982877542137714,0.982877542137714,0.994244604316547,FALSE,T2_IFN
648,0.98081380320885,0.98081380320885,0.994244604316547,FALSE,T2_IFN
649,0.915858967871336,0.915858967871336,0.968345323741007,FALSE,T2_IFN
650,0.953199626663817,0.953199626663817,0.985611510791367,FALSE,T2_IFN
651,0.945583607377662,0.945583607377662,0.976978417266187,FALSE,T2_IFN
652,0.906463200786533,0.906463200786533,0.97410071942446,FALSE,T2_IFN
653,0.968196272186004,0.968196272186004,0.99136690647482,FALSE,T2_IFN
654,0.970259600430955,0.970259600430955,0.99136690647482,FALSE,T2_IFN
655,0.928800191987185,0.928800191987185,0.979856115107914,FALSE,T2_IFN
656,0.934183512539178,0.934183512539178,0.976978417266187,FALSE,T2_IFN
657,0.994656700587343,0.994656700587343,0.998561151079137,FALSE,T2_IFN
658,0.9655206198771,0.9655206198771,0.985611510791367,FALSE,T2_IFN
659,0.982906519041553,0.982906519041553,0.994244604316547,FALSE,T2_IFN
660,0.969082402641454,0.969082402641454,0.989928057553957,FALSE,T2_IFN
661,0.973453986170864,0.973453986170864,0.992805755395683,FALSE,T2_IFN
662,0.960255474743283,0.960255474743283,0.984172661870504,FALSE,T2_IFN
663,0.94293366994202,0.94293366994202,0.98273381294964,FALSE,T2_IFN
664,0.961541337682143,0.961541337682143,0.985611510791367,FALSE,T2_IFN
665,0.960578342596381,0.960578342596381,0.98705035971223,FALSE,T2_IFN
666,0.988229782555462,0.988229782555462,0.99568345323741,FALSE,T2_IFN
667,0.962955826707143,0.962955826707143,0.989928057553957,FALSE,T2_IFN
668,0.931878271711515,0.931878271711515,0.981294964028777,FALSE,T2_IFN
669,0.989330380293756,0.989330380293756,0.997122302158273,FALSE,T2_IFN
670,0.974350002848932,0.974350002848932,0.99136690647482,FALSE,T2_IFN
671,0.988211946792605,0.988211946792605,0.99568345323741,FALSE,T2_IFN
672,0.972081210302705,0.972081210302705,0.988489208633094,FALSE,T2_IFN
673,0.966995178402729,0.966995178402729,0.989928057553957,FALSE,T2_IFN
674,0.977533919425654,0.977533919425654,0.992805755395683,FALSE,T2_IFN
675,0.942379271410711,0.942379271410711,0.975539568345324,FALSE,T2_IFN
676,0.986116123564005,0.986116123564005,0.99568345323741,FALSE,T2_IFN
677,0.923597536949254,0.923597536949254,0.97841726618705,FALSE,T2_IFN
678,0.924154278137298,0.924154278137298,0.971223021582734,FALSE,T2_IFN
679,0.942023641526139,0.942023641526139,0.981294964028777,FALSE,T2_IFN
680,0.970803110436073,0.970803110436073,0.98705035971223,FALSE,T2_IFN
681,0.982917201814341,0.982917201814341,0.994244604316547,FALSE,T2_IFN
682,0.962955826707143,0.962955826707143,0.989928057553957,FALSE,T2_IFN
683,0.968195814506073,0.968195814506073,0.99136690647482,FALSE,T2_IFN
684,0.895856901975523,0.895856901975523,0.968345323741007,FALSE,T2_IFN
685,0.972081210302705,0.972081210302705,0.988489208633094,FALSE,T2_IFN
686,0.958459642138129,0.958459642138129,0.98705035971223,FALSE,T2_IFN
687,0.989330595249753,0.989330595249753,0.997122302158273,FALSE,T2_IFN
688,0.972080565913108,0.972080565913108,0.988489208633094,FALSE,T2_IFN
689,0.969031598947126,0.969031598947126,0.989928057553957,FALSE,T2_IFN
690,0.933323194598995,0.933323194598995,0.971223021582734,FALSE,T2_IFN
691,0.990361748705222,0.990361748705222,0.99568345323741,FALSE,T2_IFN
692,0.994656700587343,0.994656700587343,0.998561151079137,FALSE,T2_IFN
693,0.972278456639629,0.972278456639629,0.99136690647482,FALSE,T2_IFN
694,0.993559618145874,0.993559618145874,0.997122302158273,FALSE,T2_IFN
695,0.994656700587343,0.994656700587343,0.998561151079137,FALSE,T2_IFN
696,0.989330595249753,0.989330595249753,0.997122302158273,FALSE,T2_IFN
697,0.960725727817008,0.960725727817008,0.98705035971223,FALSE,T2_IFN
698,0.947740709732333,0.947740709732333,0.981294964028777,FALSE,T2_IFN
699,0.939401213534862,0.939401213534862,0.976978417266187,FALSE,T2_IFN
700,0.929679522987488,0.929679522987488,0.975539568345324,FALSE,T2_IFN
701,0.980770695067486,0.980770695067486,0.994244604316547,FALSE,T2_IFN
702,0.962955826707143,0.962955826707143,0.989928057553957,FALSE,T2_IFN
703,0.988229782555462,0.988229782555462,0.99568345323741,FALSE,T2_IFN
704,0.971282041299676,0.971282041299676,0.989928057553957,FALSE,T2_IFN
705,0.964830565764778,0.964830565764778,0.98705035971223,FALSE,T2_IFN
706,0.969978272758823,0.969978272758823,0.988489208633094,FALSE,T2_IFN
707,0.979595616939779,0.979595616939779,0.992805755395683,FALSE,T2_IFN
708,0.931878271711515,0.931878271711515,0.981294964028777,FALSE,T2_IFN
709,0.993491228943508,0.993491228943508,0.997122302158273,FALSE,T2_IFN
710,0.952526919566908,0.952526919566908,0.98705035971223,FALSE,T2_IFN
711,0.937523965578564,0.937523965578564,0.981294964028777,FALSE,T2_IFN
712,0.95773755969875,0.95773755969875,0.988489208633094,FALSE,T2_IFN
713,0.927230012619603,0.927230012619603,0.972661870503597,FALSE,T2_IFN
714,1,1,1,FALSE,T2_IFN
715,0.942975322789399,0.942975322789399,0.98273381294964,FALSE,T2_IFN
716,0.916868281675212,0.916868281675212,0.975539568345324,FALSE,T2_IFN
717,0.958459642138129,0.958459642138129,0.98705035971223,FALSE,T2_IFN
718,0.925529938298259,0.925529938298259,0.97841726618705,FALSE,T2_IFN
719,0.977620567565413,0.977620567565413,0.992805755395683,FALSE,T2_IFN
720,0.993559618145874,0.993559618145874,0.997122302158273,FALSE,T2_IFN
721,0.927230012619603,0.927230012619603,0.972661870503597,FALSE,T2_IFN
722,0.926759939021506,0.926759939021506,0.979856115107914,FALSE,T2_IFN
723,0.979775042043663,0.979775042043663,0.992805755395683,FALSE,T2_IFN
724,0.947849207221061,0.947849207221061,0.981294964028777,FALSE,T2_IFN
725,0.939945581744065,0.939945581744065,0.981294964028777,FALSE,T2_IFN
726,0.986116443345502,0.986116443345502,0.99568345323741,FALSE,T2_IFN
727,0.994656700587343,0.994656700587343,0.998561151079137,FALSE,T2_IFN
728,0.982940883085342,0.982940883085342,0.994244604316547,FALSE,T2_IFN
729,0.982940883085342,0.982940883085342,0.994244604316547,FALSE,T2_IFN
730,0.95773755969875,0.95773755969875,0.988489208633094,FALSE,T2_IFN
731,0.97019549448031,0.97019549448031,0.99136690647482,FALSE,T2_IFN
732,0.909118751787639,0.909118751787639,0.971223021582734,FALSE,T2_IFN
733,0.945854902475977,0.945854902475977,0.981294964028777,FALSE,T2_IFN
734,0.974082676348486,0.974082676348486,0.988489208633094,FALSE,T2_IFN
735,0.956608567879364,0.956608567879364,0.98705035971223,FALSE,T2_IFN
736,0.972080565913108,0.972080565913108,0.988489208633094,FALSE,T2_IFN
737,0.970262169029766,0.970262169029766,0.99136690647482,FALSE,T2_IFN
738,0.893379352728063,0.893379352728063,0.965467625899281,FALSE,T2_IFN
739,0.91151081267788,0.91151081267788,0.975539568345324,FALSE,T2_IFN
740,0.978730148069172,0.978730148069172,0.994244604316547,FALSE,T2_IFN
741,0.958459642138129,0.958459642138129,0.98705035971223,FALSE,T2_IFN
742,0.9659753476456,0.9659753476456,0.988489208633094,FALSE,T2_IFN
743,0.948460249738785,0.948460249738785,0.97841726618705,FALSE,T2_IFN
744,0.931538528081842,0.931538528081842,0.97841726618705,FALSE,T2_IFN
745,0.955007719959074,0.955007719959074,0.98273381294964,FALSE,T2_IFN
746,0.980827603067945,0.980827603067945,0.994244604316547,FALSE,T2_IFN
747,0.971166668664606,0.971166668664606,0.989928057553957,FALSE,T2_IFN
748,0.967011976613946,0.967011976613946,0.989928057553957,FALSE,T2_IFN
749,0.95119597196179,0.95119597196179,0.985611510791367,FALSE,T2_IFN
750,0.943925304539653,0.943925304539653,0.97841726618705,FALSE,T2_IFN
751,0.99356862043779,0.99356862043779,0.997122302158273,FALSE,T2_IFN
752,0.954564527122646,0.954564527122646,0.98705035971223,FALSE,T2_IFN
753,0.9655206198771,0.9655206198771,0.985611510791367,FALSE,T2_IFN
754,0.974306874208843,0.974306874208843,0.99136690647482,FALSE,T2_IFN
755,0.886415720994763,0.886415720994763,0.966906474820144,FALSE,T2_IFN
756,0.934732581831648,0.934732581831648,0.97410071942446,FALSE,T2_IFN
757,0.927199838467889,0.927199838467889,0.972661870503597,FALSE,T2_IFN
758,0.984021315494418,0.984021315494418,0.99568345323741,FALSE,T2_IFN
759,0.966956490536308,0.966956490536308,0.989928057553957,FALSE,T2_IFN
760,0.970097586341366,0.970097586341366,0.988489208633094,FALSE,T2_IFN
761,0.952526919566908,0.952526919566908,0.98705035971223,FALSE,T2_IFN
762,0.932032328829799,0.932032328829799,0.972661870503597,FALSE,T2_IFN
763,0.967538533109696,0.967538533109696,0.985611510791367,FALSE,T2_IFN
764,0.959575834435062,0.959575834435062,0.985611510791367,FALSE,T2_IFN
765,0.953199626663817,0.953199626663817,0.985611510791367,FALSE,T2_IFN
766,0.982940883085342,0.982940883085342,0.994244604316547,FALSE,T2_IFN
767,0.928800191987185,0.928800191987185,0.979856115107914,FALSE,T2_IFN
768,0.94973132673068,0.94973132673068,0.981294964028777,FALSE,T2_IFN
769,0.940047716647753,0.940047716647753,0.975539568345324,FALSE,T2_IFN
770,0.978730148069172,0.978730148069172,0.994244604316547,FALSE,T2_IFN
771,0.939362940794214,0.939362940794214,0.97841726618705,FALSE,T2_IFN
772,0.986126069861808,0.986126069861808,0.99568345323741,FALSE,T2_IFN
773,0.878548360703818,0.878548360703818,0.959712230215827,FALSE,T2_IFN
774,0.939362940794214,0.939362940794214,0.97841726618705,FALSE,T2_IFN
775,0.943702519236699,0.943702519236699,0.981294964028777,FALSE,T2_IFN
776,0.962955826707143,0.962955826707143,0.989928057553957,FALSE,T2_IFN
777,0.974497369083593,0.974497369083593,0.99136690647482,FALSE,T2_IFN
778,0.977621212115611,0.977621212115611,0.992805755395683,FALSE,T2_IFN
779,0.925630330777052,0.925630330777052,0.97841726618705,FALSE,T2_IFN
780,0.963915589760982,0.963915589760982,0.988489208633094,FALSE,T2_IFN
781,0.961835709868232,0.961835709868232,0.988489208633094,FALSE,T2_IFN
782,0.97547702118901,0.97547702118901,0.992805755395683,FALSE,T2_IFN
783,0.920505815162471,0.920505815162471,0.976978417266187,FALSE,T2_IFN
784,0.973297393619417,0.973297393619417,0.989928057553957,FALSE,T2_IFN
785,0.99038194985647,0.99038194985647,0.99568345323741,FALSE,T2_IFN
786,0.980827603067945,0.980827603067945,0.994244604316547,FALSE,T2_IFN
787,0.953321733888563,0.953321733888563,0.985611510791367,FALSE,T2_IFN
788,0.977552233420574,0.977552233420574,0.992805755395683,FALSE,T2_IFN
789,0.957732694384472,0.957732694384472,0.988489208633094,FALSE,T2_IFN
790,0.972343985199918,0.972343985199918,0.99136690647482,FALSE,T2_IFN
791,0.996772382968754,0.996772382968754,0.998561151079137,FALSE,T2_IFN
792,0.969034019050323,0.969034019050323,0.989928057553957,FALSE,T2_IFN
793,0.936854217753689,0.936854217753689,0.979856115107914,FALSE,T2_IFN
794,0.948460249738785,0.948460249738785,0.97841726618705,FALSE,T2_IFN
795,0.982916759007624,0.982916759007624,0.994244604316547,FALSE,T2_IFN
796,0.996772382968754,0.996772382968754,0.998561151079137,FALSE,T2_IFN
797,0.980733844144525,0.980733844144525,0.99136690647482,FALSE,T2_IFN
798,0.9655206198771,0.9655206198771,0.985611510791367,FALSE,T2_IFN
799,0.912846341424262,0.912846341424262,0.966906474820144,FALSE,T2_IFN
800,0.937414970099118,0.937414970099118,0.97841726618705,FALSE,T2_IFN
801,0.966967142608652,0.966967142608652,0.989928057553957,FALSE,T2_IFN
802,0.972311159245402,0.972311159245402,0.99136690647482,FALSE,T2_IFN
803,0.972241917372234,0.972241917372234,0.99136690647482,FALSE,T2_IFN
804,0.986990511151711,0.986990511151711,0.994244604316547,FALSE,T2_IFN
805,0.989330595249753,0.989330595249753,0.997122302158273,FALSE,T2_IFN
806,0.958541848154024,0.958541848154024,0.98705035971223,FALSE,T2_IFN
807,0.930327090252813,0.930327090252813,0.976978417266187,FALSE,T2_IFN
808,0.996772382968754,0.996772382968754,0.998561151079137,FALSE,T2_IFN
809,0.886477236075166,0.886477236075166,0.953956834532374,FALSE,T2_IFN
810,0.978730148069172,0.978730148069172,0.994244604316547,FALSE,T2_IFN
811,0.941329538733884,0.941329538733884,0.97841726618705,FALSE,T2_IFN
812,0.949131442738182,0.949131442738182,0.98273381294964,FALSE,T2_IFN
813,0.952533066981778,0.952533066981778,0.98705035971223,FALSE,T2_IFN
814,0.961541337682143,0.961541337682143,0.985611510791367,FALSE,T2_IFN
815,0.982940883085342,0.982940883085342,0.994244604316547,FALSE,T2_IFN
816,0.989330595249753,0.989330595249753,0.997122302158273,FALSE,T2_IFN
817,0.955007719959074,0.955007719959074,0.98273381294964,FALSE,T2_IFN
818,0.993517479639947,0.993517479639947,0.997122302158273,FALSE,T2_IFN
819,0.973453986170864,0.973453986170864,0.992805755395683,FALSE,T2_IFN
820,0.989330595249753,0.989330595249753,0.997122302158273,FALSE,T2_IFN
821,0.968196272186004,0.968196272186004,0.99136690647482,FALSE,T2_IFN
822,0.918923538698491,0.918923538698491,0.969784172661871,FALSE,T2_IFN
823,0.974343450290777,0.974343450290777,0.99136690647482,FALSE,T2_IFN
824,0.946206268513361,0.946206268513361,0.984172661870504,FALSE,T2_IFN
825,0.984021039559057,0.984021039559057,0.99568345323741,FALSE,T2_IFN
826,0.994656623693183,0.994656623693183,0.998561151079137,FALSE,T2_IFN
827,0.980827603067945,0.980827603067945,0.994244604316547,FALSE,T2_IFN
828,0.963915589760982,0.963915589760982,0.988489208633094,FALSE,T2_IFN
829,0.99038194985647,0.99038194985647,0.99568345323741,FALSE,T2_IFN
830,0.976374834605835,0.976374834605835,0.99136690647482,FALSE,T2_IFN
831,0.972081210302705,0.972081210302705,0.988489208633094,FALSE,T2_IFN
832,0.977377187153417,0.977377187153417,0.989928057553957,FALSE,T2_IFN
833,0.964931209798296,0.964931209798296,0.989928057553957,FALSE,T2_IFN
834,0.960255474743283,0.960255474743283,0.984172661870504,FALSE,T2_IFN
835,0.982848623636697,0.982848623636697,0.994244604316547,FALSE,T2_IFN
836,0.934183512539178,0.934183512539178,0.976978417266187,FALSE,T2_IFN
837,0.960255474743283,0.960255474743283,0.984172661870504,FALSE,T2_IFN
838,0.986116443345502,0.986116443345502,0.99568345323741,FALSE,T2_IFN
839,0.915664580271027,0.915664580271027,0.97410071942446,FALSE,T2_IFN
840,0.948460249738785,0.948460249738785,0.97841726618705,FALSE,T2_IFN
841,0.986116443345502,0.986116443345502,0.99568345323741,FALSE,T2_IFN
842,0.989330595249753,0.989330595249753,0.997122302158273,FALSE,T2_IFN
843,0.942731744294583,0.942731744294583,0.98273381294964,FALSE,T2_IFN
844,1,1,1,FALSE,T2_IFN
845,0.943775499400177,0.943775499400177,0.981294964028777,FALSE,T2_IFN
846,1,1,1,FALSE,T2_IFN
847,0.946206268513361,0.946206268513361,0.984172661870504,FALSE,T2_IFN
848,0.975546408483245,0.975546408483245,0.992805755395683,FALSE,T2_IFN
849,0.945465032437014,0.945465032437014,0.976978417266187,FALSE,T2_IFN
850,0.954520465989853,0.954520465989853,0.98705035971223,FALSE,T2_IFN
851,0.914194681102941,0.914194681102941,0.97410071942446,FALSE,T2_IFN
852,0.905429579976225,0.905429579976225,0.965467625899281,FALSE,T2_IFN
853,0.979775042043663,0.979775042043663,0.992805755395683,FALSE,T2_IFN
854,0.947956979302168,0.947956979302168,0.984172661870504,FALSE,T2_IFN
855,0.922005801970698,0.922005801970698,0.976978417266187,FALSE,T2_IFN
856,0.986126069861808,0.986126069861808,0.99568345323741,FALSE,T2_IFN
857,0.99356862043779,0.99356862043779,0.997122302158273,FALSE,T2_IFN
858,0.950134148006671,0.950134148006671,0.984172661870504,FALSE,T2_IFN
859,0.964829247175008,0.964829247175008,0.98705035971223,FALSE,T2_IFN
860,0.97547702118901,0.97547702118901,0.992805755395683,FALSE,T2_IFN
861,0.981862091562228,0.981862091562228,0.992805755395683,FALSE,T2_IFN
862,0.952149195127904,0.952149195127904,0.984172661870504,FALSE,T2_IFN
863,0.989330595249753,0.989330595249753,0.997122302158273,FALSE,T2_IFN
864,0.947956979302168,0.947956979302168,0.984172661870504,FALSE,T2_IFN
865,0.92977441831407,0.92977441831407,0.972661870503597,FALSE,T2_IFN
866,0.943968694520382,0.943968694520382,0.97841726618705,FALSE,T2_IFN
867,0.958459642138129,0.958459642138129,0.98705035971223,FALSE,T2_IFN
868,0.991435800898298,0.991435800898298,0.997122302158273,FALSE,T2_IFN
869,0.932738427186552,0.932738427186552,0.97410071942446,FALSE,T2_IFN
870,0.980813471768118,0.980813471768118,0.994244604316547,FALSE,T2_IFN
871,0.925394475288511,0.925394475288511,0.97841726618705,FALSE,T2_IFN
872,0.956011591618605,0.956011591618605,0.979856115107914,FALSE,T2_IFN
873,0.956608567879364,0.956608567879364,0.98705035971223,FALSE,T2_IFN
874,1,1,1,FALSE,T2_IFN
875,0.909936447423683,0.909936447423683,0.97410071942446,FALSE,T2_IFN
876,0.973455896109498,0.973455896109498,0.992805755395683,FALSE,T2_IFN
877,0.986990511151711,0.986990511151711,0.994244604316547,FALSE,T2_IFN
878,0.962955826707143,0.962955826707143,0.989928057553957,FALSE,T2_IFN
879,0.955347580735664,0.955347580735664,0.985611510791367,FALSE,T2_IFN
880,0.968195814506073,0.968195814506073,0.99136690647482,FALSE,T2_IFN
881,0.984021315494418,0.984021315494418,0.99568345323741,FALSE,T2_IFN
882,0.92977441831407,0.92977441831407,0.972661870503597,FALSE,T2_IFN
883,0.978730148069172,0.978730148069172,0.994244604316547,FALSE,T2_IFN
884,0.970803110436073,0.970803110436073,0.98705035971223,FALSE,T2_IFN
885,0.993491228943508,0.993491228943508,0.997122302158273,FALSE,T2_IFN
886,0.943292888164223,0.943292888164223,0.979856115107914,FALSE,T2_IFN
887,0.986116443345502,0.986116443345502,0.99568345323741,FALSE,T2_IFN
888,0.983930445514819,0.983930445514819,0.992805755395683,FALSE,T2_IFN
889,0.975493945574313,0.975493945574313,0.992805755395683,FALSE,T2_IFN
890,0.964710113058224,0.964710113058224,0.98705035971223,FALSE,T2_IFN
891,0.984021315494418,0.984021315494418,0.99568345323741,FALSE,T2_IFN
892,0.937414970099118,0.937414970099118,0.97841726618705,FALSE,T2_IFN
893,0.981862562033039,0.981862562033039,0.992805755395683,FALSE,T2_IFN
894,0.907619836976963,0.907619836976963,0.965467625899281,FALSE,T2_IFN
895,0.984021729379591,0.984021729379591,0.99568345323741,FALSE,T2_IFN
896,0.957732694384472,0.957732694384472,0.988489208633094,FALSE,T2_IFN
897,0.970803110436073,0.970803110436073,0.98705035971223,FALSE,T2_IFN
898,0.931891011556113,0.931891011556113,0.981294964028777,FALSE,T2_IFN
899,0.980775744709405,0.980775744709405,0.994244604316547,FALSE,T2_IFN
900,0.9655206198771,0.9655206198771,0.985611510791367,FALSE,T2_IFN
901,0.989330595249753,0.989330595249753,0.997122302158273,FALSE,T2_IFN
902,0.926441860535291,0.926441860535291,0.971223021582734,FALSE,T2_IFN
903,0.940775856050022,0.940775856050022,0.98273381294964,FALSE,T2_IFN
904,0.979638603671324,0.979638603671324,0.992805755395683,FALSE,T2_IFN
905,0.986126069861808,0.986126069861808,0.99568345323741,FALSE,T2_IFN
906,0.982917201814341,0.982917201814341,0.994244604316547,FALSE,T2_IFN
907,0.970803110436073,0.970803110436073,0.98705035971223,FALSE,T2_IFN
908,0.969236943521012,0.969236943521012,0.989928057553957,FALSE,T2_IFN
909,0.993559618145874,0.993559618145874,0.997122302158273,FALSE,T2_IFN
910,0.958551529615142,0.958551529615142,0.984172661870504,FALSE,T2_IFN
911,0.946967986073103,0.946967986073103,0.98273381294964,FALSE,T2_IFN
912,0.921135311763103,0.921135311763103,0.969784172661871,FALSE,T2_IFN
913,0.953321733888563,0.953321733888563,0.985611510791367,FALSE,T2_IFN
914,1,1,1,FALSE,T2_IFN
915,0.988161313992283,0.988161313992283,0.99568345323741,FALSE,T2_IFN
916,0.985069917400848,0.985069917400848,0.994244604316547,FALSE,T2_IFN
917,0.941018459066295,0.941018459066295,0.972661870503597,FALSE,T2_IFN
918,0.961538674674734,0.961538674674734,0.985611510791367,FALSE,T2_IFN
919,0.99139302125001,0.99139302125001,0.997122302158273,FALSE,T2_IFN
920,0.958459642138129,0.958459642138129,0.98705035971223,FALSE,T2_IFN
921,0.972081210302705,0.972081210302705,0.988489208633094,FALSE,T2_IFN
922,0.948460249738785,0.948460249738785,0.97841726618705,FALSE,T2_IFN
923,0.975546408483245,0.975546408483245,0.992805755395683,FALSE,T2_IFN
924,0.965871597894004,0.965871597894004,0.988489208633094,FALSE,T2_IFN
925,0.953199626663817,0.953199626663817,0.985611510791367,FALSE,T2_IFN
926,0.921208661937864,0.921208661937864,0.969784172661871,FALSE,T2_IFN
927,0.93669329639466,0.93669329639466,0.979856115107914,FALSE,T2_IFN
928,0.921943030371269,0.921943030371269,0.971223021582734,FALSE,T2_IFN
929,1,1,1,FALSE,T2_IFN
930,0.934183512539178,0.934183512539178,0.976978417266187,FALSE,T2_IFN
931,0.93704056237425,0.93704056237425,0.97410071942446,FALSE,T2_IFN
932,0.968196272186004,0.968196272186004,0.99136690647482,FALSE,T2_IFN
933,0.968196272186004,0.968196272186004,0.99136690647482,FALSE,T2_IFN
934,0.969034019050323,0.969034019050323,0.989928057553957,FALSE,T2_IFN
935,0.971118665869551,0.971118665869551,0.989928057553957,FALSE,T2_IFN
936,0.970098534961598,0.970098534961598,0.988489208633094,FALSE,T2_IFN
937,0.973453756959757,0.973453756959757,0.992805755395683,FALSE,T2_IFN
938,0.9659753476456,0.9659753476456,0.988489208633094,FALSE,T2_IFN
939,0.923877000600594,0.923877000600594,0.97410071942446,FALSE,T2_IFN
940,0.977556684895395,0.977556684895395,0.989928057553957,FALSE,T2_IFN
941,0.958459642138129,0.958459642138129,0.98705035971223,FALSE,T2_IFN
942,0.975383894301963,0.975383894301963,0.989928057553957,FALSE,T2_IFN
943,0.925276903313657,0.925276903313657,0.97841726618705,FALSE,T2_IFN
944,0.963727142041921,0.963727142041921,0.985611510791367,FALSE,T2_IFN
945,0.930327090252813,0.930327090252813,0.976978417266187,FALSE,T2_IFN
946,0.986116443345502,0.986116443345502,0.99568345323741,FALSE,T2_IFN
947,0.857204675864557,0.857204675864557,0.945323741007194,FALSE,T2_IFN
948,0.961719011347474,0.961719011347474,0.988489208633094,FALSE,T2_IFN
949,0.978728862489941,0.978728862489941,0.994244604316547,FALSE,T2_IFN
950,0.905429579976225,0.905429579976225,0.965467625899281,FALSE,T2_IFN
951,0.964830565764778,0.964830565764778,0.98705035971223,FALSE,T2_IFN
952,0.973455896109498,0.973455896109498,0.992805755395683,FALSE,T2_IFN
953,0.968196272186004,0.968196272186004,0.99136690647482,FALSE,T2_IFN
954,1,1,1,FALSE,T2_IFN
955,0.980566628261124,0.980566628261124,0.99136690647482,FALSE,T2_IFN
956,0.893379352728063,0.893379352728063,0.965467625899281,FALSE,T2_IFN
957,0.971282041299676,0.971282041299676,0.989928057553957,FALSE,T2_IFN
958,0.949777400145106,0.949777400145106,0.981294964028777,FALSE,T2_IFN
959,0.919497227252183,0.919497227252183,0.97410071942446,FALSE,T2_IFN
960,0.974343450290777,0.974343450290777,0.99136690647482,FALSE,T2_IFN
961,0.952526919566908,0.952526919566908,0.98705035971223,FALSE,T2_IFN
962,0.943968694520382,0.943968694520382,0.97841726618705,FALSE,T2_IFN
963,0.968196272186004,0.968196272186004,0.99136690647482,FALSE,T2_IFN
964,0.976563621620197,0.976563621620197,0.99136690647482,FALSE,T2_IFN
965,0.973453986170864,0.973453986170864,0.992805755395683,FALSE,T2_IFN
966,0.984021039559057,0.984021039559057,0.99568345323741,FALSE,T2_IFN
967,0.968196272186004,0.968196272186004,0.99136690647482,FALSE,T2_IFN
968,0.954195483881235,0.954195483881235,0.984172661870504,FALSE,T2_IFN
969,0.974398973528203,0.974398973528203,0.988489208633094,FALSE,T2_IFN
970,0.905296613164354,0.905296613164354,0.972661870503597,FALSE,T2_IFN
971,0.958459642138129,0.958459642138129,0.98705035971223,FALSE,T2_IFN
972,0.947338546300837,0.947338546300837,0.985611510791367,FALSE,T2_IFN
973,0.978728923711523,0.978728923711523,0.994244604316547,FALSE,T2_IFN
974,0.975527891680024,0.975527891680024,0.992805755395683,FALSE,T2_IFN
975,0.912216502412006,0.912216502412006,0.969784172661871,FALSE,T2_IFN
976,0.971161801366355,0.971161801366355,0.989928057553957,FALSE,T2_IFN
977,0.975546408483245,0.975546408483245,0.992805755395683,FALSE,T2_IFN
978,0.925529938298259,0.925529938298259,0.97841726618705,FALSE,T2_IFN
979,0.996774639530079,0.996774639530079,0.998561151079137,FALSE,T2_IFN
980,0.978728923711523,0.978728923711523,0.994244604316547,FALSE,T2_IFN
981,0.952121477594512,0.952121477594512,0.981294964028777,FALSE,T2_IFN
982,0.990361748705222,0.990361748705222,0.99568345323741,FALSE,T2_IFN
983,0.959684212058762,0.959684212058762,0.988489208633094,FALSE,T2_IFN
984,0.957732694384472,0.957732694384472,0.988489208633094,FALSE,T2_IFN
985,0.977549879300084,0.977549879300084,0.992805755395683,FALSE,T2_IFN
986,0.970803110436073,0.970803110436073,0.98705035971223,FALSE,T2_IFN
987,0.942788702942223,0.942788702942223,0.979856115107914,FALSE,T2_IFN
988,0.991441763802963,0.991441763802963,0.997122302158273,FALSE,T2_IFN
989,0.980814355584623,0.980814355584623,0.994244604316547,FALSE,T2_IFN
990,0.928136055269338,0.928136055269338,0.969784172661871,FALSE,T2_IFN
991,0.975263792820146,0.975263792820146,0.989928057553957,FALSE,T2_IFN
992,0.986126069861808,0.986126069861808,0.99568345323741,FALSE,T2_IFN
993,0.949773920218653,0.949773920218653,0.981294964028777,FALSE,T2_IFN
994,0.982917201814341,0.982917201814341,0.994244604316547,FALSE,T2_IFN
995,0.962955826707143,0.962955826707143,0.989928057553957,FALSE,T2_IFN
996,0.961814044756879,0.961814044756879,0.988489208633094,FALSE,T2_IFN
997,0.988186597061246,0.988186597061246,0.99568345323741,FALSE,T2_IFN
998,0.966017865683576,0.966017865683576,0.988489208633094,FALSE,T2_IFN
999,0.982860224242672,0.982860224242672,0.994244604316547,FALSE,T2_IFN
1000,0.945397060931015,0.945397060931015,0.979856115107914,FALSE,T2_IFN
1,0.888464461397402,0.888464461397402,0.965467625899281,FALSE,T2_IFN_fixed32
2,0.925063986731301,0.925063986731301,0.97841726618705,FALSE,T2_IFN_fixed32
3,0.907759076566705,0.907759076566705,0.965467625899281,FALSE,T2_IFN_fixed32
4,0.892569575690261,0.892569575690261,0.969784172661871,FALSE,T2_IFN_fixed32
5,0.921667791215304,0.921667791215304,0.971223021582734,FALSE,T2_IFN_fixed32
6,0.968179503294291,0.968179503294291,0.98705035971223,FALSE,T2_IFN_fixed32
7,0.867815768079332,0.867815768079332,0.958273381294964,FALSE,T2_IFN_fixed32
8,0.886053200450325,0.886053200450325,0.964028776978417,FALSE,T2_IFN_fixed32
9,0.855708640737038,0.855708640737038,0.955395683453238,FALSE,T2_IFN_fixed32
10,0.970261427269584,0.970261427269584,0.99136690647482,FALSE,T2_IFN_fixed32
11,0.979569543396066,0.979569543396066,0.992805755395683,FALSE,T2_IFN_fixed32
12,0.812379461895069,0.812379461895069,0.938129496402878,FALSE,T2_IFN_fixed32
13,0.90017656839491,0.90017656839491,0.964028776978417,FALSE,T2_IFN_fixed32
14,0.968181552280569,0.968181552280569,0.98705035971223,FALSE,T2_IFN_fixed32
15,0.937296407427599,0.937296407427599,0.975539568345324,FALSE,T2_IFN_fixed32
16,0.952275348982285,0.952275348982285,0.976978417266187,FALSE,T2_IFN_fixed32
17,0.967939484142319,0.967939484142319,0.99136690647482,FALSE,T2_IFN_fixed32
18,0.868361521362686,0.868361521362686,0.955395683453238,FALSE,T2_IFN_fixed32
19,0.907784091386013,0.907784091386013,0.97410071942446,FALSE,T2_IFN_fixed32
20,0.919454742973855,0.919454742973855,0.966906474820144,FALSE,T2_IFN_fixed32
21,0.896231946972365,0.896231946972365,0.969784172661871,FALSE,T2_IFN_fixed32
22,0.918025317252508,0.918025317252508,0.976978417266187,FALSE,T2_IFN_fixed32
23,0.907762939201254,0.907762939201254,0.966906474820144,FALSE,T2_IFN_fixed32
24,0.986213775076027,0.986213775076027,0.99568345323741,FALSE,T2_IFN_fixed32
25,1,1,1,FALSE,T2_IFN_fixed32
26,0.855337402298952,0.855337402298952,0.955395683453238,FALSE,T2_IFN_fixed32
27,0.84873861411952,0.84873861411952,0.946762589928058,FALSE,T2_IFN_fixed32
28,0.872473941487971,0.872473941487971,0.959712230215827,FALSE,T2_IFN_fixed32
29,0.895792949611884,0.895792949611884,0.964028776978417,FALSE,T2_IFN_fixed32
30,0.926342481181062,0.926342481181062,0.971223021582734,FALSE,T2_IFN_fixed32
31,0.936812778075597,0.936812778075597,0.97410071942446,FALSE,T2_IFN_fixed32
32,0.868814173536544,0.868814173536544,0.956834532374101,FALSE,T2_IFN_fixed32
33,0.965187370400619,0.965187370400619,0.985611510791367,FALSE,T2_IFN_fixed32
34,0.847709093884392,0.847709093884392,0.952517985611511,FALSE,T2_IFN_fixed32
35,0.932293456412399,0.932293456412399,0.97410071942446,FALSE,T2_IFN_fixed32
36,0.962637235962123,0.962637235962123,0.989928057553957,FALSE,T2_IFN_fixed32
37,0.888649132231788,0.888649132231788,0.966906474820144,FALSE,T2_IFN_fixed32
38,0.973494528602647,0.973494528602647,0.988489208633094,FALSE,T2_IFN_fixed32
39,0.905288854754164,0.905288854754164,0.965467625899281,FALSE,T2_IFN_fixed32
40,0.875588915185031,0.875588915185031,0.961151079136691,FALSE,T2_IFN_fixed32
41,0.880249141337077,0.880249141337077,0.962589928057554,FALSE,T2_IFN_fixed32
42,0.8936639126297,0.8936639126297,0.965467625899281,FALSE,T2_IFN_fixed32
43,0.855514846846549,0.855514846846549,0.953956834532374,FALSE,T2_IFN_fixed32
44,0.884466901655183,0.884466901655183,0.962589928057554,FALSE,T2_IFN_fixed32
45,0.973494528602647,0.973494528602647,0.988489208633094,FALSE,T2_IFN_fixed32
46,0.882675782669597,0.882675782669597,0.965467625899281,FALSE,T2_IFN_fixed32
47,0.959309413446441,0.959309413446441,0.988489208633094,FALSE,T2_IFN_fixed32
48,0.910516353246731,0.910516353246731,0.965467625899281,FALSE,T2_IFN_fixed32
49,0.859612712392683,0.859612712392683,0.955395683453238,FALSE,T2_IFN_fixed32
50,0.91087076821126,0.91087076821126,0.968345323741007,FALSE,T2_IFN_fixed32
51,0.956734065023875,0.956734065023875,0.98705035971223,FALSE,T2_IFN_fixed32
52,0.849749361855373,0.849749361855373,0.949640287769784,FALSE,T2_IFN_fixed32
53,0.982131427579596,0.982131427579596,0.99136690647482,FALSE,T2_IFN_fixed32
54,0.961617567369043,0.961617567369043,0.988489208633094,FALSE,T2_IFN_fixed32
55,0.951043234745142,0.951043234745142,0.985611510791367,FALSE,T2_IFN_fixed32
56,0.986701133243013,0.986701133243013,0.994244604316547,FALSE,T2_IFN_fixed32
57,0.945911361760311,0.945911361760311,0.984172661870504,FALSE,T2_IFN_fixed32
58,0.954402726212146,0.954402726212146,0.98273381294964,FALSE,T2_IFN_fixed32
59,0.947147078198377,0.947147078198377,0.976978417266187,FALSE,T2_IFN_fixed32
60,0.983890926315372,0.983890926315372,0.99568345323741,FALSE,T2_IFN_fixed32
61,0.929305747171755,0.929305747171755,0.972661870503597,FALSE,T2_IFN_fixed32
62,0.873180900593229,0.873180900593229,0.962589928057554,FALSE,T2_IFN_fixed32
63,0.949601827811146,0.949601827811146,0.98273381294964,FALSE,T2_IFN_fixed32
64,0.946925188068005,0.946925188068005,0.985611510791367,FALSE,T2_IFN_fixed32
65,0.926095707185223,0.926095707185223,0.979856115107914,FALSE,T2_IFN_fixed32
66,0.857222629203214,0.857222629203214,0.956834532374101,FALSE,T2_IFN_fixed32
67,0.973239056135886,0.973239056135886,0.992805755395683,FALSE,T2_IFN_fixed32
68,0.928455238836477,0.928455238836477,0.971223021582734,FALSE,T2_IFN_fixed32
69,0.952111964567656,0.952111964567656,0.98705035971223,FALSE,T2_IFN_fixed32
70,0.926342481181062,0.926342481181062,0.971223021582734,FALSE,T2_IFN_fixed32
71,0.85026216238237,0.85026216238237,0.953956834532374,FALSE,T2_IFN_fixed32
72,0.960311372470732,0.960311372470732,0.984172661870504,FALSE,T2_IFN_fixed32
73,0.944141891908373,0.944141891908373,0.975539568345324,FALSE,T2_IFN_fixed32
74,0.989242177421504,0.989242177421504,0.997122302158273,FALSE,T2_IFN_fixed32
75,0.960926274083215,0.960926274083215,0.984172661870504,FALSE,T2_IFN_fixed32
76,0.968181552280569,0.968181552280569,0.98705035971223,FALSE,T2_IFN_fixed32
77,0.957366223743403,0.957366223743403,0.988489208633094,FALSE,T2_IFN_fixed32
78,0.959309413446441,0.959309413446441,0.988489208633094,FALSE,T2_IFN_fixed32
79,0.942175853282331,0.942175853282331,0.979856115107914,FALSE,T2_IFN_fixed32
80,0.972225255389382,0.972225255389382,0.99136690647482,FALSE,T2_IFN_fixed32
81,0.904569879704099,0.904569879704099,0.966906474820144,FALSE,T2_IFN_fixed32
82,0.957338223626353,0.957338223626353,0.984172661870504,FALSE,T2_IFN_fixed32
83,0.929029895666838,0.929029895666838,0.972661870503597,FALSE,T2_IFN_fixed32
84,0.929153117577889,0.929153117577889,0.972661870503597,FALSE,T2_IFN_fixed32
85,0.983251962834316,0.983251962834316,0.994244604316547,FALSE,T2_IFN_fixed32
86,0.983888007732831,0.983888007732831,0.99568345323741,FALSE,T2_IFN_fixed32
87,0.96143386111752,0.96143386111752,0.981294964028777,FALSE,T2_IFN_fixed32
88,0.969929289238422,0.969929289238422,0.99136690647482,FALSE,T2_IFN_fixed32
89,0.848391390631038,0.848391390631038,0.952517985611511,FALSE,T2_IFN_fixed32
90,0.980528865268169,0.980528865268169,0.994244604316547,FALSE,T2_IFN_fixed32
91,0.962301057049754,0.962301057049754,0.984172661870504,FALSE,T2_IFN_fixed32
92,0.850834908608212,0.850834908608212,0.949640287769784,FALSE,T2_IFN_fixed32
93,0.964239739316519,0.964239739316519,0.98273381294964,FALSE,T2_IFN_fixed32
94,0.864704443813915,0.864704443813915,0.953956834532374,FALSE,T2_IFN_fixed32
95,0.877511167864286,0.877511167864286,0.961151079136691,FALSE,T2_IFN_fixed32
96,0.941021276448359,0.941021276448359,0.976978417266187,FALSE,T2_IFN_fixed32
97,0.946766058041479,0.946766058041479,0.979856115107914,FALSE,T2_IFN_fixed32
98,0.833999007289859,0.833999007289859,0.946762589928058,FALSE,T2_IFN_fixed32
99,0.980279709594699,0.980279709594699,0.992805755395683,FALSE,T2_IFN_fixed32
100,0.9620336269478,0.9620336269478,0.984172661870504,FALSE,T2_IFN_fixed32
101,0.844295554216938,0.844295554216938,0.951079136690647,FALSE,T2_IFN_fixed32
102,0.962168780085042,0.962168780085042,0.98273381294964,FALSE,T2_IFN_fixed32
103,0.915654578813307,0.915654578813307,0.968345323741007,FALSE,T2_IFN_fixed32
104,0.919744235329654,0.919744235329654,0.971223021582734,FALSE,T2_IFN_fixed32
105,0.876372396303948,0.876372396303948,0.958273381294964,FALSE,T2_IFN_fixed32
106,0.924740356275266,0.924740356275266,0.971223021582734,FALSE,T2_IFN_fixed32
107,0.978558577350331,0.978558577350331,0.994244604316547,FALSE,T2_IFN_fixed32
108,0.961644495696634,0.961644495696634,0.988489208633094,FALSE,T2_IFN_fixed32
109,0.87058365985109,0.87058365985109,0.959712230215827,FALSE,T2_IFN_fixed32
110,0.866441159051091,0.866441159051091,0.955395683453238,FALSE,T2_IFN_fixed32
111,0.903684575273573,0.903684575273573,0.969784172661871,FALSE,T2_IFN_fixed32
112,0.976411602532925,0.976411602532925,0.989928057553957,FALSE,T2_IFN_fixed32
113,0.994613369682743,0.994613369682743,0.998561151079137,FALSE,T2_IFN_fixed32
114,0.941809554027547,0.941809554027547,0.97841726618705,FALSE,T2_IFN_fixed32
115,0.933716470040936,0.933716470040936,0.97841726618705,FALSE,T2_IFN_fixed32
116,0.967927238493238,0.967927238493238,0.99136690647482,FALSE,T2_IFN_fixed32
117,0.964850671299252,0.964850671299252,0.985611510791367,FALSE,T2_IFN_fixed32
118,0.9775423961821,0.9775423961821,0.992805755395683,FALSE,T2_IFN_fixed32
119,0.921153796035685,0.921153796035685,0.969784172661871,FALSE,T2_IFN_fixed32
120,0.851980804405823,0.851980804405823,0.955395683453238,FALSE,T2_IFN_fixed32
121,0.964607665332865,0.964607665332865,0.98705035971223,FALSE,T2_IFN_fixed32
122,0.871558381528536,0.871558381528536,0.958273381294964,FALSE,T2_IFN_fixed32
123,0.912901292523954,0.912901292523954,0.975539568345324,FALSE,T2_IFN_fixed32
124,0.945004849242416,0.945004849242416,0.976978417266187,FALSE,T2_IFN_fixed32
125,0.918045016812684,0.918045016812684,0.968345323741007,FALSE,T2_IFN_fixed32
126,0.969879001140933,0.969879001140933,0.99136690647482,FALSE,T2_IFN_fixed32
127,0.900013186183286,0.900013186183286,0.966906474820144,FALSE,T2_IFN_fixed32
128,0.980279709594699,0.980279709594699,0.992805755395683,FALSE,T2_IFN_fixed32
129,0.983888007732831,0.983888007732831,0.99568345323741,FALSE,T2_IFN_fixed32
130,0.962301057049754,0.962301057049754,0.984172661870504,FALSE,T2_IFN_fixed32
131,0.920942573651534,0.920942573651534,0.97841726618705,FALSE,T2_IFN_fixed32
132,0.865617891478163,0.865617891478163,0.958273381294964,FALSE,T2_IFN_fixed32
133,0.947184160333526,0.947184160333526,0.981294964028777,FALSE,T2_IFN_fixed32
134,0.989242177421504,0.989242177421504,0.997122302158273,FALSE,T2_IFN_fixed32
135,0.941592648975805,0.941592648975805,0.979856115107914,FALSE,T2_IFN_fixed32
136,0.943855373009047,0.943855373009047,0.981294964028777,FALSE,T2_IFN_fixed32
137,0.915609761510277,0.915609761510277,0.968345323741007,FALSE,T2_IFN_fixed32
138,0.996985587421937,0.996985587421937,0.998561151079137,FALSE,T2_IFN_fixed32
139,0.937296407427599,0.937296407427599,0.975539568345324,FALSE,T2_IFN_fixed32
140,0.980558732361703,0.980558732361703,0.994244604316547,FALSE,T2_IFN_fixed32
141,0.946982344446268,0.946982344446268,0.976978417266187,FALSE,T2_IFN_fixed32
142,0.991262445833693,0.991262445833693,0.997122302158273,FALSE,T2_IFN_fixed32
143,0.975584890188435,0.975584890188435,0.992805755395683,FALSE,T2_IFN_fixed32
144,0.970312653875427,0.970312653875427,0.98705035971223,FALSE,T2_IFN_fixed32
145,0.982903363781286,0.982903363781286,0.994244604316547,FALSE,T2_IFN_fixed32
146,0.970180084151955,0.970180084151955,0.99136690647482,FALSE,T2_IFN_fixed32
147,0.936609282288229,0.936609282288229,0.97841726618705,FALSE,T2_IFN_fixed32
148,0.902523175747649,0.902523175747649,0.972661870503597,FALSE,T2_IFN_fixed32
149,0.961956076964203,0.961956076964203,0.984172661870504,FALSE,T2_IFN_fixed32
150,0.96396235512078,0.96396235512078,0.988489208633094,FALSE,T2_IFN_fixed32
151,0.937077346669997,0.937077346669997,0.981294964028777,FALSE,T2_IFN_fixed32
152,0.911073534396848,0.911073534396848,0.966906474820144,FALSE,T2_IFN_fixed32
153,0.950792895902774,0.950792895902774,0.985611510791367,FALSE,T2_IFN_fixed32
154,0.8824810012463,0.8824810012463,0.966906474820144,FALSE,T2_IFN_fixed32
155,0.92177013731706,0.92177013731706,0.971223021582734,FALSE,T2_IFN_fixed32
156,0.892551152033908,0.892551152033908,0.969784172661871,FALSE,T2_IFN_fixed32
157,0.985247934090618,0.985247934090618,0.994244604316547,FALSE,T2_IFN_fixed32
158,0.955632426337735,0.955632426337735,0.98273381294964,FALSE,T2_IFN_fixed32
159,0.994613369682743,0.994613369682743,0.998561151079137,FALSE,T2_IFN_fixed32
160,0.926977115602633,0.926977115602633,0.972661870503597,FALSE,T2_IFN_fixed32
161,1,1,1,FALSE,T2_IFN_fixed32
162,0.871983847641783,0.871983847641783,0.958273381294964,FALSE,T2_IFN_fixed32
163,0.890681718103617,0.890681718103617,0.962589928057554,FALSE,T2_IFN_fixed32
164,0.952280592633648,0.952280592633648,0.98273381294964,FALSE,T2_IFN_fixed32
165,0.931187529242136,0.931187529242136,0.97841726618705,FALSE,T2_IFN_fixed32
166,0.86401631808063,0.86401631808063,0.961151079136691,FALSE,T2_IFN_fixed32
167,0.967943328602457,0.967943328602457,0.99136690647482,FALSE,T2_IFN_fixed32
168,0.97069998815861,0.97069998815861,0.98705035971223,FALSE,T2_IFN_fixed32
169,0.957366223743403,0.957366223743403,0.988489208633094,FALSE,T2_IFN_fixed32
170,0.885738569746337,0.885738569746337,0.958273381294964,FALSE,T2_IFN_fixed32
171,0.954717188163511,0.954717188163511,0.984172661870504,FALSE,T2_IFN_fixed32
172,0.977248305454804,0.977248305454804,0.992805755395683,FALSE,T2_IFN_fixed32
173,0.980892032760507,0.980892032760507,0.994244604316547,FALSE,T2_IFN_fixed32
174,0.879284339983564,0.879284339983564,0.959712230215827,FALSE,T2_IFN_fixed32
175,0.838897899174326,0.838897899174326,0.948201438848921,FALSE,T2_IFN_fixed32
176,0.894076843871347,0.894076843871347,0.969784172661871,FALSE,T2_IFN_fixed32
177,0.958942274929289,0.958942274929289,0.981294964028777,FALSE,T2_IFN_fixed32
178,0.994613369682743,0.994613369682743,0.998561151079137,FALSE,T2_IFN_fixed32
179,0.949601827811146,0.949601827811146,0.98273381294964,FALSE,T2_IFN_fixed32
180,0.936472163546572,0.936472163546572,0.97410071942446,FALSE,T2_IFN_fixed32
181,0.986242159287038,0.986242159287038,0.99568345323741,FALSE,T2_IFN_fixed32
182,0.952428488835392,0.952428488835392,0.98273381294964,FALSE,T2_IFN_fixed32
183,0.926818823932939,0.926818823932939,0.972661870503597,FALSE,T2_IFN_fixed32
184,0.97155581878362,0.97155581878362,0.989928057553957,FALSE,T2_IFN_fixed32
185,0.866987291264999,0.866987291264999,0.956834532374101,FALSE,T2_IFN_fixed32
186,0.92177013731706,0.92177013731706,0.971223021582734,FALSE,T2_IFN_fixed32
187,0.961670875971842,0.961670875971842,0.988489208633094,FALSE,T2_IFN_fixed32
188,0.93645435044482,0.93645435044482,0.97410071942446,FALSE,T2_IFN_fixed32
189,0.949918443987915,0.949918443987915,0.981294964028777,FALSE,T2_IFN_fixed32
190,0.953036096153834,0.953036096153834,0.979856115107914,FALSE,T2_IFN_fixed32
191,0.921783582952847,0.921783582952847,0.971223021582734,FALSE,T2_IFN_fixed32
192,0.823824913961667,0.823824913961667,0.941007194244604,FALSE,T2_IFN_fixed32
193,0.665231369585617,0.665231369585617,0.851798561151079,FALSE,T2_IFN_fixed32
194,0.975570723989749,0.975570723989749,0.992805755395683,FALSE,T2_IFN_fixed32
195,0.929971803134801,0.929971803134801,0.972661870503597,FALSE,T2_IFN_fixed32
196,0.971353568141135,0.971353568141135,0.988489208633094,FALSE,T2_IFN_fixed32
197,0.970966942887506,0.970966942887506,0.98705035971223,FALSE,T2_IFN_fixed32
198,0.892280440710349,0.892280440710349,0.969784172661871,FALSE,T2_IFN_fixed32
199,0.946977389505915,0.946977389505915,0.976978417266187,FALSE,T2_IFN_fixed32
200,0.925819965837879,0.925819965837879,0.97410071942446,FALSE,T2_IFN_fixed32
201,0.938637580294279,0.938637580294279,0.976978417266187,FALSE,T2_IFN_fixed32
202,0.978556215595553,0.978556215595553,0.994244604316547,FALSE,T2_IFN_fixed32
203,0.94398057763086,0.94398057763086,0.984172661870504,FALSE,T2_IFN_fixed32
204,0.92752417816511,0.92752417816511,0.972661870503597,FALSE,T2_IFN_fixed32
205,0.944978719095585,0.944978719095585,0.979856115107914,FALSE,T2_IFN_fixed32
206,0.948236644192615,0.948236644192615,0.981294964028777,FALSE,T2_IFN_fixed32
207,0.971016420044093,0.971016420044093,0.988489208633094,FALSE,T2_IFN_fixed32
208,0.964560442460298,0.964560442460298,0.989928057553957,FALSE,T2_IFN_fixed32
209,0.956249510085506,0.956249510085506,0.981294964028777,FALSE,T2_IFN_fixed32
210,0.917259570629785,0.917259570629785,0.972661870503597,FALSE,T2_IFN_fixed32
211,0.880510813771762,0.880510813771762,0.959712230215827,FALSE,T2_IFN_fixed32
212,0.849081088257371,0.849081088257371,0.951079136690647,FALSE,T2_IFN_fixed32
213,0.95315974633626,0.95315974633626,0.979856115107914,FALSE,T2_IFN_fixed32
214,0.966627490953015,0.966627490953015,0.989928057553957,FALSE,T2_IFN_fixed32
215,0.929153117577889,0.929153117577889,0.972661870503597,FALSE,T2_IFN_fixed32
216,0.97791128064655,0.97791128064655,0.992805755395683,FALSE,T2_IFN_fixed32
217,0.972731768420783,0.972731768420783,0.98705035971223,FALSE,T2_IFN_fixed32
218,0.935816692592896,0.935816692592896,0.975539568345324,FALSE,T2_IFN_fixed32
219,0.919820165457417,0.919820165457417,0.972661870503597,FALSE,T2_IFN_fixed32
220,0.884322241973477,0.884322241973477,0.966906474820144,FALSE,T2_IFN_fixed32
221,0.953091273409252,0.953091273409252,0.985611510791367,FALSE,T2_IFN_fixed32
222,0.861551716254274,0.861551716254274,0.955395683453238,FALSE,T2_IFN_fixed32
223,0.967927238493238,0.967927238493238,0.99136690647482,FALSE,T2_IFN_fixed32
224,0.972069595192975,0.972069595192975,0.989928057553957,FALSE,T2_IFN_fixed32
225,0.994613369682743,0.994613369682743,0.998561151079137,FALSE,T2_IFN_fixed32
226,0.967716724280014,0.967716724280014,0.985611510791367,FALSE,T2_IFN_fixed32
227,0.951859563727281,0.951859563727281,0.98273381294964,FALSE,T2_IFN_fixed32
228,0.944141891908373,0.944141891908373,0.975539568345324,FALSE,T2_IFN_fixed32
229,0.980852633053073,0.980852633053073,0.994244604316547,FALSE,T2_IFN_fixed32
230,0.85845241895066,0.85845241895066,0.956834532374101,FALSE,T2_IFN_fixed32
231,0.952262710848093,0.952262710848093,0.98273381294964,FALSE,T2_IFN_fixed32
232,0.973000916269013,0.973000916269013,0.989928057553957,FALSE,T2_IFN_fixed32
233,0.967296335470737,0.967296335470737,0.989928057553957,FALSE,T2_IFN_fixed32
234,0.960926274083215,0.960926274083215,0.984172661870504,FALSE,T2_IFN_fixed32
235,0.973231390344766,0.973231390344766,0.992805755395683,FALSE,T2_IFN_fixed32
236,0.974725368025624,0.974725368025624,0.988489208633094,FALSE,T2_IFN_fixed32
237,0.941829709354707,0.941829709354707,0.979856115107914,FALSE,T2_IFN_fixed32
238,0.973148966454477,0.973148966454477,0.98705035971223,FALSE,T2_IFN_fixed32
239,0.980897646690874,0.980897646690874,0.994244604316547,FALSE,T2_IFN_fixed32
240,0.889023193450864,0.889023193450864,0.968345323741007,FALSE,T2_IFN_fixed32
241,0.923330862935142,0.923330862935142,0.969784172661871,FALSE,T2_IFN_fixed32
242,0.935250294555171,0.935250294555171,0.975539568345324,FALSE,T2_IFN_fixed32
243,0.889930116146382,0.889930116146382,0.961151079136691,FALSE,T2_IFN_fixed32
244,0.944163985891647,0.944163985891647,0.975539568345324,FALSE,T2_IFN_fixed32
245,0.989243151823982,0.989243151823982,0.997122302158273,FALSE,T2_IFN_fixed32
246,0.950792895902774,0.950792895902774,0.985611510791367,FALSE,T2_IFN_fixed32
247,0.962637235962123,0.962637235962123,0.989928057553957,FALSE,T2_IFN_fixed32
248,0.932300344436823,0.932300344436823,0.976978417266187,FALSE,T2_IFN_fixed32
249,0.840601242069574,0.840601242069574,0.948201438848921,FALSE,T2_IFN_fixed32
250,0.836060385857575,0.836060385857575,0.949640287769784,FALSE,T2_IFN_fixed32
251,0.988267615744438,0.988267615744438,0.99568345323741,FALSE,T2_IFN_fixed32
252,0.906064703879855,0.906064703879855,0.966906474820144,FALSE,T2_IFN_fixed32
253,0.945500516633719,0.945500516633719,0.979856115107914,FALSE,T2_IFN_fixed32
254,0.92045205509859,0.92045205509859,0.968345323741007,FALSE,T2_IFN_fixed32
255,0.958047196681498,0.958047196681498,0.98705035971223,FALSE,T2_IFN_fixed32
256,0.948076340120481,0.948076340120481,0.981294964028777,FALSE,T2_IFN_fixed32
257,0.871083402243643,0.871083402243643,0.959712230215827,FALSE,T2_IFN_fixed32
258,0.890387259673767,0.890387259673767,0.969784172661871,FALSE,T2_IFN_fixed32
259,0.932544655778486,0.932544655778486,0.97410071942446,FALSE,T2_IFN_fixed32
260,0.982900101071782,0.982900101071782,0.994244604316547,FALSE,T2_IFN_fixed32
261,0.979944757789844,0.979944757789844,0.992805755395683,FALSE,T2_IFN_fixed32
262,0.857034492180225,0.857034492180225,0.953956834532374,FALSE,T2_IFN_fixed32
263,0.924898689059055,0.924898689059055,0.969784172661871,FALSE,T2_IFN_fixed32
264,0.986213775076027,0.986213775076027,0.99568345323741,FALSE,T2_IFN_fixed32
265,0.956937975925072,0.956937975925072,0.98273381294964,FALSE,T2_IFN_fixed32
266,0.890115767199057,0.890115767199057,0.966906474820144,FALSE,T2_IFN_fixed32
267,0.861927674611324,0.861927674611324,0.955395683453238,FALSE,T2_IFN_fixed32
268,0.931277391191665,0.931277391191665,0.981294964028777,FALSE,T2_IFN_fixed32
269,0.966908786974088,0.966908786974088,0.989928057553957,FALSE,T2_IFN_fixed32
270,0.9722228177613,0.9722228177613,0.99136690647482,FALSE,T2_IFN_fixed32
271,0.996653223205318,0.996653223205318,0.998561151079137,FALSE,T2_IFN_fixed32
272,0.873393376207367,0.873393376207367,0.961151079136691,FALSE,T2_IFN_fixed32
273,0.889076913045578,0.889076913045578,0.968345323741007,FALSE,T2_IFN_fixed32
274,0.858906391269634,0.858906391269634,0.955395683453238,FALSE,T2_IFN_fixed32
275,0.932049185384872,0.932049185384872,0.97410071942446,FALSE,T2_IFN_fixed32
276,0.941829709354707,0.941829709354707,0.979856115107914,FALSE,T2_IFN_fixed32
277,0.974287410864991,0.974287410864991,0.99136690647482,FALSE,T2_IFN_fixed32
278,0.887570099351238,0.887570099351238,0.964028776978417,FALSE,T2_IFN_fixed32
279,0.866540298826853,0.866540298826853,0.956834532374101,FALSE,T2_IFN_fixed32
280,0.933459504761784,0.933459504761784,0.975539568345324,FALSE,T2_IFN_fixed32
281,0.799483461251108,0.799483461251108,0.932374100719425,FALSE,T2_IFN_fixed32
282,0.902396789758204,0.902396789758204,0.964028776978417,FALSE,T2_IFN_fixed32
283,0.927656378003289,0.927656378003289,0.976978417266187,FALSE,T2_IFN_fixed32
284,0.973239056135886,0.973239056135886,0.992805755395683,FALSE,T2_IFN_fixed32
285,0.937352282018647,0.937352282018647,0.976978417266187,FALSE,T2_IFN_fixed32
286,0.850098260865133,0.850098260865133,0.952517985611511,FALSE,T2_IFN_fixed32
287,0.994613369682743,0.994613369682743,0.998561151079137,FALSE,T2_IFN_fixed32
288,0.934097427334196,0.934097427334196,0.979856115107914,FALSE,T2_IFN_fixed32
289,0.962328490097361,0.962328490097361,0.985611510791367,FALSE,T2_IFN_fixed32
290,0.894410571346774,0.894410571346774,0.968345323741007,FALSE,T2_IFN_fixed32
291,1,1,1,FALSE,T2_IFN_fixed32
292,0.980558732361703,0.980558732361703,0.994244604316547,FALSE,T2_IFN_fixed32
293,0.907452940825671,0.907452940825671,0.97410071942446,FALSE,T2_IFN_fixed32
294,0.94773554037799,0.94773554037799,0.98273381294964,FALSE,T2_IFN_fixed32
295,0.974032517872277,0.974032517872277,0.989928057553957,FALSE,T2_IFN_fixed32
296,1,1,1,FALSE,T2_IFN_fixed32
297,0.884851395093893,0.884851395093893,0.959712230215827,FALSE,T2_IFN_fixed32
298,0.962043509133057,0.962043509133057,0.984172661870504,FALSE,T2_IFN_fixed32
299,0.908608570526511,0.908608570526511,0.972661870503597,FALSE,T2_IFN_fixed32
300,0.888114942286737,0.888114942286737,0.965467625899281,FALSE,T2_IFN_fixed32
301,0.89751826843476,0.89751826843476,0.962589928057554,FALSE,T2_IFN_fixed32
302,0.940086482187316,0.940086482187316,0.976978417266187,FALSE,T2_IFN_fixed32
303,0.849861044941443,0.849861044941443,0.952517985611511,FALSE,T2_IFN_fixed32
304,0.929029895666838,0.929029895666838,0.972661870503597,FALSE,T2_IFN_fixed32
305,0.903430624857844,0.903430624857844,0.965467625899281,FALSE,T2_IFN_fixed32
306,0.893908372626995,0.893908372626995,0.964028776978417,FALSE,T2_IFN_fixed32
307,0.875281303988333,0.875281303988333,0.961151079136691,FALSE,T2_IFN_fixed32
308,0.938379952963133,0.938379952963133,0.98273381294964,FALSE,T2_IFN_fixed32
309,0.840533316068271,0.840533316068271,0.948201438848921,FALSE,T2_IFN_fixed32
310,0.870270249760739,0.870270249760739,0.956834532374101,FALSE,T2_IFN_fixed32
311,0.885284706019975,0.885284706019975,0.964028776978417,FALSE,T2_IFN_fixed32
312,0.873223448274355,0.873223448274355,0.959712230215827,FALSE,T2_IFN_fixed32
313,0.944485373030273,0.944485373030273,0.97841726618705,FALSE,T2_IFN_fixed32
314,0.983892621762802,0.983892621762802,0.99568345323741,FALSE,T2_IFN_fixed32
315,0.968092492591697,0.968092492591697,0.98705035971223,FALSE,T2_IFN_fixed32
316,0.923389476315327,0.923389476315327,0.969784172661871,FALSE,T2_IFN_fixed32
317,0.893651914916452,0.893651914916452,0.964028776978417,FALSE,T2_IFN_fixed32
318,0.915806416848396,0.915806416848396,0.976978417266187,FALSE,T2_IFN_fixed32
319,0.980908771232523,0.980908771232523,0.994244604316547,FALSE,T2_IFN_fixed32
320,0.941668149972804,0.941668149972804,0.984172661870504,FALSE,T2_IFN_fixed32
321,0.948525224516994,0.948525224516994,0.984172661870504,FALSE,T2_IFN_fixed32
322,0.941663722355252,0.941663722355252,0.984172661870504,FALSE,T2_IFN_fixed32
323,0.947809818261283,0.947809818261283,0.984172661870504,FALSE,T2_IFN_fixed32
324,0.970596234644567,0.970596234644567,0.98705035971223,FALSE,T2_IFN_fixed32
325,0.946977389505915,0.946977389505915,0.976978417266187,FALSE,T2_IFN_fixed32
326,0.862401237084846,0.862401237084846,0.955395683453238,FALSE,T2_IFN_fixed32
327,0.936748384892564,0.936748384892564,0.97841726618705,FALSE,T2_IFN_fixed32
328,0.955431800405906,0.955431800405906,0.979856115107914,FALSE,T2_IFN_fixed32
329,0.926932565026387,0.926932565026387,0.972661870503597,FALSE,T2_IFN_fixed32
330,0.954797114459975,0.954797114459975,0.984172661870504,FALSE,T2_IFN_fixed32
331,0.832959227160172,0.832959227160172,0.946762589928058,FALSE,T2_IFN_fixed32
332,0.831186080388004,0.831186080388004,0.942446043165468,FALSE,T2_IFN_fixed32
333,0.923868908693071,0.923868908693071,0.969784172661871,FALSE,T2_IFN_fixed32
334,0.912679903830024,0.912679903830024,0.975539568345324,FALSE,T2_IFN_fixed32
335,0.941707508441811,0.941707508441811,0.975539568345324,FALSE,T2_IFN_fixed32
336,0.947937410383434,0.947937410383434,0.976978417266187,FALSE,T2_IFN_fixed32
337,0.950792895902774,0.950792895902774,0.985611510791367,FALSE,T2_IFN_fixed32
338,0.962878025711113,0.962878025711113,0.985611510791367,FALSE,T2_IFN_fixed32
339,0.961896888500279,0.961896888500279,0.98273381294964,FALSE,T2_IFN_fixed32
340,0.870487113644283,0.870487113644283,0.956834532374101,FALSE,T2_IFN_fixed32
341,0.938711365465558,0.938711365465558,0.976978417266187,FALSE,T2_IFN_fixed32
342,0.945156774529582,0.945156774529582,0.976978417266187,FALSE,T2_IFN_fixed32
343,0.849923330884229,0.849923330884229,0.955395683453238,FALSE,T2_IFN_fixed32
344,0.983892621762802,0.983892621762802,0.99568345323741,FALSE,T2_IFN_fixed32
345,0.923838583193513,0.923838583193513,0.971223021582734,FALSE,T2_IFN_fixed32
346,0.945156774529582,0.945156774529582,0.976978417266187,FALSE,T2_IFN_fixed32
347,0.836396857502418,0.836396857502418,0.946762589928058,FALSE,T2_IFN_fixed32
348,0.855426499538788,0.855426499538788,0.951079136690647,FALSE,T2_IFN_fixed32
349,0.837091958993705,0.837091958993705,0.949640287769784,FALSE,T2_IFN_fixed32
350,0.983251962834316,0.983251962834316,0.994244604316547,FALSE,T2_IFN_fixed32
351,0.865606017846475,0.865606017846475,0.958273381294964,FALSE,T2_IFN_fixed32
352,0.876922570755362,0.876922570755362,0.956834532374101,FALSE,T2_IFN_fixed32
353,0.988610296556844,0.988610296556844,0.99568345323741,FALSE,T2_IFN_fixed32
354,0.962653239733943,0.962653239733943,0.989928057553957,FALSE,T2_IFN_fixed32
355,0.865598100926257,0.865598100926257,0.958273381294964,FALSE,T2_IFN_fixed32
356,0.946977389505915,0.946977389505915,0.976978417266187,FALSE,T2_IFN_fixed32
357,0.875588915185031,0.875588915185031,0.961151079136691,FALSE,T2_IFN_fixed32
358,0.929029895666838,0.929029895666838,0.972661870503597,FALSE,T2_IFN_fixed32
359,0.898281248960825,0.898281248960825,0.965467625899281,FALSE,T2_IFN_fixed32
360,0.808465834570339,0.808465834570339,0.935251798561151,FALSE,T2_IFN_fixed32
361,1,1,1,FALSE,T2_IFN_fixed32
362,0.920822110308804,0.920822110308804,0.969784172661871,FALSE,T2_IFN_fixed32
363,0.952262710848093,0.952262710848093,0.98273381294964,FALSE,T2_IFN_fixed32
364,0.91677060199724,0.91677060199724,0.971223021582734,FALSE,T2_IFN_fixed32
365,0.941841525220568,0.941841525220568,0.975539568345324,FALSE,T2_IFN_fixed32
366,0.923228965923061,0.923228965923061,0.969784172661871,FALSE,T2_IFN_fixed32
367,0.915804561055768,0.915804561055768,0.976978417266187,FALSE,T2_IFN_fixed32
368,0.938711790613261,0.938711790613261,0.98273381294964,FALSE,T2_IFN_fixed32
369,0.988268735088133,0.988268735088133,0.99568345323741,FALSE,T2_IFN_fixed32
370,0.95642909552066,0.95642909552066,0.981294964028777,FALSE,T2_IFN_fixed32
371,0.930027113515806,0.930027113515806,0.97410071942446,FALSE,T2_IFN_fixed32
372,0.852975833415604,0.852975833415604,0.955395683453238,FALSE,T2_IFN_fixed32
373,0.895220239278104,0.895220239278104,0.968345323741007,FALSE,T2_IFN_fixed32
374,0.909429142753026,0.909429142753026,0.969784172661871,FALSE,T2_IFN_fixed32
375,0.920795621652237,0.920795621652237,0.969784172661871,FALSE,T2_IFN_fixed32
376,0.861227454570171,0.861227454570171,0.958273381294964,FALSE,T2_IFN_fixed32
377,0.857508280130605,0.857508280130605,0.955395683453238,FALSE,T2_IFN_fixed32
378,0.96992590238238,0.96992590238238,0.99136690647482,FALSE,T2_IFN_fixed32
379,0.863425142582485,0.863425142582485,0.955395683453238,FALSE,T2_IFN_fixed32
380,0.900247142262638,0.900247142262638,0.964028776978417,FALSE,T2_IFN_fixed32
381,0.930606476805268,0.930606476805268,0.979856115107914,FALSE,T2_IFN_fixed32
382,0.989244231361119,0.989244231361119,0.997122302158273,FALSE,T2_IFN_fixed32
383,0.942933171147208,0.942933171147208,0.976978417266187,FALSE,T2_IFN_fixed32
384,0.979565738309568,0.979565738309568,0.992805755395683,FALSE,T2_IFN_fixed32
385,0.922763299329029,0.922763299329029,0.97841726618705,FALSE,T2_IFN_fixed32
386,0.908751182546527,0.908751182546527,0.969784172661871,FALSE,T2_IFN_fixed32
387,0.869827203529054,0.869827203529054,0.961151079136691,FALSE,T2_IFN_fixed32
388,0.971454787916222,0.971454787916222,0.988489208633094,FALSE,T2_IFN_fixed32
389,0.855708640737038,0.855708640737038,0.955395683453238,FALSE,T2_IFN_fixed32
390,0.876842855242044,0.876842855242044,0.962589928057554,FALSE,T2_IFN_fixed32
391,0.956838151813845,0.956838151813845,0.98273381294964,FALSE,T2_IFN_fixed32
392,0.930418055486713,0.930418055486713,0.975539568345324,FALSE,T2_IFN_fixed32
393,0.984918004993399,0.984918004993399,0.994244604316547,FALSE,T2_IFN_fixed32
394,0.924471106599355,0.924471106599355,0.971223021582734,FALSE,T2_IFN_fixed32
395,0.973564248203369,0.973564248203369,0.989928057553957,FALSE,T2_IFN_fixed32
396,0.8846478853687,0.8846478853687,0.966906474820144,FALSE,T2_IFN_fixed32
397,0.973229358501684,0.973229358501684,0.992805755395683,FALSE,T2_IFN_fixed32
398,0.922409566405208,0.922409566405208,0.97410071942446,FALSE,T2_IFN_fixed32
399,0.926957455202765,0.926957455202765,0.972661870503597,FALSE,T2_IFN_fixed32
400,0.935793304630451,0.935793304630451,0.975539568345324,FALSE,T2_IFN_fixed32
401,0.919624615305287,0.919624615305287,0.969784172661871,FALSE,T2_IFN_fixed32
402,0.962543425434579,0.962543425434579,0.984172661870504,FALSE,T2_IFN_fixed32
403,0.966624002349291,0.966624002349291,0.985611510791367,FALSE,T2_IFN_fixed32
404,0.966908786974088,0.966908786974088,0.989928057553957,FALSE,T2_IFN_fixed32
405,0.906584599516892,0.906584599516892,0.971223021582734,FALSE,T2_IFN_fixed32
406,0.927997748813717,0.927997748813717,0.979856115107914,FALSE,T2_IFN_fixed32
407,0.956739773825241,0.956739773825241,0.981294964028777,FALSE,T2_IFN_fixed32
408,0.960108951298766,0.960108951298766,0.984172661870504,FALSE,T2_IFN_fixed32
409,0.977572791380023,0.977572791380023,0.989928057553957,FALSE,T2_IFN_fixed32
410,0.933186788944839,0.933186788944839,0.981294964028777,FALSE,T2_IFN_fixed32
411,0.978556215595553,0.978556215595553,0.994244604316547,FALSE,T2_IFN_fixed32
412,0.931023271076716,0.931023271076716,0.975539568345324,FALSE,T2_IFN_fixed32
413,0.951509455695228,0.951509455695228,0.98273381294964,FALSE,T2_IFN_fixed32
414,0.862552096892816,0.862552096892816,0.955395683453238,FALSE,T2_IFN_fixed32
415,0.97791128064655,0.97791128064655,0.992805755395683,FALSE,T2_IFN_fixed32
416,0.866117224734337,0.866117224734337,0.961151079136691,FALSE,T2_IFN_fixed32
417,0.909274724693797,0.909274724693797,0.968345323741007,FALSE,T2_IFN_fixed32
418,0.876081287975073,0.876081287975073,0.961151079136691,FALSE,T2_IFN_fixed32
419,0.858677462739099,0.858677462739099,0.953956834532374,FALSE,T2_IFN_fixed32
420,0.95845309328687,0.95845309328687,0.981294964028777,FALSE,T2_IFN_fixed32
421,0.935171766928681,0.935171766928681,0.97410071942446,FALSE,T2_IFN_fixed32
422,0.924287492359463,0.924287492359463,0.97410071942446,FALSE,T2_IFN_fixed32
423,0.965279134270403,0.965279134270403,0.985611510791367,FALSE,T2_IFN_fixed32
424,0.941419627677627,0.941419627677627,0.979856115107914,FALSE,T2_IFN_fixed32
425,0.83253769883525,0.83253769883525,0.942446043165468,FALSE,T2_IFN_fixed32
426,0.950792895902774,0.950792895902774,0.985611510791367,FALSE,T2_IFN_fixed32
427,0.956146592412883,0.956146592412883,0.979856115107914,FALSE,T2_IFN_fixed32
428,0.978031991056096,0.978031991056096,0.989928057553957,FALSE,T2_IFN_fixed32
429,0.98826181469804,0.98826181469804,0.99568345323741,FALSE,T2_IFN_fixed32
430,0.965187370400619,0.965187370400619,0.985611510791367,FALSE,T2_IFN_fixed32
431,0.92045205509859,0.92045205509859,0.968345323741007,FALSE,T2_IFN_fixed32
432,0.920840019061649,0.920840019061649,0.969784172661871,FALSE,T2_IFN_fixed32
433,0.919601444676879,0.919601444676879,0.976978417266187,FALSE,T2_IFN_fixed32
434,0.882851139461788,0.882851139461788,0.964028776978417,FALSE,T2_IFN_fixed32
435,0.937296407427599,0.937296407427599,0.975539568345324,FALSE,T2_IFN_fixed32
436,0.94972598431845,0.94972598431845,0.979856115107914,FALSE,T2_IFN_fixed32
437,0.953197727275735,0.953197727275735,0.97841726618705,FALSE,T2_IFN_fixed32
438,0.886589944685185,0.886589944685185,0.962589928057554,FALSE,T2_IFN_fixed32
439,0.926342481181062,0.926342481181062,0.971223021582734,FALSE,T2_IFN_fixed32
440,0.95659417066867,0.95659417066867,0.981294964028777,FALSE,T2_IFN_fixed32
441,0.933673773129629,0.933673773129629,0.972661870503597,FALSE,T2_IFN_fixed32
442,0.898585244275889,0.898585244275889,0.968345323741007,FALSE,T2_IFN_fixed32
443,0.874763193179264,0.874763193179264,0.956834532374101,FALSE,T2_IFN_fixed32
444,0.989244231361119,0.989244231361119,0.997122302158273,FALSE,T2_IFN_fixed32
445,0.86202771403409,0.86202771403409,0.955395683453238,FALSE,T2_IFN_fixed32
446,0.983251962834316,0.983251962834316,0.994244604316547,FALSE,T2_IFN_fixed32
447,0.949862238666923,0.949862238666923,0.97841726618705,FALSE,T2_IFN_fixed32
448,0.958942274929289,0.958942274929289,0.981294964028777,FALSE,T2_IFN_fixed32
449,0.949435592342348,0.949435592342348,0.976978417266187,FALSE,T2_IFN_fixed32
450,0.903367131282828,0.903367131282828,0.965467625899281,FALSE,T2_IFN_fixed32
451,0.96143386111752,0.96143386111752,0.981294964028777,FALSE,T2_IFN_fixed32
452,0.933673773129629,0.933673773129629,0.972661870503597,FALSE,T2_IFN_fixed32
453,0.955991544321823,0.955991544321823,0.979856115107914,FALSE,T2_IFN_fixed32
454,0.870228958137779,0.870228958137779,0.959712230215827,FALSE,T2_IFN_fixed32
455,0.988268735088133,0.988268735088133,0.99568345323741,FALSE,T2_IFN_fixed32
456,0.966627490953015,0.966627490953015,0.989928057553957,FALSE,T2_IFN_fixed32
457,0.865617891478163,0.865617891478163,0.958273381294964,FALSE,T2_IFN_fixed32
458,0.947841272125891,0.947841272125891,0.97841726618705,FALSE,T2_IFN_fixed32
459,0.907762939201254,0.907762939201254,0.966906474820144,FALSE,T2_IFN_fixed32
460,0.988609152667548,0.988609152667548,0.99568345323741,FALSE,T2_IFN_fixed32
461,0.873074852456767,0.873074852456767,0.953956834532374,FALSE,T2_IFN_fixed32
462,0.87304521929432,0.87304521929432,0.959712230215827,FALSE,T2_IFN_fixed32
463,0.89745181917645,0.89745181917645,0.971223021582734,FALSE,T2_IFN_fixed32
464,0.952280592633648,0.952280592633648,0.98273381294964,FALSE,T2_IFN_fixed32
465,0.957366223743403,0.957366223743403,0.988489208633094,FALSE,T2_IFN_fixed32
466,0.983888007732831,0.983888007732831,0.99568345323741,FALSE,T2_IFN_fixed32
467,0.971016420044093,0.971016420044093,0.988489208633094,FALSE,T2_IFN_fixed32
468,0.899147452850288,0.899147452850288,0.971223021582734,FALSE,T2_IFN_fixed32
469,0.97324213432028,0.97324213432028,0.992805755395683,FALSE,T2_IFN_fixed32
470,0.836534868650301,0.836534868650301,0.946762589928058,FALSE,T2_IFN_fixed32
471,0.975202568044372,0.975202568044372,0.992805755395683,FALSE,T2_IFN_fixed32
472,0.935171766928681,0.935171766928681,0.97410071942446,FALSE,T2_IFN_fixed32
473,0.988610296556844,0.988610296556844,0.99568345323741,FALSE,T2_IFN_fixed32
474,0.851971841124025,0.851971841124025,0.951079136690647,FALSE,T2_IFN_fixed32
475,0.858726791507583,0.858726791507583,0.953956834532374,FALSE,T2_IFN_fixed32
476,0.968921969331942,0.968921969331942,0.989928057553957,FALSE,T2_IFN_fixed32
477,0.923687838941723,0.923687838941723,0.971223021582734,FALSE,T2_IFN_fixed32
478,0.957591036988264,0.957591036988264,0.984172661870504,FALSE,T2_IFN_fixed32
479,0.953229327360228,0.953229327360228,0.984172661870504,FALSE,T2_IFN_fixed32
480,0.876803421163752,0.876803421163752,0.964028776978417,FALSE,T2_IFN_fixed32
481,0.937910494525266,0.937910494525266,0.976978417266187,FALSE,T2_IFN_fixed32
482,0.890402558822229,0.890402558822229,0.969784172661871,FALSE,T2_IFN_fixed32
483,0.897215559426144,0.897215559426144,0.971223021582734,FALSE,T2_IFN_fixed32
484,0.94069423623713,0.94069423623713,0.97841726618705,FALSE,T2_IFN_fixed32
485,0.875603570716233,0.875603570716233,0.961151079136691,FALSE,T2_IFN_fixed32
486,0.949481475808264,0.949481475808264,0.981294964028777,FALSE,T2_IFN_fixed32
487,0.996983808488855,0.996983808488855,0.998561151079137,FALSE,T2_IFN_fixed32
488,0.889023193450864,0.889023193450864,0.968345323741007,FALSE,T2_IFN_fixed32
489,0.929311035141088,0.929311035141088,0.972661870503597,FALSE,T2_IFN_fixed32
490,0.954049137737565,0.954049137737565,0.981294964028777,FALSE,T2_IFN_fixed32
491,0.902488528223271,0.902488528223271,0.965467625899281,FALSE,T2_IFN_fixed32
492,0.948870682390738,0.948870682390738,0.97841726618705,FALSE,T2_IFN_fixed32
493,0.873479618144074,0.873479618144074,0.956834532374101,FALSE,T2_IFN_fixed32
494,0.96727960471518,0.96727960471518,0.989928057553957,FALSE,T2_IFN_fixed32
495,0.941152463924486,0.941152463924486,0.976978417266187,FALSE,T2_IFN_fixed32
496,0.944141891908373,0.944141891908373,0.975539568345324,FALSE,T2_IFN_fixed32
497,0.872392052487883,0.872392052487883,0.959712230215827,FALSE,T2_IFN_fixed32
498,0.940382151568939,0.940382151568939,0.98273381294964,FALSE,T2_IFN_fixed32
499,0.887507186685954,0.887507186685954,0.968345323741007,FALSE,T2_IFN_fixed32
500,0.965187370400619,0.965187370400619,0.985611510791367,FALSE,T2_IFN_fixed32
501,0.902490765314311,0.902490765314311,0.964028776978417,FALSE,T2_IFN_fixed32
502,0.931243662848255,0.931243662848255,0.972661870503597,FALSE,T2_IFN_fixed32
503,0.880567375191982,0.880567375191982,0.962589928057554,FALSE,T2_IFN_fixed32
504,0.870228958137779,0.870228958137779,0.959712230215827,FALSE,T2_IFN_fixed32
505,0.97069998815861,0.97069998815861,0.98705035971223,FALSE,T2_IFN_fixed32
506,0.883426161761328,0.883426161761328,0.964028776978417,FALSE,T2_IFN_fixed32
507,0.875588915185031,0.875588915185031,0.961151079136691,FALSE,T2_IFN_fixed32
508,0.972265687338217,0.972265687338217,0.99136690647482,FALSE,T2_IFN_fixed32
509,0.854710706343001,0.854710706343001,0.951079136690647,FALSE,T2_IFN_fixed32
510,0.885587660157303,0.885587660157303,0.961151079136691,FALSE,T2_IFN_fixed32
511,0.980573955788947,0.980573955788947,0.994244604316547,FALSE,T2_IFN_fixed32
512,0.976481250956642,0.976481250956642,0.989928057553957,FALSE,T2_IFN_fixed32
513,0.986240744342416,0.986240744342416,0.99568345323741,FALSE,T2_IFN_fixed32
514,0.948751217197385,0.948751217197385,0.985611510791367,FALSE,T2_IFN_fixed32
515,0.976411602532925,0.976411602532925,0.989928057553957,FALSE,T2_IFN_fixed32
516,0.857569686460306,0.857569686460306,0.953956834532374,FALSE,T2_IFN_fixed32
517,0.903724569025878,0.903724569025878,0.968345323741007,FALSE,T2_IFN_fixed32
518,0.937385338347804,0.937385338347804,0.975539568345324,FALSE,T2_IFN_fixed32
519,0.975919399574635,0.975919399574635,0.989928057553957,FALSE,T2_IFN_fixed32
520,0.858459017210635,0.858459017210635,0.956834532374101,FALSE,T2_IFN_fixed32
521,0.881453405051927,0.881453405051927,0.961151079136691,FALSE,T2_IFN_fixed32
522,0.920475879855469,0.920475879855469,0.97410071942446,FALSE,T2_IFN_fixed32
523,0.989242177421504,0.989242177421504,0.997122302158273,FALSE,T2_IFN_fixed32
524,0.96143386111752,0.96143386111752,0.981294964028777,FALSE,T2_IFN_fixed32
525,0.950565835016757,0.950565835016757,0.97841726618705,FALSE,T2_IFN_fixed32
526,0.929153117577889,0.929153117577889,0.972661870503597,FALSE,T2_IFN_fixed32
527,0.884399897621486,0.884399897621486,0.966906474820144,FALSE,T2_IFN_fixed32
528,0.920953608055921,0.920953608055921,0.97841726618705,FALSE,T2_IFN_fixed32
529,0.904777785529054,0.904777785529054,0.968345323741007,FALSE,T2_IFN_fixed32
530,0.961024622003279,0.961024622003279,0.98705035971223,FALSE,T2_IFN_fixed32
531,0.917924659022948,0.917924659022948,0.968345323741007,FALSE,T2_IFN_fixed32
532,0.886377698421535,0.886377698421535,0.964028776978417,FALSE,T2_IFN_fixed32
533,0.880298238403177,0.880298238403177,0.962589928057554,FALSE,T2_IFN_fixed32
534,0.875588915185031,0.875588915185031,0.961151079136691,FALSE,T2_IFN_fixed32
535,0.884027798071691,0.884027798071691,0.964028776978417,FALSE,T2_IFN_fixed32
536,0.986213775076027,0.986213775076027,0.99568345323741,FALSE,T2_IFN_fixed32
537,0.857580886276859,0.857580886276859,0.953956834532374,FALSE,T2_IFN_fixed32
538,0.994613369682743,0.994613369682743,0.998561151079137,FALSE,T2_IFN_fixed32
539,0.990997035305653,0.990997035305653,0.99568345323741,FALSE,T2_IFN_fixed32
540,0.976021659292327,0.976021659292327,0.988489208633094,FALSE,T2_IFN_fixed32
541,0.986213775076027,0.986213775076027,0.99568345323741,FALSE,T2_IFN_fixed32
542,0.959363622739797,0.959363622739797,0.988489208633094,FALSE,T2_IFN_fixed32
543,0.928002939363643,0.928002939363643,0.979856115107914,FALSE,T2_IFN_fixed32
544,0.958522930089327,0.958522930089327,0.985611510791367,FALSE,T2_IFN_fixed32
545,0.950721044761276,0.950721044761276,0.97841726618705,FALSE,T2_IFN_fixed32
546,0.976014808072293,0.976014808072293,0.989928057553957,FALSE,T2_IFN_fixed32
547,0.983251962834316,0.983251962834316,0.994244604316547,FALSE,T2_IFN_fixed32
548,0.8652109077955,0.8652109077955,0.958273381294964,FALSE,T2_IFN_fixed32
549,0.888833300813907,0.888833300813907,0.962589928057554,FALSE,T2_IFN_fixed32
550,0.903684575273573,0.903684575273573,0.969784172661871,FALSE,T2_IFN_fixed32
551,0.921808350317724,0.921808350317724,0.976978417266187,FALSE,T2_IFN_fixed32
552,0.893035577218015,0.893035577218015,0.968345323741007,FALSE,T2_IFN_fixed32
553,0.881617549622252,0.881617549622252,0.964028776978417,FALSE,T2_IFN_fixed32
554,0.916457495010045,0.916457495010045,0.969784172661871,FALSE,T2_IFN_fixed32
555,0.950565835016757,0.950565835016757,0.97841726618705,FALSE,T2_IFN_fixed32
556,0.918208119516324,0.918208119516324,0.968345323741007,FALSE,T2_IFN_fixed32
557,0.994612855385428,0.994612855385428,0.998561151079137,FALSE,T2_IFN_fixed32
558,0.842107469292042,0.842107469292042,0.945323741007194,FALSE,T2_IFN_fixed32
559,0.856205650704499,0.856205650704499,0.958273381294964,FALSE,T2_IFN_fixed32
560,0.954419488682579,0.954419488682579,0.98273381294964,FALSE,T2_IFN_fixed32
561,0.883401848366378,0.883401848366378,0.964028776978417,FALSE,T2_IFN_fixed32
562,0.954553408539116,0.954553408539116,0.98273381294964,FALSE,T2_IFN_fixed32
563,0.941500575776229,0.941500575776229,0.97841726618705,FALSE,T2_IFN_fixed32
564,0.903689537502412,0.903689537502412,0.969784172661871,FALSE,T2_IFN_fixed32
565,0.959190926769109,0.959190926769109,0.981294964028777,FALSE,T2_IFN_fixed32
566,0.944833664815823,0.944833664815823,0.976978417266187,FALSE,T2_IFN_fixed32
567,0.994612855385428,0.994612855385428,0.998561151079137,FALSE,T2_IFN_fixed32
568,0.949134487711355,0.949134487711355,0.981294964028777,FALSE,T2_IFN_fixed32
569,0.949523424310205,0.949523424310205,0.984172661870504,FALSE,T2_IFN_fixed32
570,0.918362634075234,0.918362634075234,0.969784172661871,FALSE,T2_IFN_fixed32
571,0.989242177421504,0.989242177421504,0.997122302158273,FALSE,T2_IFN_fixed32
572,0.871842562722915,0.871842562722915,0.955395683453238,FALSE,T2_IFN_fixed32
573,0.912923543095621,0.912923543095621,0.972661870503597,FALSE,T2_IFN_fixed32
574,0.919672414569161,0.919672414569161,0.971223021582734,FALSE,T2_IFN_fixed32
575,0.985291830159134,0.985291830159134,0.994244604316547,FALSE,T2_IFN_fixed32
576,0.988268735088133,0.988268735088133,0.99568345323741,FALSE,T2_IFN_fixed32
577,0.964589940391672,0.964589940391672,0.984172661870504,FALSE,T2_IFN_fixed32
578,0.916892787305696,0.916892787305696,0.975539568345324,FALSE,T2_IFN_fixed32
579,0.994613369682743,0.994613369682743,0.998561151079137,FALSE,T2_IFN_fixed32
580,0.862469406540991,0.862469406540991,0.956834532374101,FALSE,T2_IFN_fixed32
581,0.941331942750847,0.941331942750847,0.979856115107914,FALSE,T2_IFN_fixed32
582,0.991604225425768,0.991604225425768,0.997122302158273,FALSE,T2_IFN_fixed32
583,0.946977389505915,0.946977389505915,0.976978417266187,FALSE,T2_IFN_fixed32
584,0.974386613512906,0.974386613512906,0.989928057553957,FALSE,T2_IFN_fixed32
585,0.878375024291369,0.878375024291369,0.962589928057554,FALSE,T2_IFN_fixed32
586,0.910874129643031,0.910874129643031,0.966906474820144,FALSE,T2_IFN_fixed32
587,0.915766984642788,0.915766984642788,0.968345323741007,FALSE,T2_IFN_fixed32
588,0.947125391497552,0.947125391497552,0.976978417266187,FALSE,T2_IFN_fixed32
589,0.904590422254713,0.904590422254713,0.972661870503597,FALSE,T2_IFN_fixed32
590,0.955059489679373,0.955059489679373,0.985611510791367,FALSE,T2_IFN_fixed32
591,0.988268735088133,0.988268735088133,0.99568345323741,FALSE,T2_IFN_fixed32
592,0.896424750973647,0.896424750973647,0.969784172661871,FALSE,T2_IFN_fixed32
593,0.947862371976609,0.947862371976609,0.97841726618705,FALSE,T2_IFN_fixed32
594,0.962662195859094,0.962662195859094,0.989928057553957,FALSE,T2_IFN_fixed32
595,0.924789407550944,0.924789407550944,0.971223021582734,FALSE,T2_IFN_fixed32
596,0.923999765604903,0.923999765604903,0.971223021582734,FALSE,T2_IFN_fixed32
597,0.912906350768137,0.912906350768137,0.966906474820144,FALSE,T2_IFN_fixed32
598,0.994613369682743,0.994613369682743,0.998561151079137,FALSE,T2_IFN_fixed32
599,0.86839082420737,0.86839082420737,0.959712230215827,FALSE,T2_IFN_fixed32
600,0.994613369682743,0.994613369682743,0.998561151079137,FALSE,T2_IFN_fixed32
601,0.910491250761254,0.910491250761254,0.966906474820144,FALSE,T2_IFN_fixed32
602,0.864704443813915,0.864704443813915,0.953956834532374,FALSE,T2_IFN_fixed32
603,0.924155640214206,0.924155640214206,0.971223021582734,FALSE,T2_IFN_fixed32
604,0.955121626355071,0.955121626355071,0.984172661870504,FALSE,T2_IFN_fixed32
605,0.93529160499477,0.93529160499477,0.975539568345324,FALSE,T2_IFN_fixed32
606,0.966141205990605,0.966141205990605,0.98705035971223,FALSE,T2_IFN_fixed32
607,0.951519612890192,0.951519612890192,0.981294964028777,FALSE,T2_IFN_fixed32
608,0.889402827928101,0.889402827928101,0.959712230215827,FALSE,T2_IFN_fixed32
609,0.947662888072188,0.947662888072188,0.981294964028777,FALSE,T2_IFN_fixed32
610,0.920795621652237,0.920795621652237,0.969784172661871,FALSE,T2_IFN_fixed32
611,0.95642909552066,0.95642909552066,0.981294964028777,FALSE,T2_IFN_fixed32
612,0.994613369682743,0.994613369682743,0.998561151079137,FALSE,T2_IFN_fixed32
613,0.925643797368761,0.925643797368761,0.969784172661871,FALSE,T2_IFN_fixed32
614,0.962878025711113,0.962878025711113,0.985611510791367,FALSE,T2_IFN_fixed32
615,0.959068754518109,0.959068754518109,0.98705035971223,FALSE,T2_IFN_fixed32
616,0.946642626413134,0.946642626413134,0.979856115107914,FALSE,T2_IFN_fixed32
617,0.873369766749622,0.873369766749622,0.961151079136691,FALSE,T2_IFN_fixed32
618,0.899156349796308,0.899156349796308,0.971223021582734,FALSE,T2_IFN_fixed32
619,0.989242177421504,0.989242177421504,0.997122302158273,FALSE,T2_IFN_fixed32
620,0.876878238657754,0.876878238657754,0.956834532374101,FALSE,T2_IFN_fixed32
621,0.966961497655475,0.966961497655475,0.989928057553957,FALSE,T2_IFN_fixed32
622,0.937505856713457,0.937505856713457,0.975539568345324,FALSE,T2_IFN_fixed32
623,0.923979868010167,0.923979868010167,0.971223021582734,FALSE,T2_IFN_fixed32
624,0.983892621762802,0.983892621762802,0.99568345323741,FALSE,T2_IFN_fixed32
625,0.894224085563529,0.894224085563529,0.966906474820144,FALSE,T2_IFN_fixed32
626,0.953036096153834,0.953036096153834,0.979856115107914,FALSE,T2_IFN_fixed32
627,0.991262445833693,0.991262445833693,0.997122302158273,FALSE,T2_IFN_fixed32
628,0.848379521596318,0.848379521596318,0.948201438848921,FALSE,T2_IFN_fixed32
629,0.964965504307075,0.964965504307075,0.989928057553957,FALSE,T2_IFN_fixed32
630,0.923228965923061,0.923228965923061,0.969784172661871,FALSE,T2_IFN_fixed32
631,0.90612855868738,0.90612855868738,0.971223021582734,FALSE,T2_IFN_fixed32
632,0.944004298989331,0.944004298989331,0.979856115107914,FALSE,T2_IFN_fixed32
633,0.944649139029218,0.944649139029218,0.981294964028777,FALSE,T2_IFN_fixed32
634,0.826612744892847,0.826612744892847,0.945323741007194,FALSE,T2_IFN_fixed32
635,0.881561371208514,0.881561371208514,0.959712230215827,FALSE,T2_IFN_fixed32
636,0.927770995368756,0.927770995368756,0.97410071942446,FALSE,T2_IFN_fixed32
637,0.988268735088133,0.988268735088133,0.99568345323741,FALSE,T2_IFN_fixed32
638,0.891022294042501,0.891022294042501,0.962589928057554,FALSE,T2_IFN_fixed32
639,0.937547347798975,0.937547347798975,0.975539568345324,FALSE,T2_IFN_fixed32
640,0.92807384794471,0.92807384794471,0.969784172661871,FALSE,T2_IFN_fixed32
641,0.993321126879272,0.993321126879272,0.997122302158273,FALSE,T2_IFN_fixed32
642,0.93645435044482,0.93645435044482,0.97410071942446,FALSE,T2_IFN_fixed32
643,0.892288780035215,0.892288780035215,0.969784172661871,FALSE,T2_IFN_fixed32
644,0.859690912747493,0.859690912747493,0.952517985611511,FALSE,T2_IFN_fixed32
645,0.897428694765563,0.897428694765563,0.962589928057554,FALSE,T2_IFN_fixed32
646,0.983892621762802,0.983892621762802,0.99568345323741,FALSE,T2_IFN_fixed32
647,0.989242177421504,0.989242177421504,0.997122302158273,FALSE,T2_IFN_fixed32
648,0.990323563902665,0.990323563902665,0.99568345323741,FALSE,T2_IFN_fixed32
649,0.940700578559754,0.940700578559754,0.976978417266187,FALSE,T2_IFN_fixed32
650,0.933137170209699,0.933137170209699,0.975539568345324,FALSE,T2_IFN_fixed32
651,0.966912590860238,0.966912590860238,0.989928057553957,FALSE,T2_IFN_fixed32
652,0.889684577230726,0.889684577230726,0.968345323741007,FALSE,T2_IFN_fixed32
653,0.92049499455957,0.92049499455957,0.975539568345324,FALSE,T2_IFN_fixed32
654,0.915845312229375,0.915845312229375,0.968345323741007,FALSE,T2_IFN_fixed32
655,0.975584890188435,0.975584890188435,0.992805755395683,FALSE,T2_IFN_fixed32
656,0.95226395259702,0.95226395259702,0.97841726618705,FALSE,T2_IFN_fixed32
657,0.852126332627686,0.852126332627686,0.955395683453238,FALSE,T2_IFN_fixed32
658,0.912744974723373,0.912744974723373,0.969784172661871,FALSE,T2_IFN_fixed32
659,0.963957325593401,0.963957325593401,0.988489208633094,FALSE,T2_IFN_fixed32
660,0.986213775076027,0.986213775076027,0.99568345323741,FALSE,T2_IFN_fixed32
661,0.952111964567656,0.952111964567656,0.98705035971223,FALSE,T2_IFN_fixed32
662,0.946982344446268,0.946982344446268,0.976978417266187,FALSE,T2_IFN_fixed32
663,0.876477899397811,0.876477899397811,0.959712230215827,FALSE,T2_IFN_fixed32
664,0.837743463835715,0.837743463835715,0.945323741007194,FALSE,T2_IFN_fixed32
665,0.939879036735234,0.939879036735234,0.97841726618705,FALSE,T2_IFN_fixed32
666,0.971238073394799,0.971238073394799,0.989928057553957,FALSE,T2_IFN_fixed32
667,0.849580732375754,0.849580732375754,0.952517985611511,FALSE,T2_IFN_fixed32
668,0.967924961027269,0.967924961027269,0.99136690647482,FALSE,T2_IFN_fixed32
669,0.990283984176924,0.990283984176924,0.99568345323741,FALSE,T2_IFN_fixed32
670,0.916600615498188,0.916600615498188,0.969784172661871,FALSE,T2_IFN_fixed32
671,0.873968626513765,0.873968626513765,0.964028776978417,FALSE,T2_IFN_fixed32
672,0.926032936236178,0.926032936236178,0.971223021582734,FALSE,T2_IFN_fixed32
673,0.918936754873188,0.918936754873188,0.969784172661871,FALSE,T2_IFN_fixed32
674,0.95081291562913,0.95081291562913,0.981294964028777,FALSE,T2_IFN_fixed32
675,0.895238369343643,0.895238369343643,0.964028776978417,FALSE,T2_IFN_fixed32
676,0.849706711380583,0.849706711380583,0.949640287769784,FALSE,T2_IFN_fixed32
677,0.972273629680029,0.972273629680029,0.99136690647482,FALSE,T2_IFN_fixed32
678,0.914316085898099,0.914316085898099,0.968345323741007,FALSE,T2_IFN_fixed32
679,0.942574100033024,0.942574100033024,0.97841726618705,FALSE,T2_IFN_fixed32
680,0.88811435794078,0.88811435794078,0.962589928057554,FALSE,T2_IFN_fixed32
681,0.971086391294039,0.971086391294039,0.988489208633094,FALSE,T2_IFN_fixed32
682,0.964619948679581,0.964619948679581,0.989928057553957,FALSE,T2_IFN_fixed32
683,0.861148118348136,0.861148118348136,0.959712230215827,FALSE,T2_IFN_fixed32
684,0.854711421281781,0.854711421281781,0.951079136690647,FALSE,T2_IFN_fixed32
685,0.926032936236178,0.926032936236178,0.971223021582734,FALSE,T2_IFN_fixed32
686,0.96143386111752,0.96143386111752,0.981294964028777,FALSE,T2_IFN_fixed32
687,0.994613369682743,0.994613369682743,0.998561151079137,FALSE,T2_IFN_fixed32
688,0.944163985891647,0.944163985891647,0.975539568345324,FALSE,T2_IFN_fixed32
689,0.989243151823982,0.989243151823982,0.997122302158273,FALSE,T2_IFN_fixed32
690,0.965187370400619,0.965187370400619,0.985611510791367,FALSE,T2_IFN_fixed32
691,0.903092418339588,0.903092418339588,0.965467625899281,FALSE,T2_IFN_fixed32
692,0.978558577350331,0.978558577350331,0.994244604316547,FALSE,T2_IFN_fixed32
693,0.989244231361119,0.989244231361119,0.997122302158273,FALSE,T2_IFN_fixed32
694,0.855678890884671,0.855678890884671,0.955395683453238,FALSE,T2_IFN_fixed32
695,0.902818704189306,0.902818704189306,0.968345323741007,FALSE,T2_IFN_fixed32
696,0.951548588540498,0.951548588540498,0.98273381294964,FALSE,T2_IFN_fixed32
697,0.934700123556687,0.934700123556687,0.97410071942446,FALSE,T2_IFN_fixed32
698,0.932601990506298,0.932601990506298,0.97410071942446,FALSE,T2_IFN_fixed32
699,0.928043305340218,0.928043305340218,0.972661870503597,FALSE,T2_IFN_fixed32
700,0.935816692592896,0.935816692592896,0.975539568345324,FALSE,T2_IFN_fixed32
701,0.90086240701051,0.90086240701051,0.968345323741007,FALSE,T2_IFN_fixed32
702,0.99127256639207,0.99127256639207,0.997122302158273,FALSE,T2_IFN_fixed32
703,0.964267702379036,0.964267702379036,0.985611510791367,FALSE,T2_IFN_fixed32
704,0.964969792348939,0.964969792348939,0.989928057553957,FALSE,T2_IFN_fixed32
705,0.9738701106127,0.9738701106127,0.988489208633094,FALSE,T2_IFN_fixed32
706,0.93210063176319,0.93210063176319,0.975539568345324,FALSE,T2_IFN_fixed32
707,0.970254728022071,0.970254728022071,0.99136690647482,FALSE,T2_IFN_fixed32
708,0.928121092143373,0.928121092143373,0.97410071942446,FALSE,T2_IFN_fixed32
709,0.870598905390421,0.870598905390421,0.959712230215827,FALSE,T2_IFN_fixed32
710,0.938073983253801,0.938073983253801,0.981294964028777,FALSE,T2_IFN_fixed32
711,0.907578523596439,0.907578523596439,0.971223021582734,FALSE,T2_IFN_fixed32
712,0.954797114459975,0.954797114459975,0.984172661870504,FALSE,T2_IFN_fixed32
713,0.95651369145732,0.95651369145732,0.98273381294964,FALSE,T2_IFN_fixed32
714,0.976557354772761,0.976557354772761,0.99136690647482,FALSE,T2_IFN_fixed32
715,0.848743366779408,0.848743366779408,0.951079136690647,FALSE,T2_IFN_fixed32
716,0.978550387708631,0.978550387708631,0.994244604316547,FALSE,T2_IFN_fixed32
717,0.848011367975654,0.848011367975654,0.952517985611511,FALSE,T2_IFN_fixed32
718,0.865251594678112,0.865251594678112,0.956834532374101,FALSE,T2_IFN_fixed32
719,0.960624614741731,0.960624614741731,0.98705035971223,FALSE,T2_IFN_fixed32
720,0.970257932386545,0.970257932386545,0.99136690647482,FALSE,T2_IFN_fixed32
721,0.820601796207357,0.820601796207357,0.943884892086331,FALSE,T2_IFN_fixed32
722,0.883987354524912,0.883987354524912,0.966906474820144,FALSE,T2_IFN_fixed32
723,0.912828378766967,0.912828378766967,0.975539568345324,FALSE,T2_IFN_fixed32
724,0.867457064575198,0.867457064575198,0.958273381294964,FALSE,T2_IFN_fixed32
725,0.875347978130266,0.875347978130266,0.962589928057554,FALSE,T2_IFN_fixed32
726,0.94972598431845,0.94972598431845,0.979856115107914,FALSE,T2_IFN_fixed32
727,0.908493516188767,0.908493516188767,0.966906474820144,FALSE,T2_IFN_fixed32
728,0.904197437131475,0.904197437131475,0.971223021582734,FALSE,T2_IFN_fixed32
729,0.967716724280014,0.967716724280014,0.985611510791367,FALSE,T2_IFN_fixed32
730,0.982590856104091,0.982590856104091,0.994244604316547,FALSE,T2_IFN_fixed32
731,0.859872004706052,0.859872004706052,0.955395683453238,FALSE,T2_IFN_fixed32
732,0.88084503586224,0.88084503586224,0.958273381294964,FALSE,T2_IFN_fixed32
733,0.856736329213835,0.856736329213835,0.951079136690647,FALSE,T2_IFN_fixed32
734,0.846834018869278,0.846834018869278,0.948201438848921,FALSE,T2_IFN_fixed32
735,0.897626329281037,0.897626329281037,0.971223021582734,FALSE,T2_IFN_fixed32
736,0.962903555195632,0.962903555195632,0.984172661870504,FALSE,T2_IFN_fixed32
737,0.9462144764043,0.9462144764043,0.979856115107914,FALSE,T2_IFN_fixed32
738,0.846779566084475,0.846779566084475,0.948201438848921,FALSE,T2_IFN_fixed32
739,0.896198872030502,0.896198872030502,0.965467625899281,FALSE,T2_IFN_fixed32
740,0.957398771484064,0.957398771484064,0.988489208633094,FALSE,T2_IFN_fixed32
741,0.959552971298875,0.959552971298875,0.98273381294964,FALSE,T2_IFN_fixed32
742,0.965985263221101,0.965985263221101,0.988489208633094,FALSE,T2_IFN_fixed32
743,0.953426199665933,0.953426199665933,0.985611510791367,FALSE,T2_IFN_fixed32
744,0.886121474583208,0.886121474583208,0.966906474820144,FALSE,T2_IFN_fixed32
745,0.944163985891647,0.944163985891647,0.975539568345324,FALSE,T2_IFN_fixed32
746,0.935013944874152,0.935013944874152,0.97410071942446,FALSE,T2_IFN_fixed32
747,0.962878025711113,0.962878025711113,0.985611510791367,FALSE,T2_IFN_fixed32
748,0.928648169154099,0.928648169154099,0.97841726618705,FALSE,T2_IFN_fixed32
749,0.991609156425078,0.991609156425078,0.997122302158273,FALSE,T2_IFN_fixed32
750,0.841091088052242,0.841091088052242,0.948201438848921,FALSE,T2_IFN_fixed32
751,0.962637235962123,0.962637235962123,0.989928057553957,FALSE,T2_IFN_fixed32
752,0.926384070171698,0.926384070171698,0.971223021582734,FALSE,T2_IFN_fixed32
753,0.932133136174617,0.932133136174617,0.975539568345324,FALSE,T2_IFN_fixed32
754,0.962649308649207,0.962649308649207,0.989928057553957,FALSE,T2_IFN_fixed32
755,0.864532568654981,0.864532568654981,0.959712230215827,FALSE,T2_IFN_fixed32
756,0.851791860428269,0.851791860428269,0.952517985611511,FALSE,T2_IFN_fixed32
757,0.972703609852544,0.972703609852544,0.98705035971223,FALSE,T2_IFN_fixed32
758,0.94167314808814,0.94167314808814,0.984172661870504,FALSE,T2_IFN_fixed32
759,0.98588688321269,0.98588688321269,0.99568345323741,FALSE,T2_IFN_fixed32
760,0.923254466832853,0.923254466832853,0.969784172661871,FALSE,T2_IFN_fixed32
761,0.966938159829782,0.966938159829782,0.989928057553957,FALSE,T2_IFN_fixed32
762,0.859810907618545,0.859810907618545,0.953956834532374,FALSE,T2_IFN_fixed32
763,0.837057559640208,0.837057559640208,0.945323741007194,FALSE,T2_IFN_fixed32
764,0.986239463903614,0.986239463903614,0.99568345323741,FALSE,T2_IFN_fixed32
765,0.872488034714906,0.872488034714906,0.964028776978417,FALSE,T2_IFN_fixed32
766,0.988267615744438,0.988267615744438,0.99568345323741,FALSE,T2_IFN_fixed32
767,0.958804157774115,0.958804157774115,0.981294964028777,FALSE,T2_IFN_fixed32
768,0.942560449831936,0.942560449831936,0.976978417266187,FALSE,T2_IFN_fixed32
769,0.896805619870982,0.896805619870982,0.966906474820144,FALSE,T2_IFN_fixed32
770,0.926957455202765,0.926957455202765,0.972661870503597,FALSE,T2_IFN_fixed32
771,0.884851395093893,0.884851395093893,0.959712230215827,FALSE,T2_IFN_fixed32
772,0.964993753546962,0.964993753546962,0.984172661870504,FALSE,T2_IFN_fixed32
773,0.835482863471338,0.835482863471338,0.943884892086331,FALSE,T2_IFN_fixed32
774,0.931217956315114,0.931217956315114,0.972661870503597,FALSE,T2_IFN_fixed32
775,0.939764403949226,0.939764403949226,0.975539568345324,FALSE,T2_IFN_fixed32
776,0.911229301750145,0.911229301750145,0.968345323741007,FALSE,T2_IFN_fixed32
777,0.996985587421937,0.996985587421937,0.998561151079137,FALSE,T2_IFN_fixed32
778,0.946969835718081,0.946969835718081,0.979856115107914,FALSE,T2_IFN_fixed32
779,0.964573037522915,0.964573037522915,0.989928057553957,FALSE,T2_IFN_fixed32
780,0.86839082420737,0.86839082420737,0.959712230215827,FALSE,T2_IFN_fixed32
781,0.88039429616376,0.88039429616376,0.958273381294964,FALSE,T2_IFN_fixed32
782,0.857846158980626,0.857846158980626,0.956834532374101,FALSE,T2_IFN_fixed32
783,0.818911810744409,0.818911810744409,0.941007194244604,FALSE,T2_IFN_fixed32
784,0.941104839984595,0.941104839984595,0.979856115107914,FALSE,T2_IFN_fixed32
785,0.852805144728154,0.852805144728154,0.956834532374101,FALSE,T2_IFN_fixed32
786,0.878375024291369,0.878375024291369,0.962589928057554,FALSE,T2_IFN_fixed32
787,0.970949534209694,0.970949534209694,0.98705035971223,FALSE,T2_IFN_fixed32
788,0.878287052589844,0.878287052589844,0.962589928057554,FALSE,T2_IFN_fixed32
789,0.960926274083215,0.960926274083215,0.984172661870504,FALSE,T2_IFN_fixed32
790,0.872434822530685,0.872434822530685,0.959712230215827,FALSE,T2_IFN_fixed32
791,0.881871955226389,0.881871955226389,0.964028776978417,FALSE,T2_IFN_fixed32
792,0.932049185384872,0.932049185384872,0.97410071942446,FALSE,T2_IFN_fixed32
793,0.886252969318336,0.886252969318336,0.961151079136691,FALSE,T2_IFN_fixed32
794,0.948615105189149,0.948615105189149,0.979856115107914,FALSE,T2_IFN_fixed32
795,0.97058645388972,0.97058645388972,0.988489208633094,FALSE,T2_IFN_fixed32
796,0.904256372515852,0.904256372515852,0.972661870503597,FALSE,T2_IFN_fixed32
797,0.931263253747186,0.931263253747186,0.981294964028777,FALSE,T2_IFN_fixed32
798,0.933673773129629,0.933673773129629,0.972661870503597,FALSE,T2_IFN_fixed32
799,0.941331942750847,0.941331942750847,0.979856115107914,FALSE,T2_IFN_fixed32
800,0.869748193315381,0.869748193315381,0.955395683453238,FALSE,T2_IFN_fixed32
801,0.916457495010045,0.916457495010045,0.969784172661871,FALSE,T2_IFN_fixed32
802,0.922829912853107,0.922829912853107,0.97410071942446,FALSE,T2_IFN_fixed32
803,0.883987354524912,0.883987354524912,0.966906474820144,FALSE,T2_IFN_fixed32
804,0.963675569784203,0.963675569784203,0.984172661870504,FALSE,T2_IFN_fixed32
805,0.878377113309105,0.878377113309105,0.962589928057554,FALSE,T2_IFN_fixed32
806,0.95642909552066,0.95642909552066,0.981294964028777,FALSE,T2_IFN_fixed32
807,0.926032936236178,0.926032936236178,0.971223021582734,FALSE,T2_IFN_fixed32
808,0.993982808475172,0.993982808475172,0.997122302158273,FALSE,T2_IFN_fixed32
809,0.862332250298877,0.862332250298877,0.951079136690647,FALSE,T2_IFN_fixed32
810,0.963399082817435,0.963399082817435,0.985611510791367,FALSE,T2_IFN_fixed32
811,0.910440826015967,0.910440826015967,0.966906474820144,FALSE,T2_IFN_fixed32
812,0.934026392899178,0.934026392899178,0.975539568345324,FALSE,T2_IFN_fixed32
813,0.991609156425078,0.991609156425078,0.997122302158273,FALSE,T2_IFN_fixed32
814,0.92045205509859,0.92045205509859,0.968345323741007,FALSE,T2_IFN_fixed32
815,0.865234054260097,0.865234054260097,0.958273381294964,FALSE,T2_IFN_fixed32
816,0.920945477740832,0.920945477740832,0.97841726618705,FALSE,T2_IFN_fixed32
817,0.941707508441811,0.941707508441811,0.975539568345324,FALSE,T2_IFN_fixed32
818,0.892569575690261,0.892569575690261,0.969784172661871,FALSE,T2_IFN_fixed32
819,0.963978855473206,0.963978855473206,0.988489208633094,FALSE,T2_IFN_fixed32
820,0.967924961027269,0.967924961027269,0.99136690647482,FALSE,T2_IFN_fixed32
821,0.991604225425768,0.991604225425768,0.997122302158273,FALSE,T2_IFN_fixed32
822,0.959475395252759,0.959475395252759,0.984172661870504,FALSE,T2_IFN_fixed32
823,0.958538985412113,0.958538985412113,0.981294964028777,FALSE,T2_IFN_fixed32
824,0.993647841607008,0.993647841607008,0.997122302158273,FALSE,T2_IFN_fixed32
825,0.952153090602096,0.952153090602096,0.98705035971223,FALSE,T2_IFN_fixed32
826,0.975565328174455,0.975565328174455,0.992805755395683,FALSE,T2_IFN_fixed32
827,0.941879480053053,0.941879480053053,0.97841726618705,FALSE,T2_IFN_fixed32
828,0.897280203329517,0.897280203329517,0.964028776978417,FALSE,T2_IFN_fixed32
829,0.949591862253054,0.949591862253054,0.98273381294964,FALSE,T2_IFN_fixed32
830,0.858319904066131,0.858319904066131,0.956834532374101,FALSE,T2_IFN_fixed32
831,0.956375718749933,0.956375718749933,0.98705035971223,FALSE,T2_IFN_fixed32
832,0.990615082365201,0.990615082365201,0.99568345323741,FALSE,T2_IFN_fixed32
833,0.994612855385428,0.994612855385428,0.998561151079137,FALSE,T2_IFN_fixed32
834,0.89751826843476,0.89751826843476,0.962589928057554,FALSE,T2_IFN_fixed32
835,0.932138538390537,0.932138538390537,0.97410071942446,FALSE,T2_IFN_fixed32
836,0.835553776530501,0.835553776530501,0.943884892086331,FALSE,T2_IFN_fixed32
837,0.912906350768137,0.912906350768137,0.966906474820144,FALSE,T2_IFN_fixed32
838,0.927702830436434,0.927702830436434,0.97841726618705,FALSE,T2_IFN_fixed32
839,0.942205535646223,0.942205535646223,0.981294964028777,FALSE,T2_IFN_fixed32
840,0.935171766928681,0.935171766928681,0.97410071942446,FALSE,T2_IFN_fixed32
841,0.989242177421504,0.989242177421504,0.997122302158273,FALSE,T2_IFN_fixed32
842,0.973977341472277,0.973977341472277,0.988489208633094,FALSE,T2_IFN_fixed32
843,0.947972804166652,0.947972804166652,0.97841726618705,FALSE,T2_IFN_fixed32
844,0.935289271321626,0.935289271321626,0.976978417266187,FALSE,T2_IFN_fixed32
845,0.982698500196883,0.982698500196883,0.992805755395683,FALSE,T2_IFN_fixed32
846,0.985247934090618,0.985247934090618,0.994244604316547,FALSE,T2_IFN_fixed32
847,0.951208543268271,0.951208543268271,0.981294964028777,FALSE,T2_IFN_fixed32
848,0.973239056135886,0.973239056135886,0.992805755395683,FALSE,T2_IFN_fixed32
849,0.933511984187925,0.933511984187925,0.975539568345324,FALSE,T2_IFN_fixed32
850,0.945837594108646,0.945837594108646,0.97841726618705,FALSE,T2_IFN_fixed32
851,0.829122585970995,0.829122585970995,0.945323741007194,FALSE,T2_IFN_fixed32
852,0.895432322916916,0.895432322916916,0.971223021582734,FALSE,T2_IFN_fixed32
853,0.935816692592896,0.935816692592896,0.975539568345324,FALSE,T2_IFN_fixed32
854,0.857670672164197,0.857670672164197,0.952517985611511,FALSE,T2_IFN_fixed32
855,0.973231390344766,0.973231390344766,0.992805755395683,FALSE,T2_IFN_fixed32
856,0.929971803134801,0.929971803134801,0.972661870503597,FALSE,T2_IFN_fixed32
857,0.955613512073577,0.955613512073577,0.979856115107914,FALSE,T2_IFN_fixed32
858,0.875522715932701,0.875522715932701,0.958273381294964,FALSE,T2_IFN_fixed32
859,0.920830676375385,0.920830676375385,0.969784172661871,FALSE,T2_IFN_fixed32
860,0.954072115106709,0.954072115106709,0.98705035971223,FALSE,T2_IFN_fixed32
861,0.962878025711113,0.962878025711113,0.985611510791367,FALSE,T2_IFN_fixed32
862,0.922982269641112,0.922982269641112,0.97841726618705,FALSE,T2_IFN_fixed32
863,0.925455618375013,0.925455618375013,0.969784172661871,FALSE,T2_IFN_fixed32
864,0.964868759300683,0.964868759300683,0.989928057553957,FALSE,T2_IFN_fixed32
865,0.92658936575123,0.92658936575123,0.972661870503597,FALSE,T2_IFN_fixed32
866,0.871009045043232,0.871009045043232,0.959712230215827,FALSE,T2_IFN_fixed32
867,0.943790736380031,0.943790736380031,0.984172661870504,FALSE,T2_IFN_fixed32
868,1,1,1,FALSE,T2_IFN_fixed32
869,0.961617567369043,0.961617567369043,0.988489208633094,FALSE,T2_IFN_fixed32
870,0.941909604353008,0.941909604353008,0.97841726618705,FALSE,T2_IFN_fixed32
871,0.887507186685954,0.887507186685954,0.968345323741007,FALSE,T2_IFN_fixed32
872,0.943154433799647,0.943154433799647,0.976978417266187,FALSE,T2_IFN_fixed32
873,0.866083875688788,0.866083875688788,0.958273381294964,FALSE,T2_IFN_fixed32
874,0.978550387708631,0.978550387708631,0.994244604316547,FALSE,T2_IFN_fixed32
875,0.957366223743403,0.957366223743403,0.988489208633094,FALSE,T2_IFN_fixed32
876,0.97324213432028,0.97324213432028,0.992805755395683,FALSE,T2_IFN_fixed32
877,0.924855315387938,0.924855315387938,0.972661870503597,FALSE,T2_IFN_fixed32
878,0.964868759300683,0.964868759300683,0.989928057553957,FALSE,T2_IFN_fixed32
879,0.994613369682743,0.994613369682743,0.998561151079137,FALSE,T2_IFN_fixed32
880,0.988277576475899,0.988277576475899,0.99568345323741,FALSE,T2_IFN_fixed32
881,0.908693364568236,0.908693364568236,0.969784172661871,FALSE,T2_IFN_fixed32
882,0.954839658422073,0.954839658422073,0.98273381294964,FALSE,T2_IFN_fixed32
883,0.978556215595553,0.978556215595553,0.994244604316547,FALSE,T2_IFN_fixed32
884,0.93645435044482,0.93645435044482,0.97410071942446,FALSE,T2_IFN_fixed32
885,0.948076340120481,0.948076340120481,0.981294964028777,FALSE,T2_IFN_fixed32
886,0.960388234947819,0.960388234947819,0.98705035971223,FALSE,T2_IFN_fixed32
887,0.875281303988333,0.875281303988333,0.961151079136691,FALSE,T2_IFN_fixed32
888,0.991604225425768,0.991604225425768,0.997122302158273,FALSE,T2_IFN_fixed32
889,0.967943328602457,0.967943328602457,0.99136690647482,FALSE,T2_IFN_fixed32
890,0.9111048899918,0.9111048899918,0.971223021582734,FALSE,T2_IFN_fixed32
891,0.853705755853,0.853705755853,0.956834532374101,FALSE,T2_IFN_fixed32
892,0.877683844328142,0.877683844328142,0.958273381294964,FALSE,T2_IFN_fixed32
893,0.973239056135886,0.973239056135886,0.992805755395683,FALSE,T2_IFN_fixed32
894,0.960275814228227,0.960275814228227,0.985611510791367,FALSE,T2_IFN_fixed32
895,0.970278598504887,0.970278598504887,0.99136690647482,FALSE,T2_IFN_fixed32
896,0.983888007732831,0.983888007732831,0.99568345323741,FALSE,T2_IFN_fixed32
897,0.900376072043979,0.900376072043979,0.968345323741007,FALSE,T2_IFN_fixed32
898,0.940439731494066,0.940439731494066,0.97841726618705,FALSE,T2_IFN_fixed32
899,0.916737080156705,0.916737080156705,0.972661870503597,FALSE,T2_IFN_fixed32
900,0.911437600361996,0.911437600361996,0.965467625899281,FALSE,T2_IFN_fixed32
901,0.892551152033908,0.892551152033908,0.969784172661871,FALSE,T2_IFN_fixed32
902,0.929813165136121,0.929813165136121,0.972661870503597,FALSE,T2_IFN_fixed32
903,0.876114823615418,0.876114823615418,0.961151079136691,FALSE,T2_IFN_fixed32
904,0.946977389505915,0.946977389505915,0.976978417266187,FALSE,T2_IFN_fixed32
905,0.933044328519385,0.933044328519385,0.97410071942446,FALSE,T2_IFN_fixed32
906,0.958507267321771,0.958507267321771,0.985611510791367,FALSE,T2_IFN_fixed32
907,0.958368277907612,0.958368277907612,0.98273381294964,FALSE,T2_IFN_fixed32
908,0.947184160333526,0.947184160333526,0.981294964028777,FALSE,T2_IFN_fixed32
909,0.847528102014413,0.847528102014413,0.951079136690647,FALSE,T2_IFN_fixed32
910,0.964239739316519,0.964239739316519,0.98273381294964,FALSE,T2_IFN_fixed32
911,0.92160536305715,0.92160536305715,0.971223021582734,FALSE,T2_IFN_fixed32
912,0.950565835016757,0.950565835016757,0.97841726618705,FALSE,T2_IFN_fixed32
913,0.867479965105192,0.867479965105192,0.958273381294964,FALSE,T2_IFN_fixed32
914,0.97324213432028,0.97324213432028,0.992805755395683,FALSE,T2_IFN_fixed32
915,0.894956667461291,0.894956667461291,0.965467625899281,FALSE,T2_IFN_fixed32
916,0.897231127160963,0.897231127160963,0.964028776978417,FALSE,T2_IFN_fixed32
917,0.935013944874152,0.935013944874152,0.97410071942446,FALSE,T2_IFN_fixed32
918,0.932601990506298,0.932601990506298,0.97410071942446,FALSE,T2_IFN_fixed32
919,0.967943328602457,0.967943328602457,0.99136690647482,FALSE,T2_IFN_fixed32
920,0.989242177421504,0.989242177421504,0.997122302158273,FALSE,T2_IFN_fixed32
921,0.92809915836405,0.92809915836405,0.97410071942446,FALSE,T2_IFN_fixed32
922,0.955215506807697,0.955215506807697,0.984172661870504,FALSE,T2_IFN_fixed32
923,0.90794259308023,0.90794259308023,0.971223021582734,FALSE,T2_IFN_fixed32
924,0.946243341968766,0.946243341968766,0.97841726618705,FALSE,T2_IFN_fixed32
925,0.865909325594594,0.865909325594594,0.956834532374101,FALSE,T2_IFN_fixed32
926,0.964991845443051,0.964991845443051,0.985611510791367,FALSE,T2_IFN_fixed32
927,0.959376589396698,0.959376589396698,0.984172661870504,FALSE,T2_IFN_fixed32
928,0.985275463742511,0.985275463742511,0.994244604316547,FALSE,T2_IFN_fixed32
929,0.922052756966352,0.922052756966352,0.976978417266187,FALSE,T2_IFN_fixed32
930,0.912731750077502,0.912731750077502,0.966906474820144,FALSE,T2_IFN_fixed32
931,1,1,1,FALSE,T2_IFN_fixed32
932,0.932490378112589,0.932490378112589,0.979856115107914,FALSE,T2_IFN_fixed32
933,0.944279280985094,0.944279280985094,0.98273381294964,FALSE,T2_IFN_fixed32
934,0.934333548312706,0.934333548312706,0.976978417266187,FALSE,T2_IFN_fixed32
935,0.877124936981989,0.877124936981989,0.961151079136691,FALSE,T2_IFN_fixed32
936,0.915664946404943,0.915664946404943,0.968345323741007,FALSE,T2_IFN_fixed32
937,0.989242177421504,0.989242177421504,0.997122302158273,FALSE,T2_IFN_fixed32
938,1,1,1,FALSE,T2_IFN_fixed32
939,0.915845312229375,0.915845312229375,0.968345323741007,FALSE,T2_IFN_fixed32
940,0.959688524128345,0.959688524128345,0.984172661870504,FALSE,T2_IFN_fixed32
941,0.885477640658692,0.885477640658692,0.962589928057554,FALSE,T2_IFN_fixed32
942,0.872318241929006,0.872318241929006,0.958273381294964,FALSE,T2_IFN_fixed32
943,0.913054320949257,0.913054320949257,0.968345323741007,FALSE,T2_IFN_fixed32
944,0.929428252796819,0.929428252796819,0.97841726618705,FALSE,T2_IFN_fixed32
945,0.984298375825186,0.984298375825186,0.992805755395683,FALSE,T2_IFN_fixed32
946,0.880284200817389,0.880284200817389,0.962589928057554,FALSE,T2_IFN_fixed32
947,0.919624615305287,0.919624615305287,0.969784172661871,FALSE,T2_IFN_fixed32
948,0.952114661600436,0.952114661600436,0.98705035971223,FALSE,T2_IFN_fixed32
949,0.947841272125891,0.947841272125891,0.97841726618705,FALSE,T2_IFN_fixed32
950,0.958804157774115,0.958804157774115,0.981294964028777,FALSE,T2_IFN_fixed32
951,0.969879001140933,0.969879001140933,0.99136690647482,FALSE,T2_IFN_fixed32
952,0.955645493930955,0.955645493930955,0.98273381294964,FALSE,T2_IFN_fixed32
953,0.882538488384806,0.882538488384806,0.962589928057554,FALSE,T2_IFN_fixed32
954,0.970257932386545,0.970257932386545,0.99136690647482,FALSE,T2_IFN_fixed32
955,0.95845309328687,0.95845309328687,0.981294964028777,FALSE,T2_IFN_fixed32
956,0.92313446749431,0.92313446749431,0.969784172661871,FALSE,T2_IFN_fixed32
957,0.971454787916222,0.971454787916222,0.988489208633094,FALSE,T2_IFN_fixed32
958,0.900247142262638,0.900247142262638,0.964028776978417,FALSE,T2_IFN_fixed32
959,0.902401934592803,0.902401934592803,0.969784172661871,FALSE,T2_IFN_fixed32
960,0.96496888890421,0.96496888890421,0.989928057553957,FALSE,T2_IFN_fixed32
961,0.937600852644418,0.937600852644418,0.97841726618705,FALSE,T2_IFN_fixed32
962,0.941021276448359,0.941021276448359,0.976978417266187,FALSE,T2_IFN_fixed32
963,0.812556523755241,0.812556523755241,0.939568345323741,FALSE,T2_IFN_fixed32
964,0.918045016812684,0.918045016812684,0.968345323741007,FALSE,T2_IFN_fixed32
965,0.915982835251943,0.915982835251943,0.968345323741007,FALSE,T2_IFN_fixed32
966,0.92752417816511,0.92752417816511,0.972661870503597,FALSE,T2_IFN_fixed32
967,0.926102584159372,0.926102584159372,0.979856115107914,FALSE,T2_IFN_fixed32
968,0.875662987061677,0.875662987061677,0.959712230215827,FALSE,T2_IFN_fixed32
969,0.973494528602647,0.973494528602647,0.988489208633094,FALSE,T2_IFN_fixed32
970,0.829895454754943,0.829895454754943,0.948201438848921,FALSE,T2_IFN_fixed32
971,0.961013973395153,0.961013973395153,0.981294964028777,FALSE,T2_IFN_fixed32
972,0.843671378226571,0.843671378226571,0.952517985611511,FALSE,T2_IFN_fixed32
973,0.974560605530236,0.974560605530236,0.988489208633094,FALSE,T2_IFN_fixed32
974,0.927199853302659,0.927199853302659,0.972661870503597,FALSE,T2_IFN_fixed32
975,0.874237856879092,0.874237856879092,0.958273381294964,FALSE,T2_IFN_fixed32
976,0.910440826015967,0.910440826015967,0.966906474820144,FALSE,T2_IFN_fixed32
977,0.967837490604958,0.967837490604958,0.985611510791367,FALSE,T2_IFN_fixed32
978,0.970925691809343,0.970925691809343,0.989928057553957,FALSE,T2_IFN_fixed32
979,0.978558577350331,0.978558577350331,0.994244604316547,FALSE,T2_IFN_fixed32
980,0.854815735190118,0.854815735190118,0.951079136690647,FALSE,T2_IFN_fixed32
981,0.958368277907612,0.958368277907612,0.98273381294964,FALSE,T2_IFN_fixed32
982,0.98826181469804,0.98826181469804,0.99568345323741,FALSE,T2_IFN_fixed32
983,0.852870252038818,0.852870252038818,0.951079136690647,FALSE,T2_IFN_fixed32
984,0.95607839902341,0.95607839902341,0.98705035971223,FALSE,T2_IFN_fixed32
985,0.890915927009118,0.890915927009118,0.966906474820144,FALSE,T2_IFN_fixed32
986,0.844813934301859,0.844813934301859,0.948201438848921,FALSE,T2_IFN_fixed32
987,0.961909832218331,0.961909832218331,0.988489208633094,FALSE,T2_IFN_fixed32
988,0.872907490588471,0.872907490588471,0.959712230215827,FALSE,T2_IFN_fixed32
989,0.964965504307075,0.964965504307075,0.989928057553957,FALSE,T2_IFN_fixed32
990,0.914477461261086,0.914477461261086,0.968345323741007,FALSE,T2_IFN_fixed32
991,0.923228965923061,0.923228965923061,0.969784172661871,FALSE,T2_IFN_fixed32
992,0.957366223743403,0.957366223743403,0.988489208633094,FALSE,T2_IFN_fixed32
993,0.936642251474034,0.936642251474034,0.97410071942446,FALSE,T2_IFN_fixed32
994,0.985631618333816,0.985631618333816,0.994244604316547,FALSE,T2_IFN_fixed32
995,0.933266919510121,0.933266919510121,0.975539568345324,FALSE,T2_IFN_fixed32
996,0.924629905169978,0.924629905169978,0.971223021582734,FALSE,T2_IFN_fixed32
997,0.956242095424284,0.956242095424284,0.985611510791367,FALSE,T2_IFN_fixed32
998,0.950865517112059,0.950865517112059,0.984172661870504,FALSE,T2_IFN_fixed32
999,0.889771591008118,0.889771591008118,0.964028776978417,FALSE,T2_IFN_fixed32
1000,0.941170981867074,0.941170981867074,0.97841726618705,FALSE,T2_IFN_fixed32
1,0.864918673056806,0.864918673056806,0.959712230215827,FALSE,T2_IFN_Reactome
2,0.964829773304064,0.964829773304064,0.989928057553957,FALSE,T2_IFN_Reactome
3,0.967783301345964,0.967783301345964,0.988489208633094,FALSE,T2_IFN_Reactome
4,0.954483421558184,0.954483421558184,0.98705035971223,FALSE,T2_IFN_Reactome
5,0.96777448847084,0.96777448847084,0.988489208633094,FALSE,T2_IFN_Reactome
6,0.974282627727588,0.974282627727588,0.99136690647482,FALSE,T2_IFN_Reactome
7,0.90753254106537,0.90753254106537,0.965467625899281,FALSE,T2_IFN_Reactome
8,0.930516308253607,0.930516308253607,0.979856115107914,FALSE,T2_IFN_Reactome
9,0.925223490976076,0.925223490976076,0.97841726618705,FALSE,T2_IFN_Reactome
10,0.971026940360507,0.971026940360507,0.989928057553957,FALSE,T2_IFN_Reactome
11,0.900557773903936,0.900557773903936,0.969784172661871,FALSE,T2_IFN_Reactome
12,0.893881108749212,0.893881108749212,0.964028776978417,FALSE,T2_IFN_Reactome
13,0.918600780190335,0.918600780190335,0.972661870503597,FALSE,T2_IFN_Reactome
14,0.901328785966982,0.901328785966982,0.968345323741007,FALSE,T2_IFN_Reactome
15,0.924083318112069,0.924083318112069,0.976978417266187,FALSE,T2_IFN_Reactome
16,0.878600192739486,0.878600192739486,0.956834532374101,FALSE,T2_IFN_Reactome
17,0.974283561149408,0.974283561149408,0.99136690647482,FALSE,T2_IFN_Reactome
18,0.907106074249531,0.907106074249531,0.965467625899281,FALSE,T2_IFN_Reactome
19,0.96186697799259,0.96186697799259,0.985611510791367,FALSE,T2_IFN_Reactome
20,0.864759031234459,0.864759031234459,0.951079136690647,FALSE,T2_IFN_Reactome
21,0.952373887484462,0.952373887484462,0.98705035971223,FALSE,T2_IFN_Reactome
22,0.982703142674645,0.982703142674645,0.994244604316547,FALSE,T2_IFN_Reactome
23,0.91473332932106,0.91473332932106,0.972661870503597,FALSE,T2_IFN_Reactome
24,0.899347422478014,0.899347422478014,0.968345323741007,FALSE,T2_IFN_Reactome
25,0.850339940363503,0.850339940363503,0.949640287769784,FALSE,T2_IFN_Reactome
26,0.870467492372575,0.870467492372575,0.961151079136691,FALSE,T2_IFN_Reactome
27,0.891791322176802,0.891791322176802,0.961151079136691,FALSE,T2_IFN_Reactome
28,0.974315049158806,0.974315049158806,0.99136690647482,FALSE,T2_IFN_Reactome
29,0.936385855709272,0.936385855709272,0.979856115107914,FALSE,T2_IFN_Reactome
30,0.887397055859925,0.887397055859925,0.965467625899281,FALSE,T2_IFN_Reactome
31,0.913987724997703,0.913987724997703,0.97410071942446,FALSE,T2_IFN_Reactome
32,0.804367993646694,0.804367993646694,0.933812949640288,FALSE,T2_IFN_Reactome
33,0.948074554864759,0.948074554864759,0.981294964028777,FALSE,T2_IFN_Reactome
34,0.965061163267328,0.965061163267328,0.98705035971223,FALSE,T2_IFN_Reactome
35,0.914931190782494,0.914931190782494,0.966906474820144,FALSE,T2_IFN_Reactome
36,0.913839776585074,0.913839776585074,0.97410071942446,FALSE,T2_IFN_Reactome
37,0.949989778470184,0.949989778470184,0.984172661870504,FALSE,T2_IFN_Reactome
38,0.923948868048654,0.923948868048654,0.97410071942446,FALSE,T2_IFN_Reactome
39,0.922878310446298,0.922878310446298,0.975539568345324,FALSE,T2_IFN_Reactome
40,0.967171728156234,0.967171728156234,0.98705035971223,FALSE,T2_IFN_Reactome
41,0.938609162482439,0.938609162482439,0.979856115107914,FALSE,T2_IFN_Reactome
42,0.968761845369765,0.968761845369765,0.989928057553957,FALSE,T2_IFN_Reactome
43,0.955315238662274,0.955315238662274,0.985611510791367,FALSE,T2_IFN_Reactome
44,0.937412759118354,0.937412759118354,0.981294964028777,FALSE,T2_IFN_Reactome
45,0.919964797086852,0.919964797086852,0.97410071942446,FALSE,T2_IFN_Reactome
46,0.918915795863666,0.918915795863666,0.975539568345324,FALSE,T2_IFN_Reactome
47,0.90973054137874,0.90973054137874,0.971223021582734,FALSE,T2_IFN_Reactome
48,0.903637419005609,0.903637419005609,0.962589928057554,FALSE,T2_IFN_Reactome
49,0.899666297781792,0.899666297781792,0.962589928057554,FALSE,T2_IFN_Reactome
50,0.941698729691067,0.941698729691067,0.97841726618705,FALSE,T2_IFN_Reactome
51,0.930393716277126,0.930393716277126,0.979856115107914,FALSE,T2_IFN_Reactome
52,0.89199309029962,0.89199309029962,0.964028776978417,FALSE,T2_IFN_Reactome
53,0.902504546992202,0.902504546992202,0.969784172661871,FALSE,T2_IFN_Reactome
54,0.920285872979268,0.920285872979268,0.976978417266187,FALSE,T2_IFN_Reactome
55,0.958650769416062,0.958650769416062,0.984172661870504,FALSE,T2_IFN_Reactome
56,0.976326017551098,0.976326017551098,0.99136690647482,FALSE,T2_IFN_Reactome
57,0.936728467025726,0.936728467025726,0.97410071942446,FALSE,T2_IFN_Reactome
58,0.912588476980017,0.912588476980017,0.972661870503597,FALSE,T2_IFN_Reactome
59,0.908764329250088,0.908764329250088,0.972661870503597,FALSE,T2_IFN_Reactome
60,0.931663620396429,0.931663620396429,0.981294964028777,FALSE,T2_IFN_Reactome
61,0.915735744501814,0.915735744501814,0.97410071942446,FALSE,T2_IFN_Reactome
62,0.890800399189689,0.890800399189689,0.962589928057554,FALSE,T2_IFN_Reactome
63,0.96186697799259,0.96186697799259,0.985611510791367,FALSE,T2_IFN_Reactome
64,0.922938082279826,0.922938082279826,0.975539568345324,FALSE,T2_IFN_Reactome
65,0.897068284039078,0.897068284039078,0.962589928057554,FALSE,T2_IFN_Reactome
66,0.922859363511919,0.922859363511919,0.975539568345324,FALSE,T2_IFN_Reactome
67,0.979493274047052,0.979493274047052,0.992805755395683,FALSE,T2_IFN_Reactome
68,0.907991462352365,0.907991462352365,0.97410071942446,FALSE,T2_IFN_Reactome
69,0.910179599438887,0.910179599438887,0.97410071942446,FALSE,T2_IFN_Reactome
70,0.924118483562578,0.924118483562578,0.976978417266187,FALSE,T2_IFN_Reactome
71,0.906887619968319,0.906887619968319,0.972661870503597,FALSE,T2_IFN_Reactome
72,0.934399797742062,0.934399797742062,0.979856115107914,FALSE,T2_IFN_Reactome
73,0.911965506224717,0.911965506224717,0.97410071942446,FALSE,T2_IFN_Reactome
74,0.913662973527301,0.913662973527301,0.971223021582734,FALSE,T2_IFN_Reactome
75,0.977566562164823,0.977566562164823,0.992805755395683,FALSE,T2_IFN_Reactome
76,0.956348216885773,0.956348216885773,0.98705035971223,FALSE,T2_IFN_Reactome
77,0.946050170830233,0.946050170830233,0.984172661870504,FALSE,T2_IFN_Reactome
78,0.936778492144892,0.936778492144892,0.98273381294964,FALSE,T2_IFN_Reactome
79,0.883931165502543,0.883931165502543,0.958273381294964,FALSE,T2_IFN_Reactome
80,0.938575021839713,0.938575021839713,0.979856115107914,FALSE,T2_IFN_Reactome
81,0.956507906740456,0.956507906740456,0.98705035971223,FALSE,T2_IFN_Reactome
82,0.926514071893134,0.926514071893134,0.979856115107914,FALSE,T2_IFN_Reactome
83,0.968935871600002,0.968935871600002,0.989928057553957,FALSE,T2_IFN_Reactome
84,0.88804508201934,0.88804508201934,0.964028776978417,FALSE,T2_IFN_Reactome
85,0.970198819237268,0.970198819237268,0.988489208633094,FALSE,T2_IFN_Reactome
86,0.977363455000368,0.977363455000368,0.992805755395683,FALSE,T2_IFN_Reactome
87,0.878211307563025,0.878211307563025,0.956834532374101,FALSE,T2_IFN_Reactome
88,0.94904870506134,0.94904870506134,0.985611510791367,FALSE,T2_IFN_Reactome
89,0.879076062499125,0.879076062499125,0.959712230215827,FALSE,T2_IFN_Reactome
90,0.919833769458335,0.919833769458335,0.97410071942446,FALSE,T2_IFN_Reactome
91,0.968097778264088,0.968097778264088,0.988489208633094,FALSE,T2_IFN_Reactome
92,0.950165430203474,0.950165430203474,0.981294964028777,FALSE,T2_IFN_Reactome
93,0.903235053728195,0.903235053728195,0.965467625899281,FALSE,T2_IFN_Reactome
94,0.946788828307247,0.946788828307247,0.98273381294964,FALSE,T2_IFN_Reactome
95,0.972134387242544,0.972134387242544,0.99136690647482,FALSE,T2_IFN_Reactome
96,0.958419443302217,0.958419443302217,0.98705035971223,FALSE,T2_IFN_Reactome
97,0.962958921039004,0.962958921039004,0.984172661870504,FALSE,T2_IFN_Reactome
98,0.973079095675789,0.973079095675789,0.989928057553957,FALSE,T2_IFN_Reactome
99,0.883032938276074,0.883032938276074,0.959712230215827,FALSE,T2_IFN_Reactome
100,0.91498643359034,0.91498643359034,0.975539568345324,FALSE,T2_IFN_Reactome
101,0.915777338412091,0.915777338412091,0.97410071942446,FALSE,T2_IFN_Reactome
102,0.888520013532016,0.888520013532016,0.964028776978417,FALSE,T2_IFN_Reactome
103,0.916608999222958,0.916608999222958,0.972661870503597,FALSE,T2_IFN_Reactome
104,0.946774619078727,0.946774619078727,0.98273381294964,FALSE,T2_IFN_Reactome
105,0.863715491777417,0.863715491777417,0.953956834532374,FALSE,T2_IFN_Reactome
106,0.972348874179707,0.972348874179707,0.988489208633094,FALSE,T2_IFN_Reactome
107,0.922878310446298,0.922878310446298,0.975539568345324,FALSE,T2_IFN_Reactome
108,0.936293662359085,0.936293662359085,0.979856115107914,FALSE,T2_IFN_Reactome
109,0.938762262373835,0.938762262373835,0.98273381294964,FALSE,T2_IFN_Reactome
110,0.899819034425523,0.899819034425523,0.968345323741007,FALSE,T2_IFN_Reactome
111,0.937693028532202,0.937693028532202,0.97841726618705,FALSE,T2_IFN_Reactome
112,0.949131142554183,0.949131142554183,0.985611510791367,FALSE,T2_IFN_Reactome
113,0.923334079832706,0.923334079832706,0.97841726618705,FALSE,T2_IFN_Reactome
114,0.920215679210009,0.920215679210009,0.976978417266187,FALSE,T2_IFN_Reactome
115,0.970395282068845,0.970395282068845,0.988489208633094,FALSE,T2_IFN_Reactome
116,0.949124775092337,0.949124775092337,0.98273381294964,FALSE,T2_IFN_Reactome
117,0.961676906245186,0.961676906245186,0.988489208633094,FALSE,T2_IFN_Reactome
118,0.988077320174417,0.988077320174417,0.99568345323741,FALSE,T2_IFN_Reactome
119,0.935527102402884,0.935527102402884,0.981294964028777,FALSE,T2_IFN_Reactome
120,0.805707724940158,0.805707724940158,0.938129496402878,FALSE,T2_IFN_Reactome
121,0.988205182830758,0.988205182830758,0.99568345323741,FALSE,T2_IFN_Reactome
122,0.939586433536324,0.939586433536324,0.981294964028777,FALSE,T2_IFN_Reactome
123,0.948007568362945,0.948007568362945,0.984172661870504,FALSE,T2_IFN_Reactome
124,0.954095058811053,0.954095058811053,0.984172661870504,FALSE,T2_IFN_Reactome
125,0.89134639133509,0.89134639133509,0.965467625899281,FALSE,T2_IFN_Reactome
126,0.906822246669685,0.906822246669685,0.972661870503597,FALSE,T2_IFN_Reactome
127,0.917052664751581,0.917052664751581,0.975539568345324,FALSE,T2_IFN_Reactome
128,0.881848245074347,0.881848245074347,0.961151079136691,FALSE,T2_IFN_Reactome
129,0.968317485860906,0.968317485860906,0.985611510791367,FALSE,T2_IFN_Reactome
130,0.970103205594442,0.970103205594442,0.99136690647482,FALSE,T2_IFN_Reactome
131,0.943893474698638,0.943893474698638,0.981294964028777,FALSE,T2_IFN_Reactome
132,0.983717172626261,0.983717172626261,0.992805755395683,FALSE,T2_IFN_Reactome
133,0.912069439026858,0.912069439026858,0.97410071942446,FALSE,T2_IFN_Reactome
134,0.901370521661539,0.901370521661539,0.968345323741007,FALSE,T2_IFN_Reactome
135,0.918963960801024,0.918963960801024,0.975539568345324,FALSE,T2_IFN_Reactome
136,0.917801264331158,0.917801264331158,0.97410071942446,FALSE,T2_IFN_Reactome
137,0.939586433536324,0.939586433536324,0.981294964028777,FALSE,T2_IFN_Reactome
138,0.930121796473917,0.930121796473917,0.979856115107914,FALSE,T2_IFN_Reactome
139,0.970999839462056,0.970999839462056,0.989928057553957,FALSE,T2_IFN_Reactome
140,0.966100838085409,0.966100838085409,0.988489208633094,FALSE,T2_IFN_Reactome
141,0.864591846774452,0.864591846774452,0.953956834532374,FALSE,T2_IFN_Reactome
142,0.912831254199285,0.912831254199285,0.972661870503597,FALSE,T2_IFN_Reactome
143,0.894214175373799,0.894214175373799,0.964028776978417,FALSE,T2_IFN_Reactome
144,0.922046642108166,0.922046642108166,0.976978417266187,FALSE,T2_IFN_Reactome
145,0.911596038488285,0.911596038488285,0.971223021582734,FALSE,T2_IFN_Reactome
146,0.897244297391544,0.897244297391544,0.965467625899281,FALSE,T2_IFN_Reactome
147,0.869942231478177,0.869942231478177,0.955395683453238,FALSE,T2_IFN_Reactome
148,0.913594530943513,0.913594530943513,0.971223021582734,FALSE,T2_IFN_Reactome
149,0.915066573764017,0.915066573764017,0.975539568345324,FALSE,T2_IFN_Reactome
150,0.980690566951273,0.980690566951273,0.994244604316547,FALSE,T2_IFN_Reactome
151,0.96078294344583,0.96078294344583,0.984172661870504,FALSE,T2_IFN_Reactome
152,0.849602098383005,0.849602098383005,0.943884892086331,FALSE,T2_IFN_Reactome
153,0.903582754216672,0.903582754216672,0.971223021582734,FALSE,T2_IFN_Reactome
154,0.97464194099406,0.97464194099406,0.988489208633094,FALSE,T2_IFN_Reactome
155,0.89994755257761,0.89994755257761,0.964028776978417,FALSE,T2_IFN_Reactome
156,0.996852193273146,0.996852193273146,0.998561151079137,FALSE,T2_IFN_Reactome
157,0.909483964410089,0.909483964410089,0.971223021582734,FALSE,T2_IFN_Reactome
158,0.906451451648687,0.906451451648687,0.969784172661871,FALSE,T2_IFN_Reactome
159,0.968994886472587,0.968994886472587,0.989928057553957,FALSE,T2_IFN_Reactome
160,0.910287488759514,0.910287488759514,0.965467625899281,FALSE,T2_IFN_Reactome
161,0.97464194099406,0.97464194099406,0.988489208633094,FALSE,T2_IFN_Reactome
162,0.773597465209532,0.773597465209532,0.917985611510791,FALSE,T2_IFN_Reactome
163,0.930387735788446,0.930387735788446,0.979856115107914,FALSE,T2_IFN_Reactome
164,0.965665040670603,0.965665040670603,0.988489208633094,FALSE,T2_IFN_Reactome
165,0.954350792631632,0.954350792631632,0.98705035971223,FALSE,T2_IFN_Reactome
166,0.955465470985023,0.955465470985023,0.98273381294964,FALSE,T2_IFN_Reactome
167,0.949119515007802,0.949119515007802,0.985611510791367,FALSE,T2_IFN_Reactome
168,0.923023575465565,0.923023575465565,0.972661870503597,FALSE,T2_IFN_Reactome
169,0.923948868048654,0.923948868048654,0.97410071942446,FALSE,T2_IFN_Reactome
170,0.888193288676095,0.888193288676095,0.961151079136691,FALSE,T2_IFN_Reactome
171,0.982745192792429,0.982745192792429,0.994244604316547,FALSE,T2_IFN_Reactome
172,0.926050411511747,0.926050411511747,0.976978417266187,FALSE,T2_IFN_Reactome
173,0.970087328509135,0.970087328509135,0.99136690647482,FALSE,T2_IFN_Reactome
174,0.936341979186121,0.936341979186121,0.972661870503597,FALSE,T2_IFN_Reactome
175,0.926060080981158,0.926060080981158,0.976978417266187,FALSE,T2_IFN_Reactome
176,0.947164731906587,0.947164731906587,0.985611510791367,FALSE,T2_IFN_Reactome
177,0.903741448259828,0.903741448259828,0.965467625899281,FALSE,T2_IFN_Reactome
178,0.942801963717826,0.942801963717826,0.98273381294964,FALSE,T2_IFN_Reactome
179,0.976341706414846,0.976341706414846,0.99136690647482,FALSE,T2_IFN_Reactome
180,0.99025407190944,0.99025407190944,0.99568345323741,FALSE,T2_IFN_Reactome
181,0.93249168025476,0.93249168025476,0.979856115107914,FALSE,T2_IFN_Reactome
182,0.948477092928887,0.948477092928887,0.97841726618705,FALSE,T2_IFN_Reactome
183,0.965744643969424,0.965744643969424,0.988489208633094,FALSE,T2_IFN_Reactome
184,0.956504162408677,0.956504162408677,0.984172661870504,FALSE,T2_IFN_Reactome
185,0.932043252948721,0.932043252948721,0.976978417266187,FALSE,T2_IFN_Reactome
186,0.89546469122404,0.89546469122404,0.968345323741007,FALSE,T2_IFN_Reactome
187,0.919058305843872,0.919058305843872,0.975539568345324,FALSE,T2_IFN_Reactome
188,0.95497047713702,0.95497047713702,0.98273381294964,FALSE,T2_IFN_Reactome
189,0.941853339241249,0.941853339241249,0.97841726618705,FALSE,T2_IFN_Reactome
190,0.941916978815199,0.941916978815199,0.97841726618705,FALSE,T2_IFN_Reactome
191,0.958157033325955,0.958157033325955,0.98705035971223,FALSE,T2_IFN_Reactome
192,0.945743932828099,0.945743932828099,0.981294964028777,FALSE,T2_IFN_Reactome
193,0.807842567726891,0.807842567726891,0.922302158273381,FALSE,T2_IFN_Reactome
194,0.925722709834402,0.925722709834402,0.97410071942446,FALSE,T2_IFN_Reactome
195,0.877290969623602,0.877290969623602,0.956834532374101,FALSE,T2_IFN_Reactome
196,0.966994392349775,0.966994392349775,0.98705035971223,FALSE,T2_IFN_Reactome
197,0.892515653493865,0.892515653493865,0.966906474820144,FALSE,T2_IFN_Reactome
198,0.961660857220273,0.961660857220273,0.988489208633094,FALSE,T2_IFN_Reactome
199,0.899859607077374,0.899859607077374,0.961151079136691,FALSE,T2_IFN_Reactome
200,0.968935871600002,0.968935871600002,0.989928057553957,FALSE,T2_IFN_Reactome
201,0.910730325134119,0.910730325134119,0.972661870503597,FALSE,T2_IFN_Reactome
202,0.913063917460491,0.913063917460491,0.975539568345324,FALSE,T2_IFN_Reactome
203,0.964828242039653,0.964828242039653,0.989928057553957,FALSE,T2_IFN_Reactome
204,0.861894231535773,0.861894231535773,0.955395683453238,FALSE,T2_IFN_Reactome
205,0.901304993872096,0.901304993872096,0.968345323741007,FALSE,T2_IFN_Reactome
206,0.896742954895362,0.896742954895362,0.969784172661871,FALSE,T2_IFN_Reactome
207,0.966117805964465,0.966117805964465,0.985611510791367,FALSE,T2_IFN_Reactome
208,0.920024841093768,0.920024841093768,0.97410071942446,FALSE,T2_IFN_Reactome
209,0.891124614221172,0.891124614221172,0.965467625899281,FALSE,T2_IFN_Reactome
210,0.924108993496114,0.924108993496114,0.976978417266187,FALSE,T2_IFN_Reactome
211,0.976326188634891,0.976326188634891,0.99136690647482,FALSE,T2_IFN_Reactome
212,0.968026711076709,0.968026711076709,0.988489208633094,FALSE,T2_IFN_Reactome
213,0.915779633235453,0.915779633235453,0.97410071942446,FALSE,T2_IFN_Reactome
214,0.993425350535221,0.993425350535221,0.997122302158273,FALSE,T2_IFN_Reactome
215,0.890429876782096,0.890429876782096,0.966906474820144,FALSE,T2_IFN_Reactome
216,0.959591884984431,0.959591884984431,0.985611510791367,FALSE,T2_IFN_Reactome
217,0.930936277142227,0.930936277142227,0.97841726618705,FALSE,T2_IFN_Reactome
218,0.922410067897192,0.922410067897192,0.975539568345324,FALSE,T2_IFN_Reactome
219,0.90753254106537,0.90753254106537,0.965467625899281,FALSE,T2_IFN_Reactome
220,0.914678924119158,0.914678924119158,0.969784172661871,FALSE,T2_IFN_Reactome
221,0.897947996145896,0.897947996145896,0.971223021582734,FALSE,T2_IFN_Reactome
222,0.941575103116888,0.941575103116888,0.981294964028777,FALSE,T2_IFN_Reactome
223,0.923264346244295,0.923264346244295,0.97841726618705,FALSE,T2_IFN_Reactome
224,0.971035996117971,0.971035996117971,0.989928057553957,FALSE,T2_IFN_Reactome
225,0.922964599713476,0.922964599713476,0.975539568345324,FALSE,T2_IFN_Reactome
226,0.883178738104528,0.883178738104528,0.959712230215827,FALSE,T2_IFN_Reactome
227,0.942801963717826,0.942801963717826,0.98273381294964,FALSE,T2_IFN_Reactome
228,0.915779633235453,0.915779633235453,0.97410071942446,FALSE,T2_IFN_Reactome
229,0.923006637536355,0.923006637536355,0.975539568345324,FALSE,T2_IFN_Reactome
230,0.945970125735908,0.945970125735908,0.984172661870504,FALSE,T2_IFN_Reactome
231,0.965886447992039,0.965886447992039,0.988489208633094,FALSE,T2_IFN_Reactome
232,0.973079095675789,0.973079095675789,0.989928057553957,FALSE,T2_IFN_Reactome
233,0.930932702191216,0.930932702191216,0.971223021582734,FALSE,T2_IFN_Reactome
234,0.934392828920439,0.934392828920439,0.979856115107914,FALSE,T2_IFN_Reactome
235,0.898348424855442,0.898348424855442,0.964028776978417,FALSE,T2_IFN_Reactome
236,0.943685521666027,0.943685521666027,0.981294964028777,FALSE,T2_IFN_Reactome
237,0.918531684761645,0.918531684761645,0.969784172661871,FALSE,T2_IFN_Reactome
238,0.89272112418767,0.89272112418767,0.959712230215827,FALSE,T2_IFN_Reactome
239,0.91498643359034,0.91498643359034,0.975539568345324,FALSE,T2_IFN_Reactome
240,0.954350792631632,0.954350792631632,0.98705035971223,FALSE,T2_IFN_Reactome
241,0.891478717682245,0.891478717682245,0.965467625899281,FALSE,T2_IFN_Reactome
242,0.920902087969226,0.920902087969226,0.975539568345324,FALSE,T2_IFN_Reactome
243,0.899445620445617,0.899445620445617,0.968345323741007,FALSE,T2_IFN_Reactome
244,0.973077041798536,0.973077041798536,0.989928057553957,FALSE,T2_IFN_Reactome
245,0.9304052688328,0.9304052688328,0.976978417266187,FALSE,T2_IFN_Reactome
246,0.931953219339413,0.931953219339413,0.979856115107914,FALSE,T2_IFN_Reactome
247,0.894185316435553,0.894185316435553,0.966906474820144,FALSE,T2_IFN_Reactome
248,0.935555642308799,0.935555642308799,0.981294964028777,FALSE,T2_IFN_Reactome
249,0.931202923085827,0.931202923085827,0.97841726618705,FALSE,T2_IFN_Reactome
250,0.844938373434357,0.844938373434357,0.948201438848921,FALSE,T2_IFN_Reactome
251,0.93756640159025,0.93756640159025,0.97841726618705,FALSE,T2_IFN_Reactome
252,0.919895130792138,0.919895130792138,0.971223021582734,FALSE,T2_IFN_Reactome
253,0.913063917460491,0.913063917460491,0.975539568345324,FALSE,T2_IFN_Reactome
254,0.936373375329896,0.936373375329896,0.979856115107914,FALSE,T2_IFN_Reactome
255,0.937577408057816,0.937577408057816,0.97841726618705,FALSE,T2_IFN_Reactome
256,0.906991532031429,0.906991532031429,0.972661870503597,FALSE,T2_IFN_Reactome
257,0.930509690741552,0.930509690741552,0.979856115107914,FALSE,T2_IFN_Reactome
258,0.981732659671236,0.981732659671236,0.992805755395683,FALSE,T2_IFN_Reactome
259,0.943685521666027,0.943685521666027,0.981294964028777,FALSE,T2_IFN_Reactome
260,0.932352269231251,0.932352269231251,0.976978417266187,FALSE,T2_IFN_Reactome
261,0.947909330425374,0.947909330425374,0.984172661870504,FALSE,T2_IFN_Reactome
262,0.948589377386956,0.948589377386956,0.979856115107914,FALSE,T2_IFN_Reactome
263,0.87902179059466,0.87902179059466,0.959712230215827,FALSE,T2_IFN_Reactome
264,0.894243744161514,0.894243744161514,0.966906474820144,FALSE,T2_IFN_Reactome
265,0.955008550742442,0.955008550742442,0.98273381294964,FALSE,T2_IFN_Reactome
266,0.962485670256556,0.962485670256556,0.98705035971223,FALSE,T2_IFN_Reactome
267,0.90438121010543,0.90438121010543,0.964028776978417,FALSE,T2_IFN_Reactome
268,0.901326377060753,0.901326377060753,0.968345323741007,FALSE,T2_IFN_Reactome
269,0.882059054260708,0.882059054260708,0.961151079136691,FALSE,T2_IFN_Reactome
270,0.917996799672051,0.917996799672051,0.97410071942446,FALSE,T2_IFN_Reactome
271,0.954347563550846,0.954347563550846,0.98705035971223,FALSE,T2_IFN_Reactome
272,0.958462573018996,0.958462573018996,0.98705035971223,FALSE,T2_IFN_Reactome
273,0.927144638860177,0.927144638860177,0.975539568345324,FALSE,T2_IFN_Reactome
274,0.944954253715543,0.944954253715543,0.979856115107914,FALSE,T2_IFN_Reactome
275,0.9201053738167,0.9201053738167,0.976978417266187,FALSE,T2_IFN_Reactome
276,0.941265468529001,0.941265468529001,0.975539568345324,FALSE,T2_IFN_Reactome
277,0.923334079832706,0.923334079832706,0.97841726618705,FALSE,T2_IFN_Reactome
278,0.90758589864809,0.90758589864809,0.971223021582734,FALSE,T2_IFN_Reactome
279,0.913870743393587,0.913870743393587,0.97410071942446,FALSE,T2_IFN_Reactome
280,0.986156916685144,0.986156916685144,0.99568345323741,FALSE,T2_IFN_Reactome
281,0.91629227481812,0.91629227481812,0.969784172661871,FALSE,T2_IFN_Reactome
282,0.962485670256556,0.962485670256556,0.98705035971223,FALSE,T2_IFN_Reactome
283,0.944782411174593,0.944782411174593,0.98273381294964,FALSE,T2_IFN_Reactome
284,0.918033676769437,0.918033676769437,0.976978417266187,FALSE,T2_IFN_Reactome
285,0.902147572815145,0.902147572815145,0.966906474820144,FALSE,T2_IFN_Reactome
286,0.966994392349775,0.966994392349775,0.98705035971223,FALSE,T2_IFN_Reactome
287,0.904644112341687,0.904644112341687,0.969784172661871,FALSE,T2_IFN_Reactome
288,0.9646293620198,0.9646293620198,0.98705035971223,FALSE,T2_IFN_Reactome
289,0.949988416224505,0.949988416224505,0.984172661870504,FALSE,T2_IFN_Reactome
290,0.977582668360358,0.977582668360358,0.992805755395683,FALSE,T2_IFN_Reactome
291,0.978658332561865,0.978658332561865,0.994244604316547,FALSE,T2_IFN_Reactome
292,0.947084969579944,0.947084969579944,0.98273381294964,FALSE,T2_IFN_Reactome
293,0.955465470985023,0.955465470985023,0.98273381294964,FALSE,T2_IFN_Reactome
294,0.949995907657487,0.949995907657487,0.984172661870504,FALSE,T2_IFN_Reactome
295,0.897315280612079,0.897315280612079,0.968345323741007,FALSE,T2_IFN_Reactome
296,0.953354176205114,0.953354176205114,0.98273381294964,FALSE,T2_IFN_Reactome
297,0.870267096422169,0.870267096422169,0.953956834532374,FALSE,T2_IFN_Reactome
298,0.928417493932593,0.928417493932593,0.976978417266187,FALSE,T2_IFN_Reactome
299,0.975386131170138,0.975386131170138,0.992805755395683,FALSE,T2_IFN_Reactome
300,0.935535700707238,0.935535700707238,0.981294964028777,FALSE,T2_IFN_Reactome
301,0.927180426292713,0.927180426292713,0.97841726618705,FALSE,T2_IFN_Reactome
302,0.954471951131839,0.954471951131839,0.981294964028777,FALSE,T2_IFN_Reactome
303,0.891862670741348,0.891862670741348,0.961151079136691,FALSE,T2_IFN_Reactome
304,0.881484360654379,0.881484360654379,0.956834532374101,FALSE,T2_IFN_Reactome
305,0.817620159683761,0.817620159683761,0.945323741007194,FALSE,T2_IFN_Reactome
306,0.977432070330146,0.977432070330146,0.992805755395683,FALSE,T2_IFN_Reactome
307,0.896119301797723,0.896119301797723,0.966906474820144,FALSE,T2_IFN_Reactome
308,0.956507906740456,0.956507906740456,0.98705035971223,FALSE,T2_IFN_Reactome
309,0.914642427877934,0.914642427877934,0.966906474820144,FALSE,T2_IFN_Reactome
310,0.88487053959164,0.88487053959164,0.959712230215827,FALSE,T2_IFN_Reactome
311,0.986005344891486,0.986005344891486,0.99568345323741,FALSE,T2_IFN_Reactome
312,0.96372204966109,0.96372204966109,0.988489208633094,FALSE,T2_IFN_Reactome
313,0.927182805683488,0.927182805683488,0.97841726618705,FALSE,T2_IFN_Reactome
314,0.866707332337102,0.866707332337102,0.961151079136691,FALSE,T2_IFN_Reactome
315,0.926178801263893,0.926178801263893,0.97410071942446,FALSE,T2_IFN_Reactome
316,0.913070550805388,0.913070550805388,0.975539568345324,FALSE,T2_IFN_Reactome
317,0.918986242491857,0.918986242491857,0.975539568345324,FALSE,T2_IFN_Reactome
318,0.9743161922355,0.9743161922355,0.99136690647482,FALSE,T2_IFN_Reactome
319,0.93756640159025,0.93756640159025,0.97841726618705,FALSE,T2_IFN_Reactome
320,0.945969044021419,0.945969044021419,0.984172661870504,FALSE,T2_IFN_Reactome
321,0.972137269141415,0.972137269141415,0.99136690647482,FALSE,T2_IFN_Reactome
322,0.897438150620432,0.897438150620432,0.968345323741007,FALSE,T2_IFN_Reactome
323,0.975390416972869,0.975390416972869,0.992805755395683,FALSE,T2_IFN_Reactome
324,0.996707640409122,0.996707640409122,0.998561151079137,FALSE,T2_IFN_Reactome
325,0.978388639563911,0.978388639563911,0.99136690647482,FALSE,T2_IFN_Reactome
326,0.870215676120013,0.870215676120013,0.953956834532374,FALSE,T2_IFN_Reactome
327,0.971035996117971,0.971035996117971,0.989928057553957,FALSE,T2_IFN_Reactome
328,0.969881779840388,0.969881779840388,0.988489208633094,FALSE,T2_IFN_Reactome
329,0.915161321380982,0.915161321380982,0.975539568345324,FALSE,T2_IFN_Reactome
330,0.961310278255316,0.961310278255316,0.985611510791367,FALSE,T2_IFN_Reactome
331,0.940174818588428,0.940174818588428,0.976978417266187,FALSE,T2_IFN_Reactome
332,0.86151041050639,0.86151041050639,0.949640287769784,FALSE,T2_IFN_Reactome
333,0.917724102012105,0.917724102012105,0.966906474820144,FALSE,T2_IFN_Reactome
334,0.946987584168267,0.946987584168267,0.979856115107914,FALSE,T2_IFN_Reactome
335,0.907979203180107,0.907979203180107,0.97410071942446,FALSE,T2_IFN_Reactome
336,0.925581359405158,0.925581359405158,0.969784172661871,FALSE,T2_IFN_Reactome
337,0.928427961155223,0.928427961155223,0.979856115107914,FALSE,T2_IFN_Reactome
338,0.970105182839741,0.970105182839741,0.99136690647482,FALSE,T2_IFN_Reactome
339,0.961588279297305,0.961588279297305,0.988489208633094,FALSE,T2_IFN_Reactome
340,0.946750813489617,0.946750813489617,0.98273381294964,FALSE,T2_IFN_Reactome
341,0.886048267452985,0.886048267452985,0.964028776978417,FALSE,T2_IFN_Reactome
342,0.863998544083465,0.863998544083465,0.948201438848921,FALSE,T2_IFN_Reactome
343,0.9201053738167,0.9201053738167,0.976978417266187,FALSE,T2_IFN_Reactome
344,0.893183423902388,0.893183423902388,0.965467625899281,FALSE,T2_IFN_Reactome
345,0.906899273994335,0.906899273994335,0.972661870503597,FALSE,T2_IFN_Reactome
346,0.890038116444442,0.890038116444442,0.955395683453238,FALSE,T2_IFN_Reactome
347,0.908033539415386,0.908033539415386,0.966906474820144,FALSE,T2_IFN_Reactome
348,0.971967698627851,0.971967698627851,0.988489208633094,FALSE,T2_IFN_Reactome
349,0.893035491228659,0.893035491228659,0.965467625899281,FALSE,T2_IFN_Reactome
350,0.991339701573568,0.991339701573568,0.997122302158273,FALSE,T2_IFN_Reactome
351,0.907354400381461,0.907354400381461,0.968345323741007,FALSE,T2_IFN_Reactome
352,0.928415470426062,0.928415470426062,0.979856115107914,FALSE,T2_IFN_Reactome
353,0.938356989435818,0.938356989435818,0.979856115107914,FALSE,T2_IFN_Reactome
354,0.930359986038385,0.930359986038385,0.976978417266187,FALSE,T2_IFN_Reactome
355,0.888389336961391,0.888389336961391,0.964028776978417,FALSE,T2_IFN_Reactome
356,0.920564801894643,0.920564801894643,0.972661870503597,FALSE,T2_IFN_Reactome
357,0.920249543704948,0.920249543704948,0.976978417266187,FALSE,T2_IFN_Reactome
358,0.943055035499759,0.943055035499759,0.976978417266187,FALSE,T2_IFN_Reactome
359,0.941481694024809,0.941481694024809,0.97410071942446,FALSE,T2_IFN_Reactome
360,0.8699510259788,0.8699510259788,0.955395683453238,FALSE,T2_IFN_Reactome
361,0.976509751432485,0.976509751432485,0.99136690647482,FALSE,T2_IFN_Reactome
362,0.962508506264129,0.962508506264129,0.98705035971223,FALSE,T2_IFN_Reactome
363,0.930377234871701,0.930377234871701,0.979856115107914,FALSE,T2_IFN_Reactome
364,0.941810376403924,0.941810376403924,0.981294964028777,FALSE,T2_IFN_Reactome
365,0.925965551083408,0.925965551083408,0.976978417266187,FALSE,T2_IFN_Reactome
366,0.900557773903936,0.900557773903936,0.969784172661871,FALSE,T2_IFN_Reactome
367,0.964828242039653,0.964828242039653,0.989928057553957,FALSE,T2_IFN_Reactome
368,0.99135057788472,0.99135057788472,0.997122302158273,FALSE,T2_IFN_Reactome
369,0.888083333760288,0.888083333760288,0.964028776978417,FALSE,T2_IFN_Reactome
370,0.956507906740456,0.956507906740456,0.98705035971223,FALSE,T2_IFN_Reactome
371,0.866728547454444,0.866728547454444,0.952517985611511,FALSE,T2_IFN_Reactome
372,0.940651475513497,0.940651475513497,0.98273381294964,FALSE,T2_IFN_Reactome
373,0.967602984080751,0.967602984080751,0.988489208633094,FALSE,T2_IFN_Reactome
374,0.872967198029621,0.872967198029621,0.956834532374101,FALSE,T2_IFN_Reactome
375,0.930074565883998,0.930074565883998,0.976978417266187,FALSE,T2_IFN_Reactome
376,0.976322781291934,0.976322781291934,0.99136690647482,FALSE,T2_IFN_Reactome
377,0.919964797086852,0.919964797086852,0.97410071942446,FALSE,T2_IFN_Reactome
378,0.940778990819694,0.940778990819694,0.98273381294964,FALSE,T2_IFN_Reactome
379,0.931201787770989,0.931201787770989,0.975539568345324,FALSE,T2_IFN_Reactome
380,0.844965490034465,0.844965490034465,0.948201438848921,FALSE,T2_IFN_Reactome
381,0.918164783745873,0.918164783745873,0.976978417266187,FALSE,T2_IFN_Reactome
382,0.910730325134119,0.910730325134119,0.972661870503597,FALSE,T2_IFN_Reactome
383,0.976326017551098,0.976326017551098,0.99136690647482,FALSE,T2_IFN_Reactome
384,0.950002716103802,0.950002716103802,0.984172661870504,FALSE,T2_IFN_Reactome
385,0.977430473135645,0.977430473135645,0.992805755395683,FALSE,T2_IFN_Reactome
386,0.91894872764527,0.91894872764527,0.975539568345324,FALSE,T2_IFN_Reactome
387,0.829730509235013,0.829730509235013,0.939568345323741,FALSE,T2_IFN_Reactome
388,0.938642292736208,0.938642292736208,0.98273381294964,FALSE,T2_IFN_Reactome
389,0.908679007619156,0.908679007619156,0.972661870503597,FALSE,T2_IFN_Reactome
390,0.92003395645642,0.92003395645642,0.97410071942446,FALSE,T2_IFN_Reactome
391,0.917996799672051,0.917996799672051,0.97410071942446,FALSE,T2_IFN_Reactome
392,0.920423326795813,0.920423326795813,0.975539568345324,FALSE,T2_IFN_Reactome
393,0.893203288304189,0.893203288304189,0.965467625899281,FALSE,T2_IFN_Reactome
394,0.910710389153321,0.910710389153321,0.972661870503597,FALSE,T2_IFN_Reactome
395,0.974186921228675,0.974186921228675,0.99136690647482,FALSE,T2_IFN_Reactome
396,0.91601144385897,0.91601144385897,0.97410071942446,FALSE,T2_IFN_Reactome
397,0.989293468791697,0.989293468791697,0.997122302158273,FALSE,T2_IFN_Reactome
398,0.994638573646044,0.994638573646044,0.998561151079137,FALSE,T2_IFN_Reactome
399,0.857053779695977,0.857053779695977,0.953956834532374,FALSE,T2_IFN_Reactome
400,0.961689265314532,0.961689265314532,0.988489208633094,FALSE,T2_IFN_Reactome
401,0.936341979186121,0.936341979186121,0.972661870503597,FALSE,T2_IFN_Reactome
402,0.932691366323434,0.932691366323434,0.97410071942446,FALSE,T2_IFN_Reactome
403,0.975676008098971,0.975676008098971,0.989928057553957,FALSE,T2_IFN_Reactome
404,0.918115378344764,0.918115378344764,0.97410071942446,FALSE,T2_IFN_Reactome
405,0.904547604172665,0.904547604172665,0.969784172661871,FALSE,T2_IFN_Reactome
406,0.916782065255585,0.916782065255585,0.972661870503597,FALSE,T2_IFN_Reactome
407,0.913508881073172,0.913508881073172,0.968345323741007,FALSE,T2_IFN_Reactome
408,0.950142224654984,0.950142224654984,0.984172661870504,FALSE,T2_IFN_Reactome
409,0.937616824711363,0.937616824711363,0.981294964028777,FALSE,T2_IFN_Reactome
410,0.909559419965197,0.909559419965197,0.971223021582734,FALSE,T2_IFN_Reactome
411,0.932934228783427,0.932934228783427,0.975539568345324,FALSE,T2_IFN_Reactome
412,0.948008342167963,0.948008342167963,0.984172661870504,FALSE,T2_IFN_Reactome
413,0.976375562313008,0.976375562313008,0.99136690647482,FALSE,T2_IFN_Reactome
414,0.974282627727588,0.974282627727588,0.99136690647482,FALSE,T2_IFN_Reactome
415,0.933724075623639,0.933724075623639,0.981294964028777,FALSE,T2_IFN_Reactome
416,0.915117450733992,0.915117450733992,0.975539568345324,FALSE,T2_IFN_Reactome
417,0.923334079832706,0.923334079832706,0.97841726618705,FALSE,T2_IFN_Reactome
418,0.958468000722639,0.958468000722639,0.98705035971223,FALSE,T2_IFN_Reactome
419,0.922167165690932,0.922167165690932,0.976978417266187,FALSE,T2_IFN_Reactome
420,0.920902087969226,0.920902087969226,0.975539568345324,FALSE,T2_IFN_Reactome
421,0.913127270318235,0.913127270318235,0.975539568345324,FALSE,T2_IFN_Reactome
422,0.967784530235383,0.967784530235383,0.988489208633094,FALSE,T2_IFN_Reactome
423,0.941804267951464,0.941804267951464,0.981294964028777,FALSE,T2_IFN_Reactome
424,0.868053120173159,0.868053120173159,0.955395683453238,FALSE,T2_IFN_Reactome
425,0.898036245002915,0.898036245002915,0.959712230215827,FALSE,T2_IFN_Reactome
426,0.925254644134104,0.925254644134104,0.97841726618705,FALSE,T2_IFN_Reactome
427,0.966994392349775,0.966994392349775,0.98705035971223,FALSE,T2_IFN_Reactome
428,0.958654133986761,0.958654133986761,0.984172661870504,FALSE,T2_IFN_Reactome
429,0.909596325730273,0.909596325730273,0.971223021582734,FALSE,T2_IFN_Reactome
430,0.944881344757615,0.944881344757615,0.98273381294964,FALSE,T2_IFN_Reactome
431,0.879690628866771,0.879690628866771,0.958273381294964,FALSE,T2_IFN_Reactome
432,0.905587105677923,0.905587105677923,0.971223021582734,FALSE,T2_IFN_Reactome
433,0.927274613270625,0.927274613270625,0.97841726618705,FALSE,T2_IFN_Reactome
434,0.938642292736208,0.938642292736208,0.98273381294964,FALSE,T2_IFN_Reactome
435,0.94478617047013,0.94478617047013,0.98273381294964,FALSE,T2_IFN_Reactome
436,0.904104546050768,0.904104546050768,0.966906474820144,FALSE,T2_IFN_Reactome
437,0.907539492711269,0.907539492711269,0.961151079136691,FALSE,T2_IFN_Reactome
438,0.878183022596345,0.878183022596345,0.958273381294964,FALSE,T2_IFN_Reactome
439,0.907573142404003,0.907573142404003,0.971223021582734,FALSE,T2_IFN_Reactome
440,0.955374140938549,0.955374140938549,0.985611510791367,FALSE,T2_IFN_Reactome
441,0.903274023969587,0.903274023969587,0.968345323741007,FALSE,T2_IFN_Reactome
442,0.978736433129986,0.978736433129986,0.99136690647482,FALSE,T2_IFN_Reactome
443,0.897378905649175,0.897378905649175,0.968345323741007,FALSE,T2_IFN_Reactome
444,0.890517019778534,0.890517019778534,0.966906474820144,FALSE,T2_IFN_Reactome
445,0.895197521211664,0.895197521211664,0.965467625899281,FALSE,T2_IFN_Reactome
446,0.980704060981273,0.980704060981273,0.994244604316547,FALSE,T2_IFN_Reactome
447,0.899375194821914,0.899375194821914,0.965467625899281,FALSE,T2_IFN_Reactome
448,0.874172423547503,0.874172423547503,0.955395683453238,FALSE,T2_IFN_Reactome
449,0.920930526659173,0.920930526659173,0.975539568345324,FALSE,T2_IFN_Reactome
450,0.860592967783009,0.860592967783009,0.958273381294964,FALSE,T2_IFN_Reactome
451,0.92959414478648,0.92959414478648,0.972661870503597,FALSE,T2_IFN_Reactome
452,0.89201962233467,0.89201962233467,0.964028776978417,FALSE,T2_IFN_Reactome
453,0.951309712325229,0.951309712325229,0.98273381294964,FALSE,T2_IFN_Reactome
454,0.969294696010774,0.969294696010774,0.98705035971223,FALSE,T2_IFN_Reactome
455,0.958652227463928,0.958652227463928,0.984172661870504,FALSE,T2_IFN_Reactome
456,0.934408015475164,0.934408015475164,0.979856115107914,FALSE,T2_IFN_Reactome
457,0.871067720359097,0.871067720359097,0.956834532374101,FALSE,T2_IFN_Reactome
458,0.969854211427163,0.969854211427163,0.988489208633094,FALSE,T2_IFN_Reactome
459,0.955465470985023,0.955465470985023,0.98273381294964,FALSE,T2_IFN_Reactome
460,0.975540584628958,0.975540584628958,0.989928057553957,FALSE,T2_IFN_Reactome
461,0.877598338201888,0.877598338201888,0.958273381294964,FALSE,T2_IFN_Reactome
462,0.937468552286748,0.937468552286748,0.981294964028777,FALSE,T2_IFN_Reactome
463,0.936005996684674,0.936005996684674,0.972661870503597,FALSE,T2_IFN_Reactome
464,0.972226180322865,0.972226180322865,0.99136690647482,FALSE,T2_IFN_Reactome
465,0.937468552286748,0.937468552286748,0.981294964028777,FALSE,T2_IFN_Reactome
466,0.979584014714673,0.979584014714673,0.992805755395683,FALSE,T2_IFN_Reactome
467,0.970209256528868,0.970209256528868,0.988489208633094,FALSE,T2_IFN_Reactome
468,0.979586431495159,0.979586431495159,0.992805755395683,FALSE,T2_IFN_Reactome
469,0.881708067941747,0.881708067941747,0.965467625899281,FALSE,T2_IFN_Reactome
470,0.892062084970556,0.892062084970556,0.964028776978417,FALSE,T2_IFN_Reactome
471,0.898143442495039,0.898143442495039,0.966906474820144,FALSE,T2_IFN_Reactome
472,0.941596311846287,0.941596311846287,0.97410071942446,FALSE,T2_IFN_Reactome
473,0.977432070330146,0.977432070330146,0.992805755395683,FALSE,T2_IFN_Reactome
474,0.832979208810247,0.832979208810247,0.942446043165468,FALSE,T2_IFN_Reactome
475,0.880589131563324,0.880589131563324,0.959712230215827,FALSE,T2_IFN_Reactome
476,0.928395485575553,0.928395485575553,0.979856115107914,FALSE,T2_IFN_Reactome
477,0.934466667406139,0.934466667406139,0.976978417266187,FALSE,T2_IFN_Reactome
478,0.94904870506134,0.94904870506134,0.985611510791367,FALSE,T2_IFN_Reactome
479,0.927181219440249,0.927181219440249,0.97841726618705,FALSE,T2_IFN_Reactome
480,0.935582799832128,0.935582799832128,0.97841726618705,FALSE,T2_IFN_Reactome
481,0.876112507046219,0.876112507046219,0.958273381294964,FALSE,T2_IFN_Reactome
482,0.905854608986737,0.905854608986737,0.971223021582734,FALSE,T2_IFN_Reactome
483,0.90299024182226,0.90299024182226,0.972661870503597,FALSE,T2_IFN_Reactome
484,0.926910577781943,0.926910577781943,0.975539568345324,FALSE,T2_IFN_Reactome
485,0.862479435787464,0.862479435787464,0.951079136690647,FALSE,T2_IFN_Reactome
486,0.888194196559137,0.888194196559137,0.961151079136691,FALSE,T2_IFN_Reactome
487,0.940780061993835,0.940780061993835,0.979856115107914,FALSE,T2_IFN_Reactome
488,0.921890189724801,0.921890189724801,0.976978417266187,FALSE,T2_IFN_Reactome
489,0.968935871600002,0.968935871600002,0.989928057553957,FALSE,T2_IFN_Reactome
490,0.906453735468116,0.906453735468116,0.969784172661871,FALSE,T2_IFN_Reactome
491,0.936113433630481,0.936113433630481,0.972661870503597,FALSE,T2_IFN_Reactome
492,0.953227934888247,0.953227934888247,0.985611510791367,FALSE,T2_IFN_Reactome
493,0.925586991519551,0.925586991519551,0.969784172661871,FALSE,T2_IFN_Reactome
494,0.989293468791697,0.989293468791697,0.997122302158273,FALSE,T2_IFN_Reactome
495,0.942801963717826,0.942801963717826,0.98273381294964,FALSE,T2_IFN_Reactome
496,0.948800311577002,0.948800311577002,0.98273381294964,FALSE,T2_IFN_Reactome
497,0.924088516275173,0.924088516275173,0.976978417266187,FALSE,T2_IFN_Reactome
498,0.866963712076788,0.866963712076788,0.961151079136691,FALSE,T2_IFN_Reactome
499,0.95764923029694,0.95764923029694,0.98273381294964,FALSE,T2_IFN_Reactome
500,0.933673279645264,0.933673279645264,0.97841726618705,FALSE,T2_IFN_Reactome
501,0.887808083375838,0.887808083375838,0.961151079136691,FALSE,T2_IFN_Reactome
502,0.861992810576421,0.861992810576421,0.955395683453238,FALSE,T2_IFN_Reactome
503,0.973112481146816,0.973112481146816,0.989928057553957,FALSE,T2_IFN_Reactome
504,0.930427296751553,0.930427296751553,0.976978417266187,FALSE,T2_IFN_Reactome
505,0.943102159819988,0.943102159819988,0.976978417266187,FALSE,T2_IFN_Reactome
506,0.935527102402884,0.935527102402884,0.981294964028777,FALSE,T2_IFN_Reactome
507,0.985087709893578,0.985087709893578,0.994244604316547,FALSE,T2_IFN_Reactome
508,0.938866727922262,0.938866727922262,0.979856115107914,FALSE,T2_IFN_Reactome
509,0.902101812704898,0.902101812704898,0.966906474820144,FALSE,T2_IFN_Reactome
510,0.948865605667965,0.948865605667965,0.98273381294964,FALSE,T2_IFN_Reactome
511,0.940741313815149,0.940741313815149,0.98273381294964,FALSE,T2_IFN_Reactome
512,0.889115550638197,0.889115550638197,0.965467625899281,FALSE,T2_IFN_Reactome
513,0.938620284689712,0.938620284689712,0.98273381294964,FALSE,T2_IFN_Reactome
514,0.881129276704686,0.881129276704686,0.959712230215827,FALSE,T2_IFN_Reactome
515,0.864869682362753,0.864869682362753,0.956834532374101,FALSE,T2_IFN_Reactome
516,0.960471739930817,0.960471739930817,0.98705035971223,FALSE,T2_IFN_Reactome
517,0.889779076989805,0.889779076989805,0.961151079136691,FALSE,T2_IFN_Reactome
518,0.941565551207052,0.941565551207052,0.981294964028777,FALSE,T2_IFN_Reactome
519,0.959743878868493,0.959743878868493,0.985611510791367,FALSE,T2_IFN_Reactome
520,0.947033046508572,0.947033046508572,0.98273381294964,FALSE,T2_IFN_Reactome
521,0.979436616615392,0.979436616615392,0.992805755395683,FALSE,T2_IFN_Reactome
522,0.947169759950956,0.947169759950956,0.985611510791367,FALSE,T2_IFN_Reactome
523,0.86387231833617,0.86387231833617,0.955395683453238,FALSE,T2_IFN_Reactome
524,0.888083333760288,0.888083333760288,0.964028776978417,FALSE,T2_IFN_Reactome
525,0.917951894917063,0.917951894917063,0.968345323741007,FALSE,T2_IFN_Reactome
526,0.936385855709272,0.936385855709272,0.979856115107914,FALSE,T2_IFN_Reactome
527,0.933921786916309,0.933921786916309,0.979856115107914,FALSE,T2_IFN_Reactome
528,0.920120720172875,0.920120720172875,0.976978417266187,FALSE,T2_IFN_Reactome
529,0.856098355356923,0.856098355356923,0.955395683453238,FALSE,T2_IFN_Reactome
530,0.951269941151007,0.951269941151007,0.98273381294964,FALSE,T2_IFN_Reactome
531,0.972254220805893,0.972254220805893,0.99136690647482,FALSE,T2_IFN_Reactome
532,0.91677513419228,0.91677513419228,0.969784172661871,FALSE,T2_IFN_Reactome
533,0.922083729166122,0.922083729166122,0.976978417266187,FALSE,T2_IFN_Reactome
534,0.928880126711171,0.928880126711171,0.975539568345324,FALSE,T2_IFN_Reactome
535,0.92525499370839,0.92525499370839,0.97841726618705,FALSE,T2_IFN_Reactome
536,0.96078294344583,0.96078294344583,0.984172661870504,FALSE,T2_IFN_Reactome
537,0.915470820297647,0.915470820297647,0.971223021582734,FALSE,T2_IFN_Reactome
538,0.97632666122726,0.97632666122726,0.99136690647482,FALSE,T2_IFN_Reactome
539,0.942801963717826,0.942801963717826,0.98273381294964,FALSE,T2_IFN_Reactome
540,0.916443877747561,0.916443877747561,0.975539568345324,FALSE,T2_IFN_Reactome
541,0.917094492285645,0.917094492285645,0.975539568345324,FALSE,T2_IFN_Reactome
542,0.928145591353474,0.928145591353474,0.976978417266187,FALSE,T2_IFN_Reactome
543,0.945969044021419,0.945969044021419,0.984172661870504,FALSE,T2_IFN_Reactome
544,0.893183423902388,0.893183423902388,0.965467625899281,FALSE,T2_IFN_Reactome
545,0.97464194099406,0.97464194099406,0.988489208633094,FALSE,T2_IFN_Reactome
546,0.915066573764017,0.915066573764017,0.975539568345324,FALSE,T2_IFN_Reactome
547,0.894185316435553,0.894185316435553,0.966906474820144,FALSE,T2_IFN_Reactome
548,0.828420541352426,0.828420541352426,0.948201438848921,FALSE,T2_IFN_Reactome
549,0.910674625538203,0.910674625538203,0.972661870503597,FALSE,T2_IFN_Reactome
550,0.963964290706084,0.963964290706084,0.985611510791367,FALSE,T2_IFN_Reactome
551,1,1,1,FALSE,T2_IFN_Reactome
552,0.923164987501811,0.923164987501811,0.97841726618705,FALSE,T2_IFN_Reactome
553,0.916799787393203,0.916799787393203,0.975539568345324,FALSE,T2_IFN_Reactome
554,0.973080748716166,0.973080748716166,0.989928057553957,FALSE,T2_IFN_Reactome
555,0.937568772541985,0.937568772541985,0.97841726618705,FALSE,T2_IFN_Reactome
556,0.955250234900937,0.955250234900937,0.98273381294964,FALSE,T2_IFN_Reactome
557,0.954278253467799,0.954278253467799,0.98705035971223,FALSE,T2_IFN_Reactome
558,0.960797783780778,0.960797783780778,0.984172661870504,FALSE,T2_IFN_Reactome
559,0.904821363791028,0.904821363791028,0.964028776978417,FALSE,T2_IFN_Reactome
560,0.949237530430712,0.949237530430712,0.979856115107914,FALSE,T2_IFN_Reactome
561,0.93359490539984,0.93359490539984,0.97841726618705,FALSE,T2_IFN_Reactome
562,0.93089983204153,0.93089983204153,0.975539568345324,FALSE,T2_IFN_Reactome
563,0.904522971102529,0.904522971102529,0.969784172661871,FALSE,T2_IFN_Reactome
564,0.944079160500186,0.944079160500186,0.984172661870504,FALSE,T2_IFN_Reactome
565,0.915846237577784,0.915846237577784,0.968345323741007,FALSE,T2_IFN_Reactome
566,0.93324988800397,0.93324988800397,0.97841726618705,FALSE,T2_IFN_Reactome
567,0.91469604389001,0.91469604389001,0.972661870503597,FALSE,T2_IFN_Reactome
568,0.918368425770087,0.918368425770087,0.964028776978417,FALSE,T2_IFN_Reactome
569,0.966994392349775,0.966994392349775,0.98705035971223,FALSE,T2_IFN_Reactome
570,0.988060219397935,0.988060219397935,0.99568345323741,FALSE,T2_IFN_Reactome
571,0.980655853942153,0.980655853942153,0.994244604316547,FALSE,T2_IFN_Reactome
572,0.945490683386253,0.945490683386253,0.97841726618705,FALSE,T2_IFN_Reactome
573,0.913594530943513,0.913594530943513,0.971223021582734,FALSE,T2_IFN_Reactome
574,0.973361840529696,0.973361840529696,0.992805755395683,FALSE,T2_IFN_Reactome
575,0.978655894502799,0.978655894502799,0.994244604316547,FALSE,T2_IFN_Reactome
576,0.929248487399552,0.929248487399552,0.975539568345324,FALSE,T2_IFN_Reactome
577,0.864325623670304,0.864325623670304,0.952517985611511,FALSE,T2_IFN_Reactome
578,0.931391009506205,0.931391009506205,0.972661870503597,FALSE,T2_IFN_Reactome
579,0.947160277696538,0.947160277696538,0.985611510791367,FALSE,T2_IFN_Reactome
580,0.862057122195251,0.862057122195251,0.955395683453238,FALSE,T2_IFN_Reactome
581,0.864152564161517,0.864152564161517,0.952517985611511,FALSE,T2_IFN_Reactome
582,0.979436616615392,0.979436616615392,0.992805755395683,FALSE,T2_IFN_Reactome
583,0.982745803347614,0.982745803347614,0.994244604316547,FALSE,T2_IFN_Reactome
584,0.910339520777316,0.910339520777316,0.969784172661871,FALSE,T2_IFN_Reactome
585,0.931107083536133,0.931107083536133,0.97841726618705,FALSE,T2_IFN_Reactome
586,0.949988416224505,0.949988416224505,0.984172661870504,FALSE,T2_IFN_Reactome
587,0.936587395009867,0.936587395009867,0.979856115107914,FALSE,T2_IFN_Reactome
588,0.893364647853969,0.893364647853969,0.965467625899281,FALSE,T2_IFN_Reactome
589,0.926180201977222,0.926180201977222,0.97410071942446,FALSE,T2_IFN_Reactome
590,0.98819628995054,0.98819628995054,0.99568345323741,FALSE,T2_IFN_Reactome
591,0.960813050751628,0.960813050751628,0.984172661870504,FALSE,T2_IFN_Reactome
592,0.911635588648425,0.911635588648425,0.971223021582734,FALSE,T2_IFN_Reactome
593,0.927129135688569,0.927129135688569,0.97841726618705,FALSE,T2_IFN_Reactome
594,0.922277392498241,0.922277392498241,0.976978417266187,FALSE,T2_IFN_Reactome
595,0.899803183658499,0.899803183658499,0.962589928057554,FALSE,T2_IFN_Reactome
596,0.895197521211664,0.895197521211664,0.965467625899281,FALSE,T2_IFN_Reactome
597,0.908120297295611,0.908120297295611,0.966906474820144,FALSE,T2_IFN_Reactome
598,0.975387052495412,0.975387052495412,0.992805755395683,FALSE,T2_IFN_Reactome
599,0.929197057108158,0.929197057108158,0.97841726618705,FALSE,T2_IFN_Reactome
600,0.932352269231251,0.932352269231251,0.976978417266187,FALSE,T2_IFN_Reactome
601,0.969854211427163,0.969854211427163,0.988489208633094,FALSE,T2_IFN_Reactome
602,0.973077041798536,0.973077041798536,0.989928057553957,FALSE,T2_IFN_Reactome
603,0.927996584816792,0.927996584816792,0.97410071942446,FALSE,T2_IFN_Reactome
604,0.920464189872023,0.920464189872023,0.969784172661871,FALSE,T2_IFN_Reactome
605,0.913894188281791,0.913894188281791,0.97410071942446,FALSE,T2_IFN_Reactome
606,0.913856201150157,0.913856201150157,0.97410071942446,FALSE,T2_IFN_Reactome
607,0.904841969937995,0.904841969937995,0.972661870503597,FALSE,T2_IFN_Reactome
608,0.986978208578258,0.986978208578258,0.994244604316547,FALSE,T2_IFN_Reactome
609,0.916890438118366,0.916890438118366,0.975539568345324,FALSE,T2_IFN_Reactome
610,0.893955763444497,0.893955763444497,0.964028776978417,FALSE,T2_IFN_Reactome
611,0.977432070330146,0.977432070330146,0.992805755395683,FALSE,T2_IFN_Reactome
612,0.989293905615838,0.989293905615838,0.997122302158273,FALSE,T2_IFN_Reactome
613,0.962504828604599,0.962504828604599,0.98705035971223,FALSE,T2_IFN_Reactome
614,0.940685515196852,0.940685515196852,0.979856115107914,FALSE,T2_IFN_Reactome
615,0.960235972854582,0.960235972854582,0.984172661870504,FALSE,T2_IFN_Reactome
616,0.868053120173159,0.868053120173159,0.955395683453238,FALSE,T2_IFN_Reactome
617,0.921006440223166,0.921006440223166,0.975539568345324,FALSE,T2_IFN_Reactome
618,0.930460509120924,0.930460509120924,0.979856115107914,FALSE,T2_IFN_Reactome
619,0.953224878718843,0.953224878718843,0.985611510791367,FALSE,T2_IFN_Reactome
620,0.904440205150494,0.904440205150494,0.969784172661871,FALSE,T2_IFN_Reactome
621,0.951496581759783,0.951496581759783,0.979856115107914,FALSE,T2_IFN_Reactome
622,0.901822039904106,0.901822039904106,0.962589928057554,FALSE,T2_IFN_Reactome
623,0.924907726253703,0.924907726253703,0.975539568345324,FALSE,T2_IFN_Reactome
624,0.978654384948965,0.978654384948965,0.994244604316547,FALSE,T2_IFN_Reactome
625,0.909559419965197,0.909559419965197,0.971223021582734,FALSE,T2_IFN_Reactome
626,0.925157095812557,0.925157095812557,0.968345323741007,FALSE,T2_IFN_Reactome
627,0.978654384948965,0.978654384948965,0.994244604316547,FALSE,T2_IFN_Reactome
628,0.956543311803145,0.956543311803145,0.984172661870504,FALSE,T2_IFN_Reactome
629,0.945900239118466,0.945900239118466,0.984172661870504,FALSE,T2_IFN_Reactome
630,0.897832576283263,0.897832576283263,0.971223021582734,FALSE,T2_IFN_Reactome
631,0.923334079832706,0.923334079832706,0.97841726618705,FALSE,T2_IFN_Reactome
632,0.864152564161517,0.864152564161517,0.952517985611511,FALSE,T2_IFN_Reactome
633,0.911607787382639,0.911607787382639,0.971223021582734,FALSE,T2_IFN_Reactome
634,0.850968663400572,0.850968663400572,0.953956834532374,FALSE,T2_IFN_Reactome
635,0.915458321706319,0.915458321706319,0.962589928057554,FALSE,T2_IFN_Reactome
636,0.96777448847084,0.96777448847084,0.988489208633094,FALSE,T2_IFN_Reactome
637,0.948080047563835,0.948080047563835,0.981294964028777,FALSE,T2_IFN_Reactome
638,0.890429876782096,0.890429876782096,0.966906474820144,FALSE,T2_IFN_Reactome
639,0.917848087922096,0.917848087922096,0.971223021582734,FALSE,T2_IFN_Reactome
640,0.906948708985626,0.906948708985626,0.964028776978417,FALSE,T2_IFN_Reactome
641,0.9689998747879,0.9689998747879,0.989928057553957,FALSE,T2_IFN_Reactome
642,0.911976046307981,0.911976046307981,0.97410071942446,FALSE,T2_IFN_Reactome
643,0.970071778129481,0.970071778129481,0.99136690647482,FALSE,T2_IFN_Reactome
644,0.902117843213313,0.902117843213313,0.966906474820144,FALSE,T2_IFN_Reactome
645,0.900989108554263,0.900989108554263,0.965467625899281,FALSE,T2_IFN_Reactome
646,0.918752491882268,0.918752491882268,0.972661870503597,FALSE,T2_IFN_Reactome
647,0.973360898555603,0.973360898555603,0.992805755395683,FALSE,T2_IFN_Reactome
648,0.946827312564973,0.946827312564973,0.98273381294964,FALSE,T2_IFN_Reactome
649,0.874849307312494,0.874849307312494,0.953956834532374,FALSE,T2_IFN_Reactome
650,0.941977476356561,0.941977476356561,0.984172661870504,FALSE,T2_IFN_Reactome
651,0.934098795234988,0.934098795234988,0.972661870503597,FALSE,T2_IFN_Reactome
652,0.907971202074591,0.907971202074591,0.971223021582734,FALSE,T2_IFN_Reactome
653,0.928413912089549,0.928413912089549,0.979856115107914,FALSE,T2_IFN_Reactome
654,0.975535961127965,0.975535961127965,0.992805755395683,FALSE,T2_IFN_Reactome
655,0.865122051385264,0.865122051385264,0.953956834532374,FALSE,T2_IFN_Reactome
656,0.917773060257487,0.917773060257487,0.97410071942446,FALSE,T2_IFN_Reactome
657,0.95223503163043,0.95223503163043,0.984172661870504,FALSE,T2_IFN_Reactome
658,0.967782423510405,0.967782423510405,0.988489208633094,FALSE,T2_IFN_Reactome
659,0.900708619511345,0.900708619511345,0.969784172661871,FALSE,T2_IFN_Reactome
660,0.945969044021419,0.945969044021419,0.984172661870504,FALSE,T2_IFN_Reactome
661,0.96186697799259,0.96186697799259,0.985611510791367,FALSE,T2_IFN_Reactome
662,0.91954188056711,0.91954188056711,0.971223021582734,FALSE,T2_IFN_Reactome
663,0.972226180322865,0.972226180322865,0.99136690647482,FALSE,T2_IFN_Reactome
664,0.891972330194702,0.891972330194702,0.964028776978417,FALSE,T2_IFN_Reactome
665,0.977433237367791,0.977433237367791,0.992805755395683,FALSE,T2_IFN_Reactome
666,0.899347422478014,0.899347422478014,0.968345323741007,FALSE,T2_IFN_Reactome
667,0.914814573352912,0.914814573352912,0.972661870503597,FALSE,T2_IFN_Reactome
668,0.899027706847461,0.899027706847461,0.962589928057554,FALSE,T2_IFN_Reactome
669,0.960505806104851,0.960505806104851,0.98705035971223,FALSE,T2_IFN_Reactome
670,0.946774619078727,0.946774619078727,0.98273381294964,FALSE,T2_IFN_Reactome
671,0.913594530943513,0.913594530943513,0.971223021582734,FALSE,T2_IFN_Reactome
672,0.922878310446298,0.922878310446298,0.975539568345324,FALSE,T2_IFN_Reactome
673,0.943494956488092,0.943494956488092,0.981294964028777,FALSE,T2_IFN_Reactome
674,0.976391612022165,0.976391612022165,0.99136690647482,FALSE,T2_IFN_Reactome
675,0.946176851808743,0.946176851808743,0.97841726618705,FALSE,T2_IFN_Reactome
676,0.969881779840388,0.969881779840388,0.988489208633094,FALSE,T2_IFN_Reactome
677,0.860958776189478,0.860958776189478,0.956834532374101,FALSE,T2_IFN_Reactome
678,0.930167198866942,0.930167198866942,0.97410071942446,FALSE,T2_IFN_Reactome
679,0.89662228993582,0.89662228993582,0.969784172661871,FALSE,T2_IFN_Reactome
680,0.943354974731601,0.943354974731601,0.97841726618705,FALSE,T2_IFN_Reactome
681,0.911881705928176,0.911881705928176,0.968345323741007,FALSE,T2_IFN_Reactome
682,0.917070722246838,0.917070722246838,0.975539568345324,FALSE,T2_IFN_Reactome
683,0.956471702466414,0.956471702466414,0.98705035971223,FALSE,T2_IFN_Reactome
684,0.907624422881159,0.907624422881159,0.971223021582734,FALSE,T2_IFN_Reactome
685,0.986978208578258,0.986978208578258,0.994244604316547,FALSE,T2_IFN_Reactome
686,0.874172423547503,0.874172423547503,0.955395683453238,FALSE,T2_IFN_Reactome
687,0.928463550703333,0.928463550703333,0.979856115107914,FALSE,T2_IFN_Reactome
688,0.913510704286342,0.913510704286342,0.971223021582734,FALSE,T2_IFN_Reactome
689,0.941698729691067,0.941698729691067,0.97841726618705,FALSE,T2_IFN_Reactome
690,0.871003657147054,0.871003657147054,0.956834532374101,FALSE,T2_IFN_Reactome
691,0.926926411851407,0.926926411851407,0.975539568345324,FALSE,T2_IFN_Reactome
692,0.953155412436683,0.953155412436683,0.985611510791367,FALSE,T2_IFN_Reactome
693,0.961829293310542,0.961829293310542,0.985611510791367,FALSE,T2_IFN_Reactome
694,0.901347314346746,0.901347314346746,0.968345323741007,FALSE,T2_IFN_Reactome
695,0.908395865432675,0.908395865432675,0.969784172661871,FALSE,T2_IFN_Reactome
696,0.918950714596362,0.918950714596362,0.975539568345324,FALSE,T2_IFN_Reactome
697,0.86175511601394,0.86175511601394,0.951079136690647,FALSE,T2_IFN_Reactome
698,0.904080453427832,0.904080453427832,0.966906474820144,FALSE,T2_IFN_Reactome
699,0.888396542809694,0.888396542809694,0.961151079136691,FALSE,T2_IFN_Reactome
700,0.870945788708981,0.870945788708981,0.959712230215827,FALSE,T2_IFN_Reactome
701,0.897351504212909,0.897351504212909,0.968345323741007,FALSE,T2_IFN_Reactome
702,0.98821297313982,0.98821297313982,0.99568345323741,FALSE,T2_IFN_Reactome
703,0.982861434994107,0.982861434994107,0.994244604316547,FALSE,T2_IFN_Reactome
704,0.913127270318235,0.913127270318235,0.975539568345324,FALSE,T2_IFN_Reactome
705,0.904430825700656,0.904430825700656,0.969784172661871,FALSE,T2_IFN_Reactome
706,0.90377955813351,0.90377955813351,0.971223021582734,FALSE,T2_IFN_Reactome
707,0.936373722073225,0.936373722073225,0.979856115107914,FALSE,T2_IFN_Reactome
708,0.983967697879293,0.983967697879293,0.99568345323741,FALSE,T2_IFN_Reactome
709,0.967783301345964,0.967783301345964,0.988489208633094,FALSE,T2_IFN_Reactome
710,0.90574358600516,0.90574358600516,0.971223021582734,FALSE,T2_IFN_Reactome
711,0.936005996684674,0.936005996684674,0.972661870503597,FALSE,T2_IFN_Reactome
712,0.913987724997703,0.913987724997703,0.97410071942446,FALSE,T2_IFN_Reactome
713,0.939410364833332,0.939410364833332,0.981294964028777,FALSE,T2_IFN_Reactome
714,0.944782411174593,0.944782411174593,0.98273381294964,FALSE,T2_IFN_Reactome
715,0.98274660170074,0.98274660170074,0.994244604316547,FALSE,T2_IFN_Reactome
716,0.957595656010053,0.957595656010053,0.988489208633094,FALSE,T2_IFN_Reactome
717,0.904490816031616,0.904490816031616,0.964028776978417,FALSE,T2_IFN_Reactome
718,0.913235869663008,0.913235869663008,0.97410071942446,FALSE,T2_IFN_Reactome
719,0.954493823309013,0.954493823309013,0.98705035971223,FALSE,T2_IFN_Reactome
720,0.947909330425374,0.947909330425374,0.984172661870504,FALSE,T2_IFN_Reactome
721,0.887945342263873,0.887945342263873,0.964028776978417,FALSE,T2_IFN_Reactome
722,0.948708044923591,0.948708044923591,0.98273381294964,FALSE,T2_IFN_Reactome
723,0.915792602087295,0.915792602087295,0.971223021582734,FALSE,T2_IFN_Reactome
724,0.898300661324394,0.898300661324394,0.966906474820144,FALSE,T2_IFN_Reactome
725,0.9511210039339,0.9511210039339,0.985611510791367,FALSE,T2_IFN_Reactome
726,0.926050411511747,0.926050411511747,0.976978417266187,FALSE,T2_IFN_Reactome
727,0.967783301345964,0.967783301345964,0.988489208633094,FALSE,T2_IFN_Reactome
728,0.920051519556061,0.920051519556061,0.976978417266187,FALSE,T2_IFN_Reactome
729,0.867338485311281,0.867338485311281,0.953956834532374,FALSE,T2_IFN_Reactome
730,0.878546616339697,0.878546616339697,0.964028776978417,FALSE,T2_IFN_Reactome
731,0.927524841840794,0.927524841840794,0.968345323741007,FALSE,T2_IFN_Reactome
732,0.85696286802688,0.85696286802688,0.949640287769784,FALSE,T2_IFN_Reactome
733,0.872361345381636,0.872361345381636,0.961151079136691,FALSE,T2_IFN_Reactome
734,0.962515661190155,0.962515661190155,0.98705035971223,FALSE,T2_IFN_Reactome
735,0.935561278158641,0.935561278158641,0.97841726618705,FALSE,T2_IFN_Reactome
736,0.907973945298965,0.907973945298965,0.97410071942446,FALSE,T2_IFN_Reactome
737,0.888083333760288,0.888083333760288,0.964028776978417,FALSE,T2_IFN_Reactome
738,0.924118483562578,0.924118483562578,0.976978417266187,FALSE,T2_IFN_Reactome
739,0.881644199553221,0.881644199553221,0.958273381294964,FALSE,T2_IFN_Reactome
740,0.977566562164823,0.977566562164823,0.992805755395683,FALSE,T2_IFN_Reactome
741,0.985989092032112,0.985989092032112,0.99568345323741,FALSE,T2_IFN_Reactome
742,0.916755653744889,0.916755653744889,0.972661870503597,FALSE,T2_IFN_Reactome
743,0.889115550638197,0.889115550638197,0.965467625899281,FALSE,T2_IFN_Reactome
744,0.986013156285716,0.986013156285716,0.99568345323741,FALSE,T2_IFN_Reactome
745,0.870467492372575,0.870467492372575,0.961151079136691,FALSE,T2_IFN_Reactome
746,0.90003463033203,0.90003463033203,0.962589928057554,FALSE,T2_IFN_Reactome
747,0.908598159986989,0.908598159986989,0.969784172661871,FALSE,T2_IFN_Reactome
748,0.874172423547503,0.874172423547503,0.955395683453238,FALSE,T2_IFN_Reactome
749,0.94904870506134,0.94904870506134,0.985611510791367,FALSE,T2_IFN_Reactome
750,0.891365744206986,0.891365744206986,0.965467625899281,FALSE,T2_IFN_Reactome
751,0.897315280612079,0.897315280612079,0.968345323741007,FALSE,T2_IFN_Reactome
752,0.973077041798536,0.973077041798536,0.989928057553957,FALSE,T2_IFN_Reactome
753,0.93119917390612,0.93119917390612,0.97841726618705,FALSE,T2_IFN_Reactome
754,0.872691982039801,0.872691982039801,0.953956834532374,FALSE,T2_IFN_Reactome
755,0.91499714536598,0.91499714536598,0.975539568345324,FALSE,T2_IFN_Reactome
756,0.897657742147548,0.897657742147548,0.962589928057554,FALSE,T2_IFN_Reactome
757,0.949159990594868,0.949159990594868,0.98273381294964,FALSE,T2_IFN_Reactome
758,0.924079831673936,0.924079831673936,0.976978417266187,FALSE,T2_IFN_Reactome
759,0.914626400189394,0.914626400189394,0.969784172661871,FALSE,T2_IFN_Reactome
760,0.937608672024431,0.937608672024431,0.981294964028777,FALSE,T2_IFN_Reactome
761,0.906509780955744,0.906509780955744,0.969784172661871,FALSE,T2_IFN_Reactome
762,0.92715410853845,0.92715410853845,0.97841726618705,FALSE,T2_IFN_Reactome
763,0.876552902901044,0.876552902901044,0.956834532374101,FALSE,T2_IFN_Reactome
764,0.97632666122726,0.97632666122726,0.99136690647482,FALSE,T2_IFN_Reactome
765,0.938860719146806,0.938860719146806,0.98273381294964,FALSE,T2_IFN_Reactome
766,0.900788828628886,0.900788828628886,0.965467625899281,FALSE,T2_IFN_Reactome
767,0.84400590577568,0.84400590577568,0.946762589928058,FALSE,T2_IFN_Reactome
768,0.973077041798536,0.973077041798536,0.989928057553957,FALSE,T2_IFN_Reactome
769,0.884346318289238,0.884346318289238,0.964028776978417,FALSE,T2_IFN_Reactome
770,0.902524050862638,0.902524050862638,0.969784172661871,FALSE,T2_IFN_Reactome
771,0.943656093080843,0.943656093080843,0.981294964028777,FALSE,T2_IFN_Reactome
772,0.944938778288385,0.944938778288385,0.979856115107914,FALSE,T2_IFN_Reactome
773,0.918115378344764,0.918115378344764,0.97410071942446,FALSE,T2_IFN_Reactome
774,0.94678186963318,0.94678186963318,0.98273381294964,FALSE,T2_IFN_Reactome
775,0.936728467025726,0.936728467025726,0.97410071942446,FALSE,T2_IFN_Reactome
776,0.957249892072785,0.957249892072785,0.985611510791367,FALSE,T2_IFN_Reactome
777,0.883316136963474,0.883316136963474,0.959712230215827,FALSE,T2_IFN_Reactome
778,0.905044793989423,0.905044793989423,0.965467625899281,FALSE,T2_IFN_Reactome
779,0.938575021839713,0.938575021839713,0.979856115107914,FALSE,T2_IFN_Reactome
780,0.897593710181147,0.897593710181147,0.968345323741007,FALSE,T2_IFN_Reactome
781,0.983967697879293,0.983967697879293,0.99568345323741,FALSE,T2_IFN_Reactome
782,0.967025127939979,0.967025127939979,0.98705035971223,FALSE,T2_IFN_Reactome
783,0.888241284304379,0.888241284304379,0.961151079136691,FALSE,T2_IFN_Reactome
784,0.917094492285645,0.917094492285645,0.975539568345324,FALSE,T2_IFN_Reactome
785,0.900356094973555,0.900356094973555,0.969784172661871,FALSE,T2_IFN_Reactome
786,0.960813050751628,0.960813050751628,0.984172661870504,FALSE,T2_IFN_Reactome
787,0.96372204966109,0.96372204966109,0.988489208633094,FALSE,T2_IFN_Reactome
788,0.988205182830758,0.988205182830758,0.99568345323741,FALSE,T2_IFN_Reactome
789,0.965744643969424,0.965744643969424,0.988489208633094,FALSE,T2_IFN_Reactome
790,0.952258251204716,0.952258251204716,0.984172661870504,FALSE,T2_IFN_Reactome
791,0.972254220805893,0.972254220805893,0.99136690647482,FALSE,T2_IFN_Reactome
792,0.982866291918489,0.982866291918489,0.994244604316547,FALSE,T2_IFN_Reactome
793,0.900111595327983,0.900111595327983,0.966906474820144,FALSE,T2_IFN_Reactome
794,0.917094492285645,0.917094492285645,0.975539568345324,FALSE,T2_IFN_Reactome
795,0.963423706665268,0.963423706665268,0.985611510791367,FALSE,T2_IFN_Reactome
796,0.970969346042024,0.970969346042024,0.989928057553957,FALSE,T2_IFN_Reactome
797,0.943922309135841,0.943922309135841,0.984172661870504,FALSE,T2_IFN_Reactome
798,0.909014675706464,0.909014675706464,0.965467625899281,FALSE,T2_IFN_Reactome
799,0.913594530943513,0.913594530943513,0.971223021582734,FALSE,T2_IFN_Reactome
800,0.913850335952954,0.913850335952954,0.97410071942446,FALSE,T2_IFN_Reactome
801,0.88005098484135,0.88005098484135,0.961151079136691,FALSE,T2_IFN_Reactome
802,0.914062954267137,0.914062954267137,0.97410071942446,FALSE,T2_IFN_Reactome
803,0.940851177376386,0.940851177376386,0.98273381294964,FALSE,T2_IFN_Reactome
804,0.918994843942203,0.918994843942203,0.975539568345324,FALSE,T2_IFN_Reactome
805,0.918951818415985,0.918951818415985,0.975539568345324,FALSE,T2_IFN_Reactome
806,0.94478617047013,0.94478617047013,0.98273381294964,FALSE,T2_IFN_Reactome
807,0.930148778450121,0.930148778450121,0.979856115107914,FALSE,T2_IFN_Reactome
808,0.921954557460231,0.921954557460231,0.97410071942446,FALSE,T2_IFN_Reactome
809,0.918457828566065,0.918457828566065,0.964028776978417,FALSE,T2_IFN_Reactome
810,0.913987724997703,0.913987724997703,0.97410071942446,FALSE,T2_IFN_Reactome
811,0.891992020684777,0.891992020684777,0.961151079136691,FALSE,T2_IFN_Reactome
812,0.946774619078727,0.946774619078727,0.98273381294964,FALSE,T2_IFN_Reactome
813,0.881003338826429,0.881003338826429,0.962589928057554,FALSE,T2_IFN_Reactome
814,0.910674625538203,0.910674625538203,0.972661870503597,FALSE,T2_IFN_Reactome
815,0.943955732421953,0.943955732421953,0.984172661870504,FALSE,T2_IFN_Reactome
816,0.897315280612079,0.897315280612079,0.968345323741007,FALSE,T2_IFN_Reactome
817,0.946774619078727,0.946774619078727,0.98273381294964,FALSE,T2_IFN_Reactome
818,0.947908997943269,0.947908997943269,0.984172661870504,FALSE,T2_IFN_Reactome
819,0.885026619022118,0.885026619022118,0.962589928057554,FALSE,T2_IFN_Reactome
820,0.98601193840198,0.98601193840198,0.99568345323741,FALSE,T2_IFN_Reactome
821,0.993566288375253,0.993566288375253,0.997122302158273,FALSE,T2_IFN_Reactome
822,0.961829293310542,0.961829293310542,0.985611510791367,FALSE,T2_IFN_Reactome
823,0.88895902111051,0.88895902111051,0.958273381294964,FALSE,T2_IFN_Reactome
824,0.914731856933504,0.914731856933504,0.972661870503597,FALSE,T2_IFN_Reactome
825,0.974280106852671,0.974280106852671,0.99136690647482,FALSE,T2_IFN_Reactome
826,0.994638325729619,0.994638325729619,0.998561151079137,FALSE,T2_IFN_Reactome
827,0.929352373227978,0.929352373227978,0.97841726618705,FALSE,T2_IFN_Reactome
828,0.936728467025726,0.936728467025726,0.97410071942446,FALSE,T2_IFN_Reactome
829,0.991350201323559,0.991350201323559,0.997122302158273,FALSE,T2_IFN_Reactome
830,0.949995907657487,0.949995907657487,0.984172661870504,FALSE,T2_IFN_Reactome
831,0.977566562164823,0.977566562164823,0.992805755395683,FALSE,T2_IFN_Reactome
832,0.981643764689405,0.981643764689405,0.992805755395683,FALSE,T2_IFN_Reactome
833,0.980655853942153,0.980655853942153,0.994244604316547,FALSE,T2_IFN_Reactome
834,0.933188254891947,0.933188254891947,0.97841726618705,FALSE,T2_IFN_Reactome
835,0.905819643429332,0.905819643429332,0.971223021582734,FALSE,T2_IFN_Reactome
836,0.941267395180336,0.941267395180336,0.975539568345324,FALSE,T2_IFN_Reactome
837,0.873823938713931,0.873823938713931,0.958273381294964,FALSE,T2_IFN_Reactome
838,0.986167342591966,0.986167342591966,0.99568345323741,FALSE,T2_IFN_Reactome
839,0.956579625580483,0.956579625580483,0.984172661870504,FALSE,T2_IFN_Reactome
840,0.905170416367523,0.905170416367523,0.964028776978417,FALSE,T2_IFN_Reactome
841,0.917038213092392,0.917038213092392,0.975539568345324,FALSE,T2_IFN_Reactome
842,0.953354176205114,0.953354176205114,0.98273381294964,FALSE,T2_IFN_Reactome
843,0.888251957105733,0.888251957105733,0.964028776978417,FALSE,T2_IFN_Reactome
844,0.928672048553943,0.928672048553943,0.971223021582734,FALSE,T2_IFN_Reactome
845,0.863168413694966,0.863168413694966,0.953956834532374,FALSE,T2_IFN_Reactome
846,0.965739045500152,0.965739045500152,0.988489208633094,FALSE,T2_IFN_Reactome
847,0.930359986038385,0.930359986038385,0.976978417266187,FALSE,T2_IFN_Reactome
848,0.901328785966982,0.901328785966982,0.968345323741007,FALSE,T2_IFN_Reactome
849,0.894092630898898,0.894092630898898,0.964028776978417,FALSE,T2_IFN_Reactome
850,0.912069439026858,0.912069439026858,0.97410071942446,FALSE,T2_IFN_Reactome
851,0.9646293620198,0.9646293620198,0.98705035971223,FALSE,T2_IFN_Reactome
852,0.921954557460231,0.921954557460231,0.97410071942446,FALSE,T2_IFN_Reactome
853,0.911949789388199,0.911949789388199,0.97410071942446,FALSE,T2_IFN_Reactome
854,0.96186697799259,0.96186697799259,0.985611510791367,FALSE,T2_IFN_Reactome
855,0.977433237367791,0.977433237367791,0.992805755395683,FALSE,T2_IFN_Reactome
856,0.934192620464122,0.934192620464122,0.979856115107914,FALSE,T2_IFN_Reactome
857,0.928161593687252,0.928161593687252,0.969784172661871,FALSE,T2_IFN_Reactome
858,0.93121416817369,0.93121416817369,0.97841726618705,FALSE,T2_IFN_Reactome
859,0.906087560487221,0.906087560487221,0.966906474820144,FALSE,T2_IFN_Reactome
860,0.883146759894181,0.883146759894181,0.959712230215827,FALSE,T2_IFN_Reactome
861,0.909542439007624,0.909542439007624,0.971223021582734,FALSE,T2_IFN_Reactome
862,0.954471951131839,0.954471951131839,0.981294964028777,FALSE,T2_IFN_Reactome
863,0.920004286838408,0.920004286838408,0.966906474820144,FALSE,T2_IFN_Reactome
864,0.890510422583099,0.890510422583099,0.962589928057554,FALSE,T2_IFN_Reactome
865,0.871583510859309,0.871583510859309,0.953956834532374,FALSE,T2_IFN_Reactome
866,0.927144638860177,0.927144638860177,0.975539568345324,FALSE,T2_IFN_Reactome
867,0.974090506809903,0.974090506809903,0.99136690647482,FALSE,T2_IFN_Reactome
868,0.991350201323559,0.991350201323559,0.997122302158273,FALSE,T2_IFN_Reactome
869,0.93756640159025,0.93756640159025,0.97841726618705,FALSE,T2_IFN_Reactome
870,0.910668784001676,0.910668784001676,0.972661870503597,FALSE,T2_IFN_Reactome
871,0.983967697879293,0.983967697879293,0.99568345323741,FALSE,T2_IFN_Reactome
872,0.864452700268237,0.864452700268237,0.952517985611511,FALSE,T2_IFN_Reactome
873,0.981643014714565,0.981643014714565,0.992805755395683,FALSE,T2_IFN_Reactome
874,0.947033046508572,0.947033046508572,0.98273381294964,FALSE,T2_IFN_Reactome
875,0.904671942948516,0.904671942948516,0.969784172661871,FALSE,T2_IFN_Reactome
876,0.907474343531178,0.907474343531178,0.971223021582734,FALSE,T2_IFN_Reactome
877,0.972256746168421,0.972256746168421,0.99136690647482,FALSE,T2_IFN_Reactome
878,0.970209256528868,0.970209256528868,0.988489208633094,FALSE,T2_IFN_Reactome
879,0.945969044021419,0.945969044021419,0.984172661870504,FALSE,T2_IFN_Reactome
880,0.947930910746514,0.947930910746514,0.984172661870504,FALSE,T2_IFN_Reactome
881,0.907991462352365,0.907991462352365,0.97410071942446,FALSE,T2_IFN_Reactome
882,0.936341979186121,0.936341979186121,0.972661870503597,FALSE,T2_IFN_Reactome
883,0.956341681529941,0.956341681529941,0.98705035971223,FALSE,T2_IFN_Reactome
884,0.973077041798536,0.973077041798536,0.989928057553957,FALSE,T2_IFN_Reactome
885,0.975386131170138,0.975386131170138,0.992805755395683,FALSE,T2_IFN_Reactome
886,0.905860864313709,0.905860864313709,0.971223021582734,FALSE,T2_IFN_Reactome
887,0.913053534176398,0.913053534176398,0.975539568345324,FALSE,T2_IFN_Reactome
888,0.901011153269186,0.901011153269186,0.961151079136691,FALSE,T2_IFN_Reactome
889,0.956491712862483,0.956491712862483,0.98705035971223,FALSE,T2_IFN_Reactome
890,0.896399590127497,0.896399590127497,0.966906474820144,FALSE,T2_IFN_Reactome
891,0.925254644134104,0.925254644134104,0.97841726618705,FALSE,T2_IFN_Reactome
892,0.917061243042255,0.917061243042255,0.975539568345324,FALSE,T2_IFN_Reactome
893,0.922931253620678,0.922931253620678,0.975539568345324,FALSE,T2_IFN_Reactome
894,0.925289002058991,0.925289002058991,0.969784172661871,FALSE,T2_IFN_Reactome
895,0.901328785966982,0.901328785966982,0.968345323741007,FALSE,T2_IFN_Reactome
896,0.983059338019135,0.983059338019135,0.994244604316547,FALSE,T2_IFN_Reactome
897,0.979734472131147,0.979734472131147,0.992805755395683,FALSE,T2_IFN_Reactome
898,0.90889937959718,0.90889937959718,0.972661870503597,FALSE,T2_IFN_Reactome
899,0.979587295572805,0.979587295572805,0.992805755395683,FALSE,T2_IFN_Reactome
900,0.909986941223502,0.909986941223502,0.966906474820144,FALSE,T2_IFN_Reactome
901,0.986021751555466,0.986021751555466,0.99568345323741,FALSE,T2_IFN_Reactome
902,0.92762308650097,0.92762308650097,0.969784172661871,FALSE,T2_IFN_Reactome
903,0.978658332561865,0.978658332561865,0.994244604316547,FALSE,T2_IFN_Reactome
904,0.957244300709798,0.957244300709798,0.985611510791367,FALSE,T2_IFN_Reactome
905,0.928265609767928,0.928265609767928,0.976978417266187,FALSE,T2_IFN_Reactome
906,0.919833769458335,0.919833769458335,0.97410071942446,FALSE,T2_IFN_Reactome
907,0.898967378690433,0.898967378690433,0.965467625899281,FALSE,T2_IFN_Reactome
908,0.959977431843508,0.959977431843508,0.98273381294964,FALSE,T2_IFN_Reactome
909,0.865898887690969,0.865898887690969,0.952517985611511,FALSE,T2_IFN_Reactome
910,0.88901898962508,0.88901898962508,0.959712230215827,FALSE,T2_IFN_Reactome
911,0.935645813409812,0.935645813409812,0.981294964028777,FALSE,T2_IFN_Reactome
912,0.904933447961296,0.904933447961296,0.964028776978417,FALSE,T2_IFN_Reactome
913,0.928287969903883,0.928287969903883,0.979856115107914,FALSE,T2_IFN_Reactome
914,0.922154452184246,0.922154452184246,0.976978417266187,FALSE,T2_IFN_Reactome
915,0.901789826174632,0.901789826174632,0.971223021582734,FALSE,T2_IFN_Reactome
916,0.916755653744889,0.916755653744889,0.972661870503597,FALSE,T2_IFN_Reactome
917,0.957681201723513,0.957681201723513,0.98273381294964,FALSE,T2_IFN_Reactome
918,0.947912733899405,0.947912733899405,0.984172661870504,FALSE,T2_IFN_Reactome
919,0.988221594095643,0.988221594095643,0.99568345323741,FALSE,T2_IFN_Reactome
920,0.932372404866139,0.932372404866139,0.979856115107914,FALSE,T2_IFN_Reactome
921,0.89554551161063,0.89554551161063,0.968345323741007,FALSE,T2_IFN_Reactome
922,0.862855386992779,0.862855386992779,0.953956834532374,FALSE,T2_IFN_Reactome
923,0.917092037465389,0.917092037465389,0.975539568345324,FALSE,T2_IFN_Reactome
924,0.87811428148473,0.87811428148473,0.958273381294964,FALSE,T2_IFN_Reactome
925,0.927129135688569,0.927129135688569,0.97841726618705,FALSE,T2_IFN_Reactome
926,0.961847929535301,0.961847929535301,0.985611510791367,FALSE,T2_IFN_Reactome
927,0.877024265106393,0.877024265106393,0.959712230215827,FALSE,T2_IFN_Reactome
928,0.92001003886051,0.92001003886051,0.97410071942446,FALSE,T2_IFN_Reactome
929,0.930638717291599,0.930638717291599,0.971223021582734,FALSE,T2_IFN_Reactome
930,0.941583378913122,0.941583378913122,0.981294964028777,FALSE,T2_IFN_Reactome
931,0.955509854136254,0.955509854136254,0.98273381294964,FALSE,T2_IFN_Reactome
932,0.951192999863611,0.951192999863611,0.985611510791367,FALSE,T2_IFN_Reactome
933,0.901530425045209,0.901530425045209,0.971223021582734,FALSE,T2_IFN_Reactome
934,0.949120068821021,0.949120068821021,0.985611510791367,FALSE,T2_IFN_Reactome
935,0.963964290706084,0.963964290706084,0.985611510791367,FALSE,T2_IFN_Reactome
936,0.934399797742062,0.934399797742062,0.979856115107914,FALSE,T2_IFN_Reactome
937,0.991339701573568,0.991339701573568,0.997122302158273,FALSE,T2_IFN_Reactome
938,0.919833769458335,0.919833769458335,0.97410071942446,FALSE,T2_IFN_Reactome
939,0.925667557643169,0.925667557643169,0.97410071942446,FALSE,T2_IFN_Reactome
940,0.930359986038385,0.930359986038385,0.976978417266187,FALSE,T2_IFN_Reactome
941,0.957782169357545,0.957782169357545,0.98273381294964,FALSE,T2_IFN_Reactome
942,0.902253410008371,0.902253410008371,0.966906474820144,FALSE,T2_IFN_Reactome
943,0.972226180322865,0.972226180322865,0.99136690647482,FALSE,T2_IFN_Reactome
944,0.943893474698638,0.943893474698638,0.981294964028777,FALSE,T2_IFN_Reactome
945,0.968091955130759,0.968091955130759,0.99136690647482,FALSE,T2_IFN_Reactome
946,0.848366464457784,0.848366464457784,0.949640287769784,FALSE,T2_IFN_Reactome
947,0.821996921586713,0.821996921586713,0.939568345323741,FALSE,T2_IFN_Reactome
948,0.966934756703502,0.966934756703502,0.989928057553957,FALSE,T2_IFN_Reactome
949,0.920935232939507,0.920935232939507,0.975539568345324,FALSE,T2_IFN_Reactome
950,0.900141857887582,0.900141857887582,0.964028776978417,FALSE,T2_IFN_Reactome
951,0.927126654421411,0.927126654421411,0.975539568345324,FALSE,T2_IFN_Reactome
952,0.946774909138837,0.946774909138837,0.98273381294964,FALSE,T2_IFN_Reactome
953,0.965096933960561,0.965096933960561,0.98705035971223,FALSE,T2_IFN_Reactome
954,0.943955732421953,0.943955732421953,0.984172661870504,FALSE,T2_IFN_Reactome
955,0.95201821730636,0.95201821730636,0.984172661870504,FALSE,T2_IFN_Reactome
956,0.909614520117189,0.909614520117189,0.971223021582734,FALSE,T2_IFN_Reactome
957,0.885412710478326,0.885412710478326,0.965467625899281,FALSE,T2_IFN_Reactome
958,0.93089788554059,0.93089788554059,0.975539568345324,FALSE,T2_IFN_Reactome
959,0.912407185042927,0.912407185042927,0.969784172661871,FALSE,T2_IFN_Reactome
960,0.945883450432453,0.945883450432453,0.981294964028777,FALSE,T2_IFN_Reactome
961,0.924082816330983,0.924082816330983,0.976978417266187,FALSE,T2_IFN_Reactome
962,0.879504675355843,0.879504675355843,0.956834532374101,FALSE,T2_IFN_Reactome
963,0.895133050655617,0.895133050655617,0.965467625899281,FALSE,T2_IFN_Reactome
964,0.986013156285716,0.986013156285716,0.99568345323741,FALSE,T2_IFN_Reactome
965,0.936374762280538,0.936374762280538,0.979856115107914,FALSE,T2_IFN_Reactome
966,0.96078294344583,0.96078294344583,0.984172661870504,FALSE,T2_IFN_Reactome
967,0.90166373151219,0.90166373151219,0.971223021582734,FALSE,T2_IFN_Reactome
968,0.879450304450528,0.879450304450528,0.958273381294964,FALSE,T2_IFN_Reactome
969,0.904406088449439,0.904406088449439,0.969784172661871,FALSE,T2_IFN_Reactome
970,0.881975223352865,0.881975223352865,0.961151079136691,FALSE,T2_IFN_Reactome
971,0.889315064272679,0.889315064272679,0.959712230215827,FALSE,T2_IFN_Reactome
972,0.922174791801859,0.922174791801859,0.976978417266187,FALSE,T2_IFN_Reactome
973,0.967783301345964,0.967783301345964,0.988489208633094,FALSE,T2_IFN_Reactome
974,0.932335241350703,0.932335241350703,0.979856115107914,FALSE,T2_IFN_Reactome
975,0.853986243156173,0.853986243156173,0.945323741007194,FALSE,T2_IFN_Reactome
976,0.965741098484683,0.965741098484683,0.988489208633094,FALSE,T2_IFN_Reactome
977,0.906822246669685,0.906822246669685,0.972661870503597,FALSE,T2_IFN_Reactome
978,0.938642292736208,0.938642292736208,0.98273381294964,FALSE,T2_IFN_Reactome
979,0.961702723802475,0.961702723802475,0.985611510791367,FALSE,T2_IFN_Reactome
980,0.92922696120114,0.92922696120114,0.97841726618705,FALSE,T2_IFN_Reactome
981,0.90724500146946,0.90724500146946,0.968345323741007,FALSE,T2_IFN_Reactome
982,0.937608672024431,0.937608672024431,0.981294964028777,FALSE,T2_IFN_Reactome
983,0.906347869546997,0.906347869546997,0.966906474820144,FALSE,T2_IFN_Reactome
984,0.927299385729948,0.927299385729948,0.97841726618705,FALSE,T2_IFN_Reactome
985,0.96078294344583,0.96078294344583,0.984172661870504,FALSE,T2_IFN_Reactome
986,0.884257952439603,0.884257952439603,0.964028776978417,FALSE,T2_IFN_Reactome
987,0.978736433129986,0.978736433129986,0.99136690647482,FALSE,T2_IFN_Reactome
988,0.993566288375253,0.993566288375253,0.997122302158273,FALSE,T2_IFN_Reactome
989,0.91384141932342,0.91384141932342,0.97410071942446,FALSE,T2_IFN_Reactome
990,0.922015128937421,0.922015128937421,0.971223021582734,FALSE,T2_IFN_Reactome
991,0.95200088317708,0.95200088317708,0.984172661870504,FALSE,T2_IFN_Reactome
992,0.975386131170138,0.975386131170138,0.992805755395683,FALSE,T2_IFN_Reactome
993,0.973079095675789,0.973079095675789,0.989928057553957,FALSE,T2_IFN_Reactome
994,0.91182661211775,0.91182661211775,0.97410071942446,FALSE,T2_IFN_Reactome
995,0.957258461768748,0.957258461768748,0.985611510791367,FALSE,T2_IFN_Reactome
996,0.888123338441594,0.888123338441594,0.964028776978417,FALSE,T2_IFN_Reactome
997,0.955364933471299,0.955364933471299,0.985611510791367,FALSE,T2_IFN_Reactome
998,0.924079831673936,0.924079831673936,0.976978417266187,FALSE,T2_IFN_Reactome
999,0.961719347828298,0.961719347828298,0.988489208633094,FALSE,T2_IFN_Reactome
1000,0.888655861192602,0.888655861192602,0.964028776978417,FALSE,T2_IFN_Reactome
1,0.827275494270132,0.827275494270132,0.949640287769784,FALSE,T2_IFN_NABA
2,0.958454280247909,0.958454280247909,0.98705035971223,FALSE,T2_IFN_NABA
3,0.829849339899625,0.829849339899625,0.938129496402878,FALSE,T2_IFN_NABA
4,0.946903648535895,0.946903648535895,0.984172661870504,FALSE,T2_IFN_NABA
5,0.815559677208959,0.815559677208959,0.943884892086331,FALSE,T2_IFN_NABA
6,0.915437229189805,0.915437229189805,0.972661870503597,FALSE,T2_IFN_NABA
7,0.912864652511132,0.912864652511132,0.969784172661871,FALSE,T2_IFN_NABA
8,0.961137078695798,0.961137078695798,0.98705035971223,FALSE,T2_IFN_NABA
9,0.87455570259685,0.87455570259685,0.961151079136691,FALSE,T2_IFN_NABA
10,0.863562721393423,0.863562721393423,0.952517985611511,FALSE,T2_IFN_NABA
11,0.878610847168591,0.878610847168591,0.964028776978417,FALSE,T2_IFN_NABA
12,0.870940609822466,0.870940609822466,0.959712230215827,FALSE,T2_IFN_NABA
13,0.89731459376783,0.89731459376783,0.971223021582734,FALSE,T2_IFN_NABA
14,0.892147754900508,0.892147754900508,0.968345323741007,FALSE,T2_IFN_NABA
15,0.967664181481764,0.967664181481764,0.989928057553957,FALSE,T2_IFN_NABA
16,0.876884891138142,0.876884891138142,0.961151079136691,FALSE,T2_IFN_NABA
17,0.914018240862281,0.914018240862281,0.97410071942446,FALSE,T2_IFN_NABA
18,0.894625887689236,0.894625887689236,0.958273381294964,FALSE,T2_IFN_NABA
19,0.934752968769992,0.934752968769992,0.979856115107914,FALSE,T2_IFN_NABA
20,0.46935818575372,0.46935818575372,0.710791366906475,FALSE,T2_IFN_NABA
21,0.921769008497883,0.921769008497883,0.976978417266187,FALSE,T2_IFN_NABA
22,0.947705325456992,0.947705325456992,0.985611510791367,FALSE,T2_IFN_NABA
23,0.941601845535134,0.941601845535134,0.97841726618705,FALSE,T2_IFN_NABA
24,0.984146624780141,0.984146624780141,0.99568345323741,FALSE,T2_IFN_NABA
25,0.864806225776818,0.864806225776818,0.956834532374101,FALSE,T2_IFN_NABA
26,0.842582339552514,0.842582339552514,0.952517985611511,FALSE,T2_IFN_NABA
27,0.787135502594024,0.787135502594024,0.905035971223022,FALSE,T2_IFN_NABA
28,0.878076596950963,0.878076596950963,0.962589928057554,FALSE,T2_IFN_NABA
29,0.880188858536842,0.880188858536842,0.964028776978417,FALSE,T2_IFN_NABA
30,0.89013883628414,0.89013883628414,0.966906474820144,FALSE,T2_IFN_NABA
31,0.982380541545787,0.982380541545787,0.994244604316547,FALSE,T2_IFN_NABA
32,0.967133707575355,0.967133707575355,0.989928057553957,FALSE,T2_IFN_NABA
33,0.890048142056173,0.890048142056173,0.966906474820144,FALSE,T2_IFN_NABA
34,0.890704704084069,0.890704704084069,0.965467625899281,FALSE,T2_IFN_NABA
35,0.812332680413585,0.812332680413585,0.942446043165468,FALSE,T2_IFN_NABA
36,0.899397851918785,0.899397851918785,0.971223021582734,FALSE,T2_IFN_NABA
37,0.939155855473035,0.939155855473035,0.98273381294964,FALSE,T2_IFN_NABA
38,0.864806225776818,0.864806225776818,0.956834532374101,FALSE,T2_IFN_NABA
39,0.890852098281313,0.890852098281313,0.968345323741007,FALSE,T2_IFN_NABA
40,0.927014127862648,0.927014127862648,0.97841726618705,FALSE,T2_IFN_NABA
41,0.97574433380481,0.97574433380481,0.989928057553957,FALSE,T2_IFN_NABA
42,0.95086702249814,0.95086702249814,0.98273381294964,FALSE,T2_IFN_NABA
43,0.948332206086524,0.948332206086524,0.98273381294964,FALSE,T2_IFN_NABA
44,0.989411234316466,0.989411234316466,0.997122302158273,FALSE,T2_IFN_NABA
45,0.8634011351127,0.8634011351127,0.956834532374101,FALSE,T2_IFN_NABA
46,0.967664181481764,0.967664181481764,0.989928057553957,FALSE,T2_IFN_NABA
47,0.949752898658262,0.949752898658262,0.985611510791367,FALSE,T2_IFN_NABA
48,0.868612526282926,0.868612526282926,0.958273381294964,FALSE,T2_IFN_NABA
49,0.915437229189805,0.915437229189805,0.972661870503597,FALSE,T2_IFN_NABA
50,0.871554284159283,0.871554284159283,0.959712230215827,FALSE,T2_IFN_NABA
51,0.955454671758251,0.955454671758251,0.985611510791367,FALSE,T2_IFN_NABA
52,0.92153492944126,0.92153492944126,0.97410071942446,FALSE,T2_IFN_NABA
53,0.490380695546622,0.490380695546622,0.769784172661871,FALSE,T2_IFN_NABA
54,0.810043021600247,0.810043021600247,0.942446043165468,FALSE,T2_IFN_NABA
55,0.867247504157457,0.867247504157457,0.958273381294964,FALSE,T2_IFN_NABA
56,0.812382092780257,0.812382092780257,0.942446043165468,FALSE,T2_IFN_NABA
57,0.907345979090063,0.907345979090063,0.97410071942446,FALSE,T2_IFN_NABA
58,0.94532728589679,0.94532728589679,0.979856115107914,FALSE,T2_IFN_NABA
59,0.959465387803443,0.959465387803443,0.98705035971223,FALSE,T2_IFN_NABA
60,0.845962665440788,0.845962665440788,0.945323741007194,FALSE,T2_IFN_NABA
61,0.91418918861641,0.91418918861641,0.975539568345324,FALSE,T2_IFN_NABA
62,0.877668191164162,0.877668191164162,0.961151079136691,FALSE,T2_IFN_NABA
63,0.911680660748362,0.911680660748362,0.97410071942446,FALSE,T2_IFN_NABA
64,0.88386750465083,0.88386750465083,0.966906474820144,FALSE,T2_IFN_NABA
65,0.805107650019469,0.805107650019469,0.941007194244604,FALSE,T2_IFN_NABA
66,0.920515706587875,0.920515706587875,0.97410071942446,FALSE,T2_IFN_NABA
67,0.87510998210089,0.87510998210089,0.962589928057554,FALSE,T2_IFN_NABA
68,0.894196463619365,0.894196463619365,0.965467625899281,FALSE,T2_IFN_NABA
69,0.895989824047214,0.895989824047214,0.969784172661871,FALSE,T2_IFN_NABA
70,0.940480588341602,0.940480588341602,0.981294964028777,FALSE,T2_IFN_NABA
71,0.88950687522738,0.88950687522738,0.966906474820144,FALSE,T2_IFN_NABA
72,0.966715943636285,0.966715943636285,0.989928057553957,FALSE,T2_IFN_NABA
73,0.88861752293314,0.88861752293314,0.965467625899281,FALSE,T2_IFN_NABA
74,0.879358376402379,0.879358376402379,0.962589928057554,FALSE,T2_IFN_NABA
75,0.976376288615537,0.976376288615537,0.989928057553957,FALSE,T2_IFN_NABA
76,0.981618133347843,0.981618133347843,0.992805755395683,FALSE,T2_IFN_NABA
77,0.870665950365689,0.870665950365689,0.958273381294964,FALSE,T2_IFN_NABA
78,0.978884469415259,0.978884469415259,0.994244604316547,FALSE,T2_IFN_NABA
79,0.872388642755183,0.872388642755183,0.959712230215827,FALSE,T2_IFN_NABA
80,0.818893659950897,0.818893659950897,0.942446043165468,FALSE,T2_IFN_NABA
81,0.876460724430927,0.876460724430927,0.964028776978417,FALSE,T2_IFN_NABA
82,0.924111748351631,0.924111748351631,0.976978417266187,FALSE,T2_IFN_NABA
83,0.89585471049842,0.89585471049842,0.969784172661871,FALSE,T2_IFN_NABA
84,0.958039652619012,0.958039652619012,0.98705035971223,FALSE,T2_IFN_NABA
85,0.935706599494752,0.935706599494752,0.981294964028777,FALSE,T2_IFN_NABA
86,0.927961197986025,0.927961197986025,0.976978417266187,FALSE,T2_IFN_NABA
87,0.887936586296935,0.887936586296935,0.966906474820144,FALSE,T2_IFN_NABA
88,0.938828755747297,0.938828755747297,0.981294964028777,FALSE,T2_IFN_NABA
89,0.748605280213267,0.748605280213267,0.922302158273381,FALSE,T2_IFN_NABA
90,0.947705325456992,0.947705325456992,0.985611510791367,FALSE,T2_IFN_NABA
91,0.870016315668258,0.870016315668258,0.958273381294964,FALSE,T2_IFN_NABA
92,0.947888869724306,0.947888869724306,0.981294964028777,FALSE,T2_IFN_NABA
93,0.854918183632066,0.854918183632066,0.949640287769784,FALSE,T2_IFN_NABA
94,0.445211479689945,0.445211479689945,0.697841726618705,FALSE,T2_IFN_NABA
95,0.944739174378632,0.944739174378632,0.984172661870504,FALSE,T2_IFN_NABA
96,0.884085333815916,0.884085333815916,0.965467625899281,FALSE,T2_IFN_NABA
97,0.910655086307766,0.910655086307766,0.969784172661871,FALSE,T2_IFN_NABA
98,0.923028442542446,0.923028442542446,0.976978417266187,FALSE,T2_IFN_NABA
99,0.888573365467801,0.888573365467801,0.966906474820144,FALSE,T2_IFN_NABA
100,0.869677173213153,0.869677173213153,0.959712230215827,FALSE,T2_IFN_NABA
101,0.933184203285296,0.933184203285296,0.979856115107914,FALSE,T2_IFN_NABA
102,0.931097628213857,0.931097628213857,0.979856115107914,FALSE,T2_IFN_NABA
103,0.877162880744593,0.877162880744593,0.964028776978417,FALSE,T2_IFN_NABA
104,0.893432304075057,0.893432304075057,0.968345323741007,FALSE,T2_IFN_NABA
105,0.919021725129738,0.919021725129738,0.972661870503597,FALSE,T2_IFN_NABA
106,0.947797300117767,0.947797300117767,0.984172661870504,FALSE,T2_IFN_NABA
107,0.994697506883908,0.994697506883908,0.998561151079137,FALSE,T2_IFN_NABA
108,0.86384057754346,0.86384057754346,0.959712230215827,FALSE,T2_IFN_NABA
109,0.797389694488352,0.797389694488352,0.938129496402878,FALSE,T2_IFN_NABA
110,0.854278548132274,0.854278548132274,0.955395683453238,FALSE,T2_IFN_NABA
111,0.964191519358442,0.964191519358442,0.988489208633094,FALSE,T2_IFN_NABA
112,0.931087708991692,0.931087708991692,0.979856115107914,FALSE,T2_IFN_NABA
113,0.905741664874182,0.905741664874182,0.972661870503597,FALSE,T2_IFN_NABA
114,0.918457852168553,0.918457852168553,0.975539568345324,FALSE,T2_IFN_NABA
115,0.958048855270573,0.958048855270573,0.988489208633094,FALSE,T2_IFN_NABA
116,0.867334602118989,0.867334602118989,0.961151079136691,FALSE,T2_IFN_NABA
117,0.942567091343476,0.942567091343476,0.984172661870504,FALSE,T2_IFN_NABA
118,0.897291032677187,0.897291032677187,0.971223021582734,FALSE,T2_IFN_NABA
119,0.913715207733024,0.913715207733024,0.975539568345324,FALSE,T2_IFN_NABA
120,0.941776246776095,0.941776246776095,0.98273381294964,FALSE,T2_IFN_NABA
121,0.974775655378953,0.974775655378953,0.989928057553957,FALSE,T2_IFN_NABA
122,0.855165737615276,0.855165737615276,0.956834532374101,FALSE,T2_IFN_NABA
123,0.890622657441297,0.890622657441297,0.966906474820144,FALSE,T2_IFN_NABA
124,0.960272653527811,0.960272653527811,0.98705035971223,FALSE,T2_IFN_NABA
125,0.829470798178664,0.829470798178664,0.945323741007194,FALSE,T2_IFN_NABA
126,0.88436835269301,0.88436835269301,0.964028776978417,FALSE,T2_IFN_NABA
127,0.911289803588141,0.911289803588141,0.97410071942446,FALSE,T2_IFN_NABA
128,0.871364371686639,0.871364371686639,0.952517985611511,FALSE,T2_IFN_NABA
129,0.95724517426073,0.95724517426073,0.985611510791367,FALSE,T2_IFN_NABA
130,0.880407188683803,0.880407188683803,0.962589928057554,FALSE,T2_IFN_NABA
131,0.943320781109163,0.943320781109163,0.981294964028777,FALSE,T2_IFN_NABA
132,0.989413034277486,0.989413034277486,0.997122302158273,FALSE,T2_IFN_NABA
133,0.867085633844174,0.867085633844174,0.958273381294964,FALSE,T2_IFN_NABA
134,0.909312240955243,0.909312240955243,0.971223021582734,FALSE,T2_IFN_NABA
135,0.972861264865269,0.972861264865269,0.99136690647482,FALSE,T2_IFN_NABA
136,0.927985597275209,0.927985597275209,0.976978417266187,FALSE,T2_IFN_NABA
137,0.884004129373233,0.884004129373233,0.964028776978417,FALSE,T2_IFN_NABA
138,0.949737119987232,0.949737119987232,0.981294964028777,FALSE,T2_IFN_NABA
139,0.952040664069668,0.952040664069668,0.984172661870504,FALSE,T2_IFN_NABA
140,0.948788486743154,0.948788486743154,0.984172661870504,FALSE,T2_IFN_NABA
141,0.861422603659717,0.861422603659717,0.953956834532374,FALSE,T2_IFN_NABA
142,0.932341025515551,0.932341025515551,0.981294964028777,FALSE,T2_IFN_NABA
143,0.863203888078684,0.863203888078684,0.956834532374101,FALSE,T2_IFN_NABA
144,0.804431401787955,0.804431401787955,0.939568345323741,FALSE,T2_IFN_NABA
145,0.911782275121661,0.911782275121661,0.971223021582734,FALSE,T2_IFN_NABA
146,0.975881345523359,0.975881345523359,0.992805755395683,FALSE,T2_IFN_NABA
147,0.989413034277486,0.989413034277486,0.997122302158273,FALSE,T2_IFN_NABA
148,0.795670201311018,0.795670201311018,0.938129496402878,FALSE,T2_IFN_NABA
149,0.874621970137238,0.874621970137238,0.959712230215827,FALSE,T2_IFN_NABA
150,0.979367037498598,0.979367037498598,0.992805755395683,FALSE,T2_IFN_NABA
151,0.960135633197541,0.960135633197541,0.98705035971223,FALSE,T2_IFN_NABA
152,0.916090808089084,0.916090808089084,0.971223021582734,FALSE,T2_IFN_NABA
153,0.937445316269864,0.937445316269864,0.981294964028777,FALSE,T2_IFN_NABA
154,0.86215696093483,0.86215696093483,0.955395683453238,FALSE,T2_IFN_NABA
155,0.926264180781321,0.926264180781321,0.972661870503597,FALSE,T2_IFN_NABA
156,0.962439545614076,0.962439545614076,0.988489208633094,FALSE,T2_IFN_NABA
157,0.882233723322475,0.882233723322475,0.965467625899281,FALSE,T2_IFN_NABA
158,0.970161208470246,0.970161208470246,0.99136690647482,FALSE,T2_IFN_NABA
159,0.853091399782372,0.853091399782372,0.955395683453238,FALSE,T2_IFN_NABA
160,0.88092612702988,0.88092612702988,0.964028776978417,FALSE,T2_IFN_NABA
161,0.915069146838779,0.915069146838779,0.972661870503597,FALSE,T2_IFN_NABA
162,0.939116218488224,0.939116218488224,0.981294964028777,FALSE,T2_IFN_NABA
163,0.85423505944628,0.85423505944628,0.955395683453238,FALSE,T2_IFN_NABA
164,0.985886814020385,0.985886814020385,0.99568345323741,FALSE,T2_IFN_NABA
165,0.87510998210089,0.87510998210089,0.962589928057554,FALSE,T2_IFN_NABA
166,0.912336562498672,0.912336562498672,0.975539568345324,FALSE,T2_IFN_NABA
167,0.927283681301559,0.927283681301559,0.979856115107914,FALSE,T2_IFN_NABA
168,0.977586602706341,0.977586602706341,0.989928057553957,FALSE,T2_IFN_NABA
169,0.966599233526946,0.966599233526946,0.989928057553957,FALSE,T2_IFN_NABA
170,0.923169728085184,0.923169728085184,0.969784172661871,FALSE,T2_IFN_NABA
171,0.93401899280162,0.93401899280162,0.981294964028777,FALSE,T2_IFN_NABA
172,0.913481462023152,0.913481462023152,0.97410071942446,FALSE,T2_IFN_NABA
173,0.925121571044719,0.925121571044719,0.976978417266187,FALSE,T2_IFN_NABA
174,0.972307599846732,0.972307599846732,0.988489208633094,FALSE,T2_IFN_NABA
175,0.97889832065314,0.97889832065314,0.994244604316547,FALSE,T2_IFN_NABA
176,0.931445750066462,0.931445750066462,0.97841726618705,FALSE,T2_IFN_NABA
177,0.845270377680968,0.845270377680968,0.952517985611511,FALSE,T2_IFN_NABA
178,0.879645741530482,0.879645741530482,0.962589928057554,FALSE,T2_IFN_NABA
179,0.870665950365689,0.870665950365689,0.958273381294964,FALSE,T2_IFN_NABA
180,0.931857587308796,0.931857587308796,0.97841726618705,FALSE,T2_IFN_NABA
181,0.941761987294783,0.941761987294783,0.98273381294964,FALSE,T2_IFN_NABA
182,0.895002590257191,0.895002590257191,0.968345323741007,FALSE,T2_IFN_NABA
183,0.937320616279451,0.937320616279451,0.981294964028777,FALSE,T2_IFN_NABA
184,0.929148984055586,0.929148984055586,0.97841726618705,FALSE,T2_IFN_NABA
185,0.975881345523359,0.975881345523359,0.992805755395683,FALSE,T2_IFN_NABA
186,0.895736817950787,0.895736817950787,0.969784172661871,FALSE,T2_IFN_NABA
187,0.87307391359335,0.87307391359335,0.962589928057554,FALSE,T2_IFN_NABA
188,0.994697506883908,0.994697506883908,0.998561151079137,FALSE,T2_IFN_NABA
189,0.911782275121661,0.911782275121661,0.971223021582734,FALSE,T2_IFN_NABA
190,0.862035350996325,0.862035350996325,0.953956834532374,FALSE,T2_IFN_NABA
191,0.885112189947278,0.885112189947278,0.965467625899281,FALSE,T2_IFN_NABA
192,0.918889159915105,0.918889159915105,0.97410071942446,FALSE,T2_IFN_NABA
193,0.444891437144799,0.444891437144799,0.693525179856115,FALSE,T2_IFN_NABA
194,0.937458710144909,0.937458710144909,0.98273381294964,FALSE,T2_IFN_NABA
195,0.960206524393165,0.960206524393165,0.98273381294964,FALSE,T2_IFN_NABA
196,0.933695149900034,0.933695149900034,0.979856115107914,FALSE,T2_IFN_NABA
197,0.915831898215938,0.915831898215938,0.975539568345324,FALSE,T2_IFN_NABA
198,0.818923676651549,0.818923676651549,0.945323741007194,FALSE,T2_IFN_NABA
199,0.873549048192168,0.873549048192168,0.958273381294964,FALSE,T2_IFN_NABA
200,0.94432333169199,0.94432333169199,0.981294964028777,FALSE,T2_IFN_NABA
201,0.873203945742411,0.873203945742411,0.961151079136691,FALSE,T2_IFN_NABA
202,0.887594193245432,0.887594193245432,0.966906474820144,FALSE,T2_IFN_NABA
203,0.905950455056195,0.905950455056195,0.971223021582734,FALSE,T2_IFN_NABA
204,0.856614646219729,0.856614646219729,0.952517985611511,FALSE,T2_IFN_NABA
205,0.854846467517729,0.854846467517729,0.955395683453238,FALSE,T2_IFN_NABA
206,0.88070920652283,0.88070920652283,0.964028776978417,FALSE,T2_IFN_NABA
207,0.914212247279931,0.914212247279931,0.975539568345324,FALSE,T2_IFN_NABA
208,0.817519049970901,0.817519049970901,0.945323741007194,FALSE,T2_IFN_NABA
209,0.965899551355202,0.965899551355202,0.988489208633094,FALSE,T2_IFN_NABA
210,0.87455570259685,0.87455570259685,0.961151079136691,FALSE,T2_IFN_NABA
211,0.874847678872319,0.874847678872319,0.961151079136691,FALSE,T2_IFN_NABA
212,0.902275194937347,0.902275194937347,0.972661870503597,FALSE,T2_IFN_NABA
213,0.967133707575355,0.967133707575355,0.989928057553957,FALSE,T2_IFN_NABA
214,0.991658827128212,0.991658827128212,0.997122302158273,FALSE,T2_IFN_NABA
215,0.920043567866707,0.920043567866707,0.975539568345324,FALSE,T2_IFN_NABA
216,0.938302144216913,0.938302144216913,0.981294964028777,FALSE,T2_IFN_NABA
217,0.951616400142542,0.951616400142542,0.985611510791367,FALSE,T2_IFN_NABA
218,0.91632118020078,0.91632118020078,0.975539568345324,FALSE,T2_IFN_NABA
219,0.906659524549861,0.906659524549861,0.966906474820144,FALSE,T2_IFN_NABA
220,0.984138820668512,0.984138820668512,0.99568345323741,FALSE,T2_IFN_NABA
221,0.968425133443487,0.968425133443487,0.99136690647482,FALSE,T2_IFN_NABA
222,0.91156551686062,0.91156551686062,0.972661870503597,FALSE,T2_IFN_NABA
223,0.88304300833015,0.88304300833015,0.965467625899281,FALSE,T2_IFN_NABA
224,0.945931329960361,0.945931329960361,0.984172661870504,FALSE,T2_IFN_NABA
225,0.88436835269301,0.88436835269301,0.964028776978417,FALSE,T2_IFN_NABA
226,0.956482707611259,0.956482707611259,0.984172661870504,FALSE,T2_IFN_NABA
227,0.85659061288335,0.85659061288335,0.958273381294964,FALSE,T2_IFN_NABA
228,0.887252649090067,0.887252649090067,0.968345323741007,FALSE,T2_IFN_NABA
229,0.977598703448633,0.977598703448633,0.992805755395683,FALSE,T2_IFN_NABA
230,0.82199393386425,0.82199393386425,0.946762589928058,FALSE,T2_IFN_NABA
231,0.955442159293866,0.955442159293866,0.985611510791367,FALSE,T2_IFN_NABA
232,0.989413034277486,0.989413034277486,0.997122302158273,FALSE,T2_IFN_NABA
233,0.864618876648541,0.864618876648541,0.958273381294964,FALSE,T2_IFN_NABA
234,0.949400636868702,0.949400636868702,0.985611510791367,FALSE,T2_IFN_NABA
235,0.89380094726481,0.89380094726481,0.968345323741007,FALSE,T2_IFN_NABA
236,0.937445641939528,0.937445641939528,0.98273381294964,FALSE,T2_IFN_NABA
237,0.889725236487769,0.889725236487769,0.966906474820144,FALSE,T2_IFN_NABA
238,0.941256298482403,0.941256298482403,0.98273381294964,FALSE,T2_IFN_NABA
239,0.880230661046199,0.880230661046199,0.964028776978417,FALSE,T2_IFN_NABA
240,0.972401205758695,0.972401205758695,0.99136690647482,FALSE,T2_IFN_NABA
241,0.887643385217932,0.887643385217932,0.965467625899281,FALSE,T2_IFN_NABA
242,0.893906847053253,0.893906847053253,0.969784172661871,FALSE,T2_IFN_NABA
243,0.989969763534818,0.989969763534818,0.99568345323741,FALSE,T2_IFN_NABA
244,0.955942047002683,0.955942047002683,0.985611510791367,FALSE,T2_IFN_NABA
245,0.924012104245825,0.924012104245825,0.975539568345324,FALSE,T2_IFN_NABA
246,0.967668566781921,0.967668566781921,0.988489208633094,FALSE,T2_IFN_NABA
247,0.934212534678917,0.934212534678917,0.97841726618705,FALSE,T2_IFN_NABA
248,0.888123792942628,0.888123792942628,0.965467625899281,FALSE,T2_IFN_NABA
249,0.941784416745686,0.941784416745686,0.98273381294964,FALSE,T2_IFN_NABA
250,0.77967096482741,0.77967096482741,0.932374100719425,FALSE,T2_IFN_NABA
251,0.909744590066944,0.909744590066944,0.971223021582734,FALSE,T2_IFN_NABA
252,0.782252859162155,0.782252859162155,0.933812949640288,FALSE,T2_IFN_NABA
253,0.882857382643635,0.882857382643635,0.964028776978417,FALSE,T2_IFN_NABA
254,0.833215237013454,0.833215237013454,0.948201438848921,FALSE,T2_IFN_NABA
255,0.932621917388696,0.932621917388696,0.979856115107914,FALSE,T2_IFN_NABA
256,0.986966556391203,0.986966556391203,0.994244604316547,FALSE,T2_IFN_NABA
257,0.951625991897712,0.951625991897712,0.985611510791367,FALSE,T2_IFN_NABA
258,0.951247809194557,0.951247809194557,0.98273381294964,FALSE,T2_IFN_NABA
259,0.893737194516018,0.893737194516018,0.969784172661871,FALSE,T2_IFN_NABA
260,0.944929931273584,0.944929931273584,0.979856115107914,FALSE,T2_IFN_NABA
261,0.994697506883908,0.994697506883908,0.998561151079137,FALSE,T2_IFN_NABA
262,0.890057619731695,0.890057619731695,0.966906474820144,FALSE,T2_IFN_NABA
263,0.908904946784694,0.908904946784694,0.969784172661871,FALSE,T2_IFN_NABA
264,0.986966556391203,0.986966556391203,0.994244604316547,FALSE,T2_IFN_NABA
265,0.993923531220082,0.993923531220082,0.997122302158273,FALSE,T2_IFN_NABA
266,0.967668566781921,0.967668566781921,0.988489208633094,FALSE,T2_IFN_NABA
267,0.91769543019326,0.91769543019326,0.97410071942446,FALSE,T2_IFN_NABA
268,0.879452774890875,0.879452774890875,0.962589928057554,FALSE,T2_IFN_NABA
269,0.932341025515551,0.932341025515551,0.981294964028777,FALSE,T2_IFN_NABA
270,0.802900121734609,0.802900121734609,0.941007194244604,FALSE,T2_IFN_NABA
271,0.957287871912513,0.957287871912513,0.98705035971223,FALSE,T2_IFN_NABA
272,0.933192266411802,0.933192266411802,0.979856115107914,FALSE,T2_IFN_NABA
273,0.967046619840707,0.967046619840707,0.98705035971223,FALSE,T2_IFN_NABA
274,0.919074147985764,0.919074147985764,0.972661870503597,FALSE,T2_IFN_NABA
275,0.814149365171564,0.814149365171564,0.942446043165468,FALSE,T2_IFN_NABA
276,0.510127490455584,0.510127490455584,0.753956834532374,FALSE,T2_IFN_NABA
277,0.923217588425224,0.923217588425224,0.975539568345324,FALSE,T2_IFN_NABA
278,0.965854292620844,0.965854292620844,0.988489208633094,FALSE,T2_IFN_NABA
279,0.909113801975582,0.909113801975582,0.965467625899281,FALSE,T2_IFN_NABA
280,0.88436835269301,0.88436835269301,0.964028776978417,FALSE,T2_IFN_NABA
281,0.922846153350549,0.922846153350549,0.97410071942446,FALSE,T2_IFN_NABA
282,0.874839406518191,0.874839406518191,0.958273381294964,FALSE,T2_IFN_NABA
283,0.834940875112324,0.834940875112324,0.951079136690647,FALSE,T2_IFN_NABA
284,0.869677173213153,0.869677173213153,0.959712230215827,FALSE,T2_IFN_NABA
285,0.960661706118534,0.960661706118534,0.985611510791367,FALSE,T2_IFN_NABA
286,0.895366400233141,0.895366400233141,0.968345323741007,FALSE,T2_IFN_NABA
287,0.894365995770091,0.894365995770091,0.969784172661871,FALSE,T2_IFN_NABA
288,0.889577747148361,0.889577747148361,0.966906474820144,FALSE,T2_IFN_NABA
289,0.86316581958038,0.86316581958038,0.958273381294964,FALSE,T2_IFN_NABA
290,0.938813404096218,0.938813404096218,0.981294964028777,FALSE,T2_IFN_NABA
291,0.938326651043363,0.938326651043363,0.981294964028777,FALSE,T2_IFN_NABA
292,0.888634028168501,0.888634028168501,0.966906474820144,FALSE,T2_IFN_NABA
293,0.928573771168132,0.928573771168132,0.97841726618705,FALSE,T2_IFN_NABA
294,0.964302181626832,0.964302181626832,0.98705035971223,FALSE,T2_IFN_NABA
295,0.835907157417473,0.835907157417473,0.951079136690647,FALSE,T2_IFN_NABA
296,0.951247809194557,0.951247809194557,0.98273381294964,FALSE,T2_IFN_NABA
297,0.863082958558141,0.863082958558141,0.955395683453238,FALSE,T2_IFN_NABA
298,0.951372238900706,0.951372238900706,0.98273381294964,FALSE,T2_IFN_NABA
299,0.965252526624863,0.965252526624863,0.98705035971223,FALSE,T2_IFN_NABA
300,0.890611530311583,0.890611530311583,0.964028776978417,FALSE,T2_IFN_NABA
301,0.980640826192351,0.980640826192351,0.994244604316547,FALSE,T2_IFN_NABA
302,0.922403527330351,0.922403527330351,0.97410071942446,FALSE,T2_IFN_NABA
303,0.972307599846732,0.972307599846732,0.988489208633094,FALSE,T2_IFN_NABA
304,0.9088326686402,0.9088326686402,0.972661870503597,FALSE,T2_IFN_NABA
305,0.962376344215445,0.962376344215445,0.98705035971223,FALSE,T2_IFN_NABA
306,0.987684532117464,0.987684532117464,0.99568345323741,FALSE,T2_IFN_NABA
307,0.883949943280825,0.883949943280825,0.964028776978417,FALSE,T2_IFN_NABA
308,0.970633959183135,0.970633959183135,0.99136690647482,FALSE,T2_IFN_NABA
309,0.906889413024504,0.906889413024504,0.969784172661871,FALSE,T2_IFN_NABA
310,0.887182548036155,0.887182548036155,0.966906474820144,FALSE,T2_IFN_NABA
311,0.916592934169265,0.916592934169265,0.97410071942446,FALSE,T2_IFN_NABA
312,0.984146624780141,0.984146624780141,0.99568345323741,FALSE,T2_IFN_NABA
313,0.748594675678996,0.748594675678996,0.923741007194245,FALSE,T2_IFN_NABA
314,0.833967769424433,0.833967769424433,0.945323741007194,FALSE,T2_IFN_NABA
315,0.951642982629529,0.951642982629529,0.984172661870504,FALSE,T2_IFN_NABA
316,0.880774733255245,0.880774733255245,0.964028776978417,FALSE,T2_IFN_NABA
317,0.977598703448633,0.977598703448633,0.992805755395683,FALSE,T2_IFN_NABA
318,0.974636591717339,0.974636591717339,0.99136690647482,FALSE,T2_IFN_NABA
319,0.977119218357651,0.977119218357651,0.989928057553957,FALSE,T2_IFN_NABA
320,0.929395956096401,0.929395956096401,0.979856115107914,FALSE,T2_IFN_NABA
321,0.889254570596079,0.889254570596079,0.966906474820144,FALSE,T2_IFN_NABA
322,0.888649120051337,0.888649120051337,0.966906474820144,FALSE,T2_IFN_NABA
323,0.918994587438908,0.918994587438908,0.975539568345324,FALSE,T2_IFN_NABA
324,0.921363181854016,0.921363181854016,0.976978417266187,FALSE,T2_IFN_NABA
325,0.902253352057277,0.902253352057277,0.972661870503597,FALSE,T2_IFN_NABA
326,0.7686819846351,0.7686819846351,0.926618705035971,FALSE,T2_IFN_NABA
327,0.961137078695798,0.961137078695798,0.98705035971223,FALSE,T2_IFN_NABA
328,0.902374093677827,0.902374093677827,0.972661870503597,FALSE,T2_IFN_NABA
329,0.970290808641882,0.970290808641882,0.988489208633094,FALSE,T2_IFN_NABA
330,0.885052413098535,0.885052413098535,0.965467625899281,FALSE,T2_IFN_NABA
331,0.967602807941521,0.967602807941521,0.988489208633094,FALSE,T2_IFN_NABA
332,0.454339567227675,0.454339567227675,0.717985611510791,FALSE,T2_IFN_NABA
333,0.891541570393805,0.891541570393805,0.962589928057554,FALSE,T2_IFN_NABA
334,0.897365351053737,0.897365351053737,0.971223021582734,FALSE,T2_IFN_NABA
335,0.872390329336771,0.872390329336771,0.961151079136691,FALSE,T2_IFN_NABA
336,0.867876060844573,0.867876060844573,0.955395683453238,FALSE,T2_IFN_NABA
337,0.989413034277486,0.989413034277486,0.997122302158273,FALSE,T2_IFN_NABA
338,0.892918567398922,0.892918567398922,0.968345323741007,FALSE,T2_IFN_NABA
339,0.911265156432075,0.911265156432075,0.97410071942446,FALSE,T2_IFN_NABA
340,0.946852698268325,0.946852698268325,0.98273381294964,FALSE,T2_IFN_NABA
341,0.872155904083061,0.872155904083061,0.958273381294964,FALSE,T2_IFN_NABA
342,0.857581324432203,0.857581324432203,0.951079136690647,FALSE,T2_IFN_NABA
343,0.978113474590155,0.978113474590155,0.992805755395683,FALSE,T2_IFN_NABA
344,0.877960426799495,0.877960426799495,0.962589928057554,FALSE,T2_IFN_NABA
345,0.910681634257229,0.910681634257229,0.972661870503597,FALSE,T2_IFN_NABA
346,0.880637303109377,0.880637303109377,0.961151079136691,FALSE,T2_IFN_NABA
347,0.935927180891116,0.935927180891116,0.979856115107914,FALSE,T2_IFN_NABA
348,0.923947366801606,0.923947366801606,0.975539568345324,FALSE,T2_IFN_NABA
349,0.909065109472882,0.909065109472882,0.968345323741007,FALSE,T2_IFN_NABA
350,0.970185237763982,0.970185237763982,0.99136690647482,FALSE,T2_IFN_NABA
351,0.985909834133502,0.985909834133502,0.99568345323741,FALSE,T2_IFN_NABA
352,0.888631536214936,0.888631536214936,0.966906474820144,FALSE,T2_IFN_NABA
353,0.953827678926044,0.953827678926044,0.984172661870504,FALSE,T2_IFN_NABA
354,0.972307599846732,0.972307599846732,0.988489208633094,FALSE,T2_IFN_NABA
355,0.805590859222152,0.805590859222152,0.942446043165468,FALSE,T2_IFN_NABA
356,0.494122021099299,0.494122021099299,0.746762589928058,FALSE,T2_IFN_NABA
357,0.961547441059713,0.961547441059713,0.985611510791367,FALSE,T2_IFN_NABA
358,0.952084037069502,0.952084037069502,0.981294964028777,FALSE,T2_IFN_NABA
359,0.88019477171006,0.88019477171006,0.964028776978417,FALSE,T2_IFN_NABA
360,0.723515537443282,0.723515537443282,0.907913669064748,FALSE,T2_IFN_NABA
361,0.924162560723088,0.924162560723088,0.976978417266187,FALSE,T2_IFN_NABA
362,0.944725974894135,0.944725974894135,0.984172661870504,FALSE,T2_IFN_NABA
363,0.961036345939126,0.961036345939126,0.98705035971223,FALSE,T2_IFN_NABA
364,0.946029441457561,0.946029441457561,0.981294964028777,FALSE,T2_IFN_NABA
365,0.973646556915105,0.973646556915105,0.992805755395683,FALSE,T2_IFN_NABA
366,0.913790380216092,0.913790380216092,0.972661870503597,FALSE,T2_IFN_NABA
367,0.909528882553608,0.909528882553608,0.972661870503597,FALSE,T2_IFN_NABA
368,0.919438467826429,0.919438467826429,0.976978417266187,FALSE,T2_IFN_NABA
369,0.890848141895348,0.890848141895348,0.968345323741007,FALSE,T2_IFN_NABA
370,0.892372549565232,0.892372549565232,0.969784172661871,FALSE,T2_IFN_NABA
371,0.822444113921162,0.822444113921162,0.945323741007194,FALSE,T2_IFN_NABA
372,0.803386647865165,0.803386647865165,0.939568345323741,FALSE,T2_IFN_NABA
373,0.932296284151126,0.932296284151126,0.979856115107914,FALSE,T2_IFN_NABA
374,0.93138856121694,0.93138856121694,0.97841726618705,FALSE,T2_IFN_NABA
375,0.905323019513982,0.905323019513982,0.965467625899281,FALSE,T2_IFN_NABA
376,0.891124597158633,0.891124597158633,0.966906474820144,FALSE,T2_IFN_NABA
377,0.895308405331539,0.895308405331539,0.966906474820144,FALSE,T2_IFN_NABA
378,0.871055196500146,0.871055196500146,0.959712230215827,FALSE,T2_IFN_NABA
379,0.962422926484165,0.962422926484165,0.98705035971223,FALSE,T2_IFN_NABA
380,0.943422531594991,0.943422531594991,0.98273381294964,FALSE,T2_IFN_NABA
381,0.976412096745059,0.976412096745059,0.99136690647482,FALSE,T2_IFN_NABA
382,0.889993739990525,0.889993739990525,0.966906474820144,FALSE,T2_IFN_NABA
383,0.993448855279151,0.993448855279151,0.997122302158273,FALSE,T2_IFN_NABA
384,0.879645741530482,0.879645741530482,0.962589928057554,FALSE,T2_IFN_NABA
385,0.928941020185465,0.928941020185465,0.979856115107914,FALSE,T2_IFN_NABA
386,0.994697506883908,0.994697506883908,0.998561151079137,FALSE,T2_IFN_NABA
387,0.864823466321342,0.864823466321342,0.958273381294964,FALSE,T2_IFN_NABA
388,0.910580601154023,0.910580601154023,0.972661870503597,FALSE,T2_IFN_NABA
389,0.964168407701538,0.964168407701538,0.988489208633094,FALSE,T2_IFN_NABA
390,0.932780240236994,0.932780240236994,0.976978417266187,FALSE,T2_IFN_NABA
391,0.970450434529339,0.970450434529339,0.988489208633094,FALSE,T2_IFN_NABA
392,0.931528919858411,0.931528919858411,0.979856115107914,FALSE,T2_IFN_NABA
393,0.96246617901516,0.96246617901516,0.98705035971223,FALSE,T2_IFN_NABA
394,0.922829087355065,0.922829087355065,0.975539568345324,FALSE,T2_IFN_NABA
395,0.921370463385065,0.921370463385065,0.976978417266187,FALSE,T2_IFN_NABA
396,0.921821362666572,0.921821362666572,0.975539568345324,FALSE,T2_IFN_NABA
397,0.890322661180204,0.890322661180204,0.965467625899281,FALSE,T2_IFN_NABA
398,0.965419185949454,0.965419185949454,0.989928057553957,FALSE,T2_IFN_NABA
399,0.978214214447794,0.978214214447794,0.99136690647482,FALSE,T2_IFN_NABA
400,0.972351572009424,0.972351572009424,0.99136690647482,FALSE,T2_IFN_NABA
401,0.85562922795526,0.85562922795526,0.953956834532374,FALSE,T2_IFN_NABA
402,0.972351572009424,0.972351572009424,0.99136690647482,FALSE,T2_IFN_NABA
403,0.968425133443487,0.968425133443487,0.99136690647482,FALSE,T2_IFN_NABA
404,0.952860295718609,0.952860295718609,0.98705035971223,FALSE,T2_IFN_NABA
405,0.795922338199372,0.795922338199372,0.939568345323741,FALSE,T2_IFN_NABA
406,0.954626661191535,0.954626661191535,0.984172661870504,FALSE,T2_IFN_NABA
407,0.946857708252634,0.946857708252634,0.979856115107914,FALSE,T2_IFN_NABA
408,0.803658383650167,0.803658383650167,0.939568345323741,FALSE,T2_IFN_NABA
409,0.943948393346682,0.943948393346682,0.98273381294964,FALSE,T2_IFN_NABA
410,0.922318846843911,0.922318846843911,0.97841726618705,FALSE,T2_IFN_NABA
411,0.901929390425528,0.901929390425528,0.971223021582734,FALSE,T2_IFN_NABA
412,0.88386750465083,0.88386750465083,0.966906474820144,FALSE,T2_IFN_NABA
413,0.816375210290037,0.816375210290037,0.943884892086331,FALSE,T2_IFN_NABA
414,0.969904661830003,0.969904661830003,0.98705035971223,FALSE,T2_IFN_NABA
415,0.882857382643635,0.882857382643635,0.964028776978417,FALSE,T2_IFN_NABA
416,0.936143731951456,0.936143731951456,0.981294964028777,FALSE,T2_IFN_NABA
417,0.893579151547576,0.893579151547576,0.968345323741007,FALSE,T2_IFN_NABA
418,0.883737603620798,0.883737603620798,0.965467625899281,FALSE,T2_IFN_NABA
419,0.950814939145791,0.950814939145791,0.984172661870504,FALSE,T2_IFN_NABA
420,0.968425133443487,0.968425133443487,0.99136690647482,FALSE,T2_IFN_NABA
421,0.963228162056094,0.963228162056094,0.988489208633094,FALSE,T2_IFN_NABA
422,0.973646556915105,0.973646556915105,0.992805755395683,FALSE,T2_IFN_NABA
423,0.950248389878088,0.950248389878088,0.98273381294964,FALSE,T2_IFN_NABA
424,0.879358376402379,0.879358376402379,0.962589928057554,FALSE,T2_IFN_NABA
425,0.963082215351086,0.963082215351086,0.984172661870504,FALSE,T2_IFN_NABA
426,0.950847513586308,0.950847513586308,0.98273381294964,FALSE,T2_IFN_NABA
427,0.946852698268325,0.946852698268325,0.98273381294964,FALSE,T2_IFN_NABA
428,0.970629558503228,0.970629558503228,0.989928057553957,FALSE,T2_IFN_NABA
429,0.915875173642813,0.915875173642813,0.975539568345324,FALSE,T2_IFN_NABA
430,0.906720404747679,0.906720404747679,0.969784172661871,FALSE,T2_IFN_NABA
431,0.8921245846883,0.8921245846883,0.968345323741007,FALSE,T2_IFN_NABA
432,0.964129771642352,0.964129771642352,0.988489208633094,FALSE,T2_IFN_NABA
433,0.932025263842469,0.932025263842469,0.979856115107914,FALSE,T2_IFN_NABA
434,0.97587271005691,0.97587271005691,0.992805755395683,FALSE,T2_IFN_NABA
435,0.961483870425565,0.961483870425565,0.988489208633094,FALSE,T2_IFN_NABA
436,0.920353582250295,0.920353582250295,0.97410071942446,FALSE,T2_IFN_NABA
437,0.892851413647854,0.892851413647854,0.964028776978417,FALSE,T2_IFN_NABA
438,0.809530820197777,0.809530820197777,0.939568345323741,FALSE,T2_IFN_NABA
439,0.925121571044719,0.925121571044719,0.976978417266187,FALSE,T2_IFN_NABA
440,0.918751646991086,0.918751646991086,0.97410071942446,FALSE,T2_IFN_NABA
441,0.882040544252138,0.882040544252138,0.962589928057554,FALSE,T2_IFN_NABA
442,0.964973134931925,0.964973134931925,0.989928057553957,FALSE,T2_IFN_NABA
443,0.948595578170168,0.948595578170168,0.984172661870504,FALSE,T2_IFN_NABA
444,0.885905317378781,0.885905317378781,0.965467625899281,FALSE,T2_IFN_NABA
445,0.896813392025168,0.896813392025168,0.966906474820144,FALSE,T2_IFN_NABA
446,0.909370487025109,0.909370487025109,0.971223021582734,FALSE,T2_IFN_NABA
447,0.9205123635266,0.9205123635266,0.971223021582734,FALSE,T2_IFN_NABA
448,0.941990214086506,0.941990214086506,0.97841726618705,FALSE,T2_IFN_NABA
449,0.831280885357051,0.831280885357051,0.943884892086331,FALSE,T2_IFN_NABA
450,0.927304072612016,0.927304072612016,0.979856115107914,FALSE,T2_IFN_NABA
451,0.885052413098535,0.885052413098535,0.965467625899281,FALSE,T2_IFN_NABA
452,0.850499240054366,0.850499240054366,0.948201438848921,FALSE,T2_IFN_NABA
453,0.933695149900034,0.933695149900034,0.979856115107914,FALSE,T2_IFN_NABA
454,0.925547618953331,0.925547618953331,0.97841726618705,FALSE,T2_IFN_NABA
455,0.942923491304895,0.942923491304895,0.98273381294964,FALSE,T2_IFN_NABA
456,0.844942206220384,0.844942206220384,0.952517985611511,FALSE,T2_IFN_NABA
457,0.897631160794619,0.897631160794619,0.968345323741007,FALSE,T2_IFN_NABA
458,0.941776246776095,0.941776246776095,0.98273381294964,FALSE,T2_IFN_NABA
459,0.879265373534707,0.879265373534707,0.962589928057554,FALSE,T2_IFN_NABA
460,0.887449099856032,0.887449099856032,0.968345323741007,FALSE,T2_IFN_NABA
461,0.840128035482205,0.840128035482205,0.948201438848921,FALSE,T2_IFN_NABA
462,0.95157626447853,0.95157626447853,0.985611510791367,FALSE,T2_IFN_NABA
463,0.979856465169978,0.979856465169978,0.992805755395683,FALSE,T2_IFN_NABA
464,0.994697506883908,0.994697506883908,0.998561151079137,FALSE,T2_IFN_NABA
465,0.874236536219583,0.874236536219583,0.962589928057554,FALSE,T2_IFN_NABA
466,0.970629558503228,0.970629558503228,0.989928057553957,FALSE,T2_IFN_NABA
467,0.991187550127169,0.991187550127169,0.997122302158273,FALSE,T2_IFN_NABA
468,0.944216511324179,0.944216511324179,0.984172661870504,FALSE,T2_IFN_NABA
469,0.970633959183135,0.970633959183135,0.99136690647482,FALSE,T2_IFN_NABA
470,0.956727713667386,0.956727713667386,0.98705035971223,FALSE,T2_IFN_NABA
471,0.822264229452286,0.822264229452286,0.943884892086331,FALSE,T2_IFN_NABA
472,0.951170074871645,0.951170074871645,0.97841726618705,FALSE,T2_IFN_NABA
473,0.988649510936984,0.988649510936984,0.99568345323741,FALSE,T2_IFN_NABA
474,0.915184803798993,0.915184803798993,0.97410071942446,FALSE,T2_IFN_NABA
475,0.885117568394023,0.885117568394023,0.961151079136691,FALSE,T2_IFN_NABA
476,0.959747679373808,0.959747679373808,0.988489208633094,FALSE,T2_IFN_NABA
477,0.866555193431505,0.866555193431505,0.958273381294964,FALSE,T2_IFN_NABA
478,0.939126654507017,0.939126654507017,0.98273381294964,FALSE,T2_IFN_NABA
479,0.906193587566178,0.906193587566178,0.971223021582734,FALSE,T2_IFN_NABA
480,0.927888933338901,0.927888933338901,0.97841726618705,FALSE,T2_IFN_NABA
481,1,1,1,FALSE,T2_IFN_NABA
482,0.835457162020105,0.835457162020105,0.949640287769784,FALSE,T2_IFN_NABA
483,0.864661245444366,0.864661245444366,0.961151079136691,FALSE,T2_IFN_NABA
484,0.864618876648541,0.864618876648541,0.958273381294964,FALSE,T2_IFN_NABA
485,0.933710994598735,0.933710994598735,0.979856115107914,FALSE,T2_IFN_NABA
486,0.813753509275782,0.813753509275782,0.942446043165468,FALSE,T2_IFN_NABA
487,0.971959140340667,0.971959140340667,0.99136690647482,FALSE,T2_IFN_NABA
488,0.87455570259685,0.87455570259685,0.961151079136691,FALSE,T2_IFN_NABA
489,0.89101907955594,0.89101907955594,0.968345323741007,FALSE,T2_IFN_NABA
490,0.876321074992153,0.876321074992153,0.961151079136691,FALSE,T2_IFN_NABA
491,0.953996688219148,0.953996688219148,0.979856115107914,FALSE,T2_IFN_NABA
492,0.949799103520261,0.949799103520261,0.985611510791367,FALSE,T2_IFN_NABA
493,0.878079405403416,0.878079405403416,0.961151079136691,FALSE,T2_IFN_NABA
494,0.927420128287795,0.927420128287795,0.979856115107914,FALSE,T2_IFN_NABA
495,0.877301330269147,0.877301330269147,0.964028776978417,FALSE,T2_IFN_NABA
496,0.971097465662839,0.971097465662839,0.989928057553957,FALSE,T2_IFN_NABA
497,0.913937288023674,0.913937288023674,0.975539568345324,FALSE,T2_IFN_NABA
498,0.878610847168591,0.878610847168591,0.964028776978417,FALSE,T2_IFN_NABA
499,0.925274349441788,0.925274349441788,0.976978417266187,FALSE,T2_IFN_NABA
500,0.898601222306445,0.898601222306445,0.969784172661871,FALSE,T2_IFN_NABA
501,0.972013907753029,0.972013907753029,0.988489208633094,FALSE,T2_IFN_NABA
502,0.935328122847992,0.935328122847992,0.979856115107914,FALSE,T2_IFN_NABA
503,0.981122385830209,0.981122385830209,0.994244604316547,FALSE,T2_IFN_NABA
504,0.967046619840707,0.967046619840707,0.98705035971223,FALSE,T2_IFN_NABA
505,0.894754273130937,0.894754273130937,0.964028776978417,FALSE,T2_IFN_NABA
506,0.928907580572539,0.928907580572539,0.979856115107914,FALSE,T2_IFN_NABA
507,0.917969208624451,0.917969208624451,0.975539568345324,FALSE,T2_IFN_NABA
508,0.88889260239841,0.88889260239841,0.965467625899281,FALSE,T2_IFN_NABA
509,0.898244454469967,0.898244454469967,0.964028776978417,FALSE,T2_IFN_NABA
510,0.941776246776095,0.941776246776095,0.98273381294964,FALSE,T2_IFN_NABA
511,0.864717268506648,0.864717268506648,0.958273381294964,FALSE,T2_IFN_NABA
512,0.920100541055456,0.920100541055456,0.975539568345324,FALSE,T2_IFN_NABA
513,0.898985891013298,0.898985891013298,0.971223021582734,FALSE,T2_IFN_NABA
514,0.963684266816594,0.963684266816594,0.988489208633094,FALSE,T2_IFN_NABA
515,0.900312771934746,0.900312771934746,0.968345323741007,FALSE,T2_IFN_NABA
516,0.952090039112704,0.952090039112704,0.985611510791367,FALSE,T2_IFN_NABA
517,0.894196463619365,0.894196463619365,0.965467625899281,FALSE,T2_IFN_NABA
518,0.782252859162155,0.782252859162155,0.933812949640288,FALSE,T2_IFN_NABA
519,0.965849293580567,0.965849293580567,0.988489208633094,FALSE,T2_IFN_NABA
520,0.942670620565623,0.942670620565623,0.984172661870504,FALSE,T2_IFN_NABA
521,0.959019703338529,0.959019703338529,0.985611510791367,FALSE,T2_IFN_NABA
522,0.980650181932764,0.980650181932764,0.994244604316547,FALSE,T2_IFN_NABA
523,0.854278548132274,0.854278548132274,0.955395683453238,FALSE,T2_IFN_NABA
524,0.9632202489941,0.9632202489941,0.989928057553957,FALSE,T2_IFN_NABA
525,0.820870326505549,0.820870326505549,0.939568345323741,FALSE,T2_IFN_NABA
526,0.79193965407671,0.79193965407671,0.936690647482014,FALSE,T2_IFN_NABA
527,0.902374093677827,0.902374093677827,0.972661870503597,FALSE,T2_IFN_NABA
528,0.803590658663011,0.803590658663011,0.941007194244604,FALSE,T2_IFN_NABA
529,0.894891155375791,0.894891155375791,0.968345323741007,FALSE,T2_IFN_NABA
530,0.867515482574128,0.867515482574128,0.956834532374101,FALSE,T2_IFN_NABA
531,0.939032082341067,0.939032082341067,0.976978417266187,FALSE,T2_IFN_NABA
532,0.95086702249814,0.95086702249814,0.98273381294964,FALSE,T2_IFN_NABA
533,0.889394638271639,0.889394638271639,0.965467625899281,FALSE,T2_IFN_NABA
534,0.934133049599845,0.934133049599845,0.981294964028777,FALSE,T2_IFN_NABA
535,0.971870389315582,0.971870389315582,0.99136690647482,FALSE,T2_IFN_NABA
536,0.911680660748362,0.911680660748362,0.97410071942446,FALSE,T2_IFN_NABA
537,0.806183371746075,0.806183371746075,0.941007194244604,FALSE,T2_IFN_NABA
538,0.932439848330269,0.932439848330269,0.981294964028777,FALSE,T2_IFN_NABA
539,0.974598438370346,0.974598438370346,0.99136690647482,FALSE,T2_IFN_NABA
540,0.938279666256376,0.938279666256376,0.979856115107914,FALSE,T2_IFN_NABA
541,0.898320846567683,0.898320846567683,0.968345323741007,FALSE,T2_IFN_NABA
542,0.925612615187917,0.925612615187917,0.975539568345324,FALSE,T2_IFN_NABA
543,0.913198973642559,0.913198973642559,0.972661870503597,FALSE,T2_IFN_NABA
544,0.929334999068534,0.929334999068534,0.975539568345324,FALSE,T2_IFN_NABA
545,0.885235759283599,0.885235759283599,0.965467625899281,FALSE,T2_IFN_NABA
546,0.924300531469675,0.924300531469675,0.97841726618705,FALSE,T2_IFN_NABA
547,0.991664000046154,0.991664000046154,0.997122302158273,FALSE,T2_IFN_NABA
548,0.820405425119313,0.820405425119313,0.942446043165468,FALSE,T2_IFN_NABA
549,0.908685130928026,0.908685130928026,0.97410071942446,FALSE,T2_IFN_NABA
550,0.944739174378632,0.944739174378632,0.984172661870504,FALSE,T2_IFN_NABA
551,0.984665463571162,0.984665463571162,0.994244604316547,FALSE,T2_IFN_NABA
552,0.967122636658389,0.967122636658389,0.989928057553957,FALSE,T2_IFN_NABA
553,0.623602155887377,0.623602155887377,0.83021582733813,FALSE,T2_IFN_NABA
554,0.911466612857614,0.911466612857614,0.971223021582734,FALSE,T2_IFN_NABA
555,0.878079405403416,0.878079405403416,0.961151079136691,FALSE,T2_IFN_NABA
556,0.869636270781963,0.869636270781963,0.953956834532374,FALSE,T2_IFN_NABA
557,0.912336562498672,0.912336562498672,0.975539568345324,FALSE,T2_IFN_NABA
558,0.938673066985092,0.938673066985092,0.976978417266187,FALSE,T2_IFN_NABA
559,0.929190714636667,0.929190714636667,0.97841726618705,FALSE,T2_IFN_NABA
560,0.940823527267713,0.940823527267713,0.98273381294964,FALSE,T2_IFN_NABA
561,0.918857014957351,0.918857014957351,0.975539568345324,FALSE,T2_IFN_NABA
562,0.907269258345467,0.907269258345467,0.971223021582734,FALSE,T2_IFN_NABA
563,0.954646028795109,0.954646028795109,0.984172661870504,FALSE,T2_IFN_NABA
564,0.980065493195981,0.980065493195981,0.99136690647482,FALSE,T2_IFN_NABA
565,0.873854186892219,0.873854186892219,0.961151079136691,FALSE,T2_IFN_NABA
566,0.890148485397667,0.890148485397667,0.966906474820144,FALSE,T2_IFN_NABA
567,0.878079405403416,0.878079405403416,0.961151079136691,FALSE,T2_IFN_NABA
568,0.933208055053503,0.933208055053503,0.979856115107914,FALSE,T2_IFN_NABA
569,0.947709064724458,0.947709064724458,0.984172661870504,FALSE,T2_IFN_NABA
570,0.95837489006976,0.95837489006976,0.984172661870504,FALSE,T2_IFN_NABA
571,0.972018593099694,0.972018593099694,0.988489208633094,FALSE,T2_IFN_NABA
572,0.476784751645545,0.476784751645545,0.749640287769784,FALSE,T2_IFN_NABA
573,0.967668566781921,0.967668566781921,0.988489208633094,FALSE,T2_IFN_NABA
574,0.964654717718756,0.964654717718756,0.988489208633094,FALSE,T2_IFN_NABA
575,0.98464368686681,0.98464368686681,0.994244604316547,FALSE,T2_IFN_NABA
576,0.911231448948188,0.911231448948188,0.972661870503597,FALSE,T2_IFN_NABA
577,0.953864382301979,0.953864382301979,0.984172661870504,FALSE,T2_IFN_NABA
578,0.927108941945382,0.927108941945382,0.97841726618705,FALSE,T2_IFN_NABA
579,0.882857382643635,0.882857382643635,0.964028776978417,FALSE,T2_IFN_NABA
580,0.932341025515551,0.932341025515551,0.981294964028777,FALSE,T2_IFN_NABA
581,0.944929931273584,0.944929931273584,0.979856115107914,FALSE,T2_IFN_NABA
582,0.970184259549031,0.970184259549031,0.99136690647482,FALSE,T2_IFN_NABA
583,0.960208232769926,0.960208232769926,0.98705035971223,FALSE,T2_IFN_NABA
584,0.988152828319981,0.988152828319981,0.99568345323741,FALSE,T2_IFN_NABA
585,0.898985891013298,0.898985891013298,0.971223021582734,FALSE,T2_IFN_NABA
586,0.860841869420824,0.860841869420824,0.956834532374101,FALSE,T2_IFN_NABA
587,0.842932836613061,0.842932836613061,0.945323741007194,FALSE,T2_IFN_NABA
588,0.940812739682553,0.940812739682553,0.979856115107914,FALSE,T2_IFN_NABA
589,0.893505108943939,0.893505108943939,0.968345323741007,FALSE,T2_IFN_NABA
590,0.902374093677827,0.902374093677827,0.972661870503597,FALSE,T2_IFN_NABA
591,0.871055196500146,0.871055196500146,0.959712230215827,FALSE,T2_IFN_NABA
592,0.813122201202127,0.813122201202127,0.942446043165468,FALSE,T2_IFN_NABA
593,0.975119931932326,0.975119931932326,0.99136690647482,FALSE,T2_IFN_NABA
594,0.783839725470696,0.783839725470696,0.935251798561151,FALSE,T2_IFN_NABA
595,0.845747406385639,0.845747406385639,0.951079136690647,FALSE,T2_IFN_NABA
596,0.955481936186758,0.955481936186758,0.98273381294964,FALSE,T2_IFN_NABA
597,0.910055300619222,0.910055300619222,0.969784172661871,FALSE,T2_IFN_NABA
598,0.89356177271203,0.89356177271203,0.966906474820144,FALSE,T2_IFN_NABA
599,0.96843897788995,0.96843897788995,0.99136690647482,FALSE,T2_IFN_NABA
600,0.941294815225098,0.941294815225098,0.98273381294964,FALSE,T2_IFN_NABA
601,0.967180236903134,0.967180236903134,0.989928057553957,FALSE,T2_IFN_NABA
602,0.90840882709656,0.90840882709656,0.969784172661871,FALSE,T2_IFN_NABA
603,0.873741065642293,0.873741065642293,0.959712230215827,FALSE,T2_IFN_NABA
604,0.886522407954164,0.886522407954164,0.965467625899281,FALSE,T2_IFN_NABA
605,0.944725974894135,0.944725974894135,0.984172661870504,FALSE,T2_IFN_NABA
606,0.830194803832092,0.830194803832092,0.948201438848921,FALSE,T2_IFN_NABA
607,0.970633959183135,0.970633959183135,0.99136690647482,FALSE,T2_IFN_NABA
608,0.854860534120051,0.854860534120051,0.952517985611511,FALSE,T2_IFN_NABA
609,0.88019477171006,0.88019477171006,0.964028776978417,FALSE,T2_IFN_NABA
610,0.724251032295942,0.724251032295942,0.892086330935252,FALSE,T2_IFN_NABA
611,0.890639631291961,0.890639631291961,0.966906474820144,FALSE,T2_IFN_NABA
612,0.977638602707438,0.977638602707438,0.992805755395683,FALSE,T2_IFN_NABA
613,0.820326625495233,0.820326625495233,0.945323741007194,FALSE,T2_IFN_NABA
614,0.890811362464374,0.890811362464374,0.966906474820144,FALSE,T2_IFN_NABA
615,0.843209769898667,0.843209769898667,0.953956834532374,FALSE,T2_IFN_NABA
616,0.866209956970816,0.866209956970816,0.959712230215827,FALSE,T2_IFN_NABA
617,0.841152091763937,0.841152091763937,0.945323741007194,FALSE,T2_IFN_NABA
618,0.880879603214293,0.880879603214293,0.962589928057554,FALSE,T2_IFN_NABA
619,0.919010128601406,0.919010128601406,0.975539568345324,FALSE,T2_IFN_NABA
620,0.887744162236896,0.887744162236896,0.965467625899281,FALSE,T2_IFN_NABA
621,0.9502327802407,0.9502327802407,0.984172661870504,FALSE,T2_IFN_NABA
622,0.912463838052448,0.912463838052448,0.969784172661871,FALSE,T2_IFN_NABA
623,0.812676350513255,0.812676350513255,0.943884892086331,FALSE,T2_IFN_NABA
624,0.97889832065314,0.97889832065314,0.994244604316547,FALSE,T2_IFN_NABA
625,0.844262448177162,0.844262448177162,0.946762589928058,FALSE,T2_IFN_NABA
626,0.972286084953397,0.972286084953397,0.988489208633094,FALSE,T2_IFN_NABA
627,0.851281691220326,0.851281691220326,0.956834532374101,FALSE,T2_IFN_NABA
628,0.951820154352001,0.951820154352001,0.98273381294964,FALSE,T2_IFN_NABA
629,0.482020083952843,0.482020083952843,0.725179856115108,FALSE,T2_IFN_NABA
630,0.889696588222643,0.889696588222643,0.964028776978417,FALSE,T2_IFN_NABA
631,0.939166431964349,0.939166431964349,0.98273381294964,FALSE,T2_IFN_NABA
632,0.886718903050052,0.886718903050052,0.965467625899281,FALSE,T2_IFN_NABA
633,0.875477533683526,0.875477533683526,0.961151079136691,FALSE,T2_IFN_NABA
634,0.826954377707008,0.826954377707008,0.946762589928058,FALSE,T2_IFN_NABA
635,0.927263475295189,0.927263475295189,0.975539568345324,FALSE,T2_IFN_NABA
636,0.935634517053732,0.935634517053732,0.981294964028777,FALSE,T2_IFN_NABA
637,0.898649188215475,0.898649188215475,0.966906474820144,FALSE,T2_IFN_NABA
638,0.88879684480171,0.88879684480171,0.968345323741007,FALSE,T2_IFN_NABA
639,0.928059219818916,0.928059219818916,0.976978417266187,FALSE,T2_IFN_NABA
640,0.8600508149142,0.8600508149142,0.953956834532374,FALSE,T2_IFN_NABA
641,0.929281939242476,0.929281939242476,0.97841726618705,FALSE,T2_IFN_NABA
642,0.985909834133502,0.985909834133502,0.99568345323741,FALSE,T2_IFN_NABA
643,0.918762786654825,0.918762786654825,0.976978417266187,FALSE,T2_IFN_NABA
644,0.888179045856881,0.888179045856881,0.966906474820144,FALSE,T2_IFN_NABA
645,0.908117495941177,0.908117495941177,0.971223021582734,FALSE,T2_IFN_NABA
646,0.972307599846732,0.972307599846732,0.988489208633094,FALSE,T2_IFN_NABA
647,0.980364553596733,0.980364553596733,0.992805755395683,FALSE,T2_IFN_NABA
648,0.994697506883908,0.994697506883908,0.998561151079137,FALSE,T2_IFN_NABA
649,0.954966087453469,0.954966087453469,0.98273381294964,FALSE,T2_IFN_NABA
650,0.983514137335489,0.983514137335489,0.992805755395683,FALSE,T2_IFN_NABA
651,0.913011759072924,0.913011759072924,0.972661870503597,FALSE,T2_IFN_NABA
652,0.980614296932279,0.980614296932279,0.994244604316547,FALSE,T2_IFN_NABA
653,0.928136625475845,0.928136625475845,0.97841726618705,FALSE,T2_IFN_NABA
654,0.96070166546465,0.96070166546465,0.98705035971223,FALSE,T2_IFN_NABA
655,0.84885110985069,0.84885110985069,0.952517985611511,FALSE,T2_IFN_NABA
656,0.955954944561704,0.955954944561704,0.985611510791367,FALSE,T2_IFN_NABA
657,1,1,1,FALSE,T2_IFN_NABA
658,0.925436737350731,0.925436737350731,0.975539568345324,FALSE,T2_IFN_NABA
659,0.882545847285478,0.882545847285478,0.965467625899281,FALSE,T2_IFN_NABA
660,0.854466271113174,0.854466271113174,0.952517985611511,FALSE,T2_IFN_NABA
661,0.883949943280825,0.883949943280825,0.964028776978417,FALSE,T2_IFN_NABA
662,0.927415663133362,0.927415663133362,0.972661870503597,FALSE,T2_IFN_NABA
663,0.990908204249658,0.990908204249658,0.99568345323741,FALSE,T2_IFN_NABA
664,0.898248465427089,0.898248465427089,0.965467625899281,FALSE,T2_IFN_NABA
665,0.875870131867495,0.875870131867495,0.962589928057554,FALSE,T2_IFN_NABA
666,0.878610847168591,0.878610847168591,0.964028776978417,FALSE,T2_IFN_NABA
667,0.947947056093238,0.947947056093238,0.981294964028777,FALSE,T2_IFN_NABA
668,0.920468640196982,0.920468640196982,0.975539568345324,FALSE,T2_IFN_NABA
669,0.968433987754571,0.968433987754571,0.99136690647482,FALSE,T2_IFN_NABA
670,0.973646556915105,0.973646556915105,0.992805755395683,FALSE,T2_IFN_NABA
671,0.994697506883908,0.994697506883908,0.998561151079137,FALSE,T2_IFN_NABA
672,0.948574385642692,0.948574385642692,0.984172661870504,FALSE,T2_IFN_NABA
673,0.909938346754534,0.909938346754534,0.972661870503597,FALSE,T2_IFN_NABA
674,0.985624836124673,0.985624836124673,0.994244604316547,FALSE,T2_IFN_NABA
675,0.950161383602642,0.950161383602642,0.981294964028777,FALSE,T2_IFN_NABA
676,0.867337035918686,0.867337035918686,0.961151079136691,FALSE,T2_IFN_NABA
677,0.917853922744584,0.917853922744584,0.97410071942446,FALSE,T2_IFN_NABA
678,0.869704833997979,0.869704833997979,0.958273381294964,FALSE,T2_IFN_NABA
679,0.851169531840043,0.851169531840043,0.955395683453238,FALSE,T2_IFN_NABA
680,0.927169828319598,0.927169828319598,0.97841726618705,FALSE,T2_IFN_NABA
681,0.887877435033291,0.887877435033291,0.965467625899281,FALSE,T2_IFN_NABA
682,0.955051113687987,0.955051113687987,0.98705035971223,FALSE,T2_IFN_NABA
683,0.899451675247808,0.899451675247808,0.969784172661871,FALSE,T2_IFN_NABA
684,0.957287871912513,0.957287871912513,0.98705035971223,FALSE,T2_IFN_NABA
685,0.965849293580567,0.965849293580567,0.988489208633094,FALSE,T2_IFN_NABA
686,0.967046619840707,0.967046619840707,0.98705035971223,FALSE,T2_IFN_NABA
687,0.854846467517729,0.854846467517729,0.955395683453238,FALSE,T2_IFN_NABA
688,0.96063744922799,0.96063744922799,0.98705035971223,FALSE,T2_IFN_NABA
689,0.942680830136811,0.942680830136811,0.979856115107914,FALSE,T2_IFN_NABA
690,0.96246617901516,0.96246617901516,0.98705035971223,FALSE,T2_IFN_NABA
691,0.919236372103646,0.919236372103646,0.976978417266187,FALSE,T2_IFN_NABA
692,0.869387551191425,0.869387551191425,0.959712230215827,FALSE,T2_IFN_NABA
693,0.936415036861525,0.936415036861525,0.976978417266187,FALSE,T2_IFN_NABA
694,0.984138820668512,0.984138820668512,0.99568345323741,FALSE,T2_IFN_NABA
695,0.95157626447853,0.95157626447853,0.985611510791367,FALSE,T2_IFN_NABA
696,0.830612517760178,0.830612517760178,0.949640287769784,FALSE,T2_IFN_NABA
697,0.920920321793745,0.920920321793745,0.976978417266187,FALSE,T2_IFN_NABA
698,0.87397417364083,0.87397417364083,0.962589928057554,FALSE,T2_IFN_NABA
699,0.816323963779117,0.816323963779117,0.943884892086331,FALSE,T2_IFN_NABA
700,0.991664000046154,0.991664000046154,0.997122302158273,FALSE,T2_IFN_NABA
701,0.837907903897018,0.837907903897018,0.951079136690647,FALSE,T2_IFN_NABA
702,0.864289860434811,0.864289860434811,0.959712230215827,FALSE,T2_IFN_NABA
703,0.919259520061253,0.919259520061253,0.976978417266187,FALSE,T2_IFN_NABA
704,0.875263940654852,0.875263940654852,0.962589928057554,FALSE,T2_IFN_NABA
705,0.857064600415331,0.857064600415331,0.949640287769784,FALSE,T2_IFN_NABA
706,0.889993739990525,0.889993739990525,0.966906474820144,FALSE,T2_IFN_NABA
707,0.885103265550034,0.885103265550034,0.965467625899281,FALSE,T2_IFN_NABA
708,0.972380881930031,0.972380881930031,0.99136690647482,FALSE,T2_IFN_NABA
709,0.84492636989838,0.84492636989838,0.953956834532374,FALSE,T2_IFN_NABA
710,0.869535951628723,0.869535951628723,0.959712230215827,FALSE,T2_IFN_NABA
711,0.965252526624863,0.965252526624863,0.98705035971223,FALSE,T2_IFN_NABA
712,0.978884469415259,0.978884469415259,0.994244604316547,FALSE,T2_IFN_NABA
713,0.965493983243273,0.965493983243273,0.985611510791367,FALSE,T2_IFN_NABA
714,0.934479587861533,0.934479587861533,0.981294964028777,FALSE,T2_IFN_NABA
715,0.89890595452993,0.89890595452993,0.969784172661871,FALSE,T2_IFN_NABA
716,0.869677173213153,0.869677173213153,0.959712230215827,FALSE,T2_IFN_NABA
717,0.944929931273584,0.944929931273584,0.979856115107914,FALSE,T2_IFN_NABA
718,0.776980567374976,0.776980567374976,0.930935251798561,FALSE,T2_IFN_NABA
719,0.927866117938241,0.927866117938241,0.969784172661871,FALSE,T2_IFN_NABA
720,0.964129771642352,0.964129771642352,0.988489208633094,FALSE,T2_IFN_NABA
721,0.936690386642153,0.936690386642153,0.981294964028777,FALSE,T2_IFN_NABA
722,0.967180236903134,0.967180236903134,0.989928057553957,FALSE,T2_IFN_NABA
723,0.87955669363936,0.87955669363936,0.962589928057554,FALSE,T2_IFN_NABA
724,0.885112189947278,0.885112189947278,0.965467625899281,FALSE,T2_IFN_NABA
725,0.944739174378632,0.944739174378632,0.984172661870504,FALSE,T2_IFN_NABA
726,0.994697506883908,0.994697506883908,0.998561151079137,FALSE,T2_IFN_NABA
727,0.955510202683616,0.955510202683616,0.985611510791367,FALSE,T2_IFN_NABA
728,0.904913717395676,0.904913717395676,0.971223021582734,FALSE,T2_IFN_NABA
729,0.947931471873014,0.947931471873014,0.981294964028777,FALSE,T2_IFN_NABA
730,0.938310620724062,0.938310620724062,0.981294964028777,FALSE,T2_IFN_NABA
731,0.923602700432235,0.923602700432235,0.976978417266187,FALSE,T2_IFN_NABA
732,0.878076596950963,0.878076596950963,0.962589928057554,FALSE,T2_IFN_NABA
733,0.923596708758127,0.923596708758127,0.976978417266187,FALSE,T2_IFN_NABA
734,0.868682432953604,0.868682432953604,0.952517985611511,FALSE,T2_IFN_NABA
735,0.984143835101235,0.984143835101235,0.99568345323741,FALSE,T2_IFN_NABA
736,0.91446736870669,0.91446736870669,0.975539568345324,FALSE,T2_IFN_NABA
737,0.779808691969655,0.779808691969655,0.932374100719425,FALSE,T2_IFN_NABA
738,0.958172792122279,0.958172792122279,0.985611510791367,FALSE,T2_IFN_NABA
739,0.890107451521574,0.890107451521574,0.966906474820144,FALSE,T2_IFN_NABA
740,0.949439131868059,0.949439131868059,0.985611510791367,FALSE,T2_IFN_NABA
741,0.925975862796119,0.925975862796119,0.97841726618705,FALSE,T2_IFN_NABA
742,0.911782275121661,0.911782275121661,0.971223021582734,FALSE,T2_IFN_NABA
743,0.859474053914473,0.859474053914473,0.951079136690647,FALSE,T2_IFN_NABA
744,0.989413034277486,0.989413034277486,0.997122302158273,FALSE,T2_IFN_NABA
745,0.883823447624699,0.883823447624699,0.958273381294964,FALSE,T2_IFN_NABA
746,0.890048142056173,0.890048142056173,0.966906474820144,FALSE,T2_IFN_NABA
747,0.869677173213153,0.869677173213153,0.959712230215827,FALSE,T2_IFN_NABA
748,0.98863541949997,0.98863541949997,0.99568345323741,FALSE,T2_IFN_NABA
749,0.965429092624173,0.965429092624173,0.989928057553957,FALSE,T2_IFN_NABA
750,0.919021725129738,0.919021725129738,0.972661870503597,FALSE,T2_IFN_NABA
751,0.946461643495696,0.946461643495696,0.984172661870504,FALSE,T2_IFN_NABA
752,0.988147387325199,0.988147387325199,0.99568345323741,FALSE,T2_IFN_NABA
753,0.889489757370414,0.889489757370414,0.965467625899281,FALSE,T2_IFN_NABA
754,0.9341122974657,0.9341122974657,0.97841726618705,FALSE,T2_IFN_NABA
755,0.925320780228402,0.925320780228402,0.97841726618705,FALSE,T2_IFN_NABA
756,0.914029270113103,0.914029270113103,0.971223021582734,FALSE,T2_IFN_NABA
757,0.905875034521068,0.905875034521068,0.968345323741007,FALSE,T2_IFN_NABA
758,0.915437229189805,0.915437229189805,0.972661870503597,FALSE,T2_IFN_NABA
759,0.953519738418144,0.953519738418144,0.98273381294964,FALSE,T2_IFN_NABA
760,0.991187550127169,0.991187550127169,0.997122302158273,FALSE,T2_IFN_NABA
761,0.96763666567677,0.96763666567677,0.989928057553957,FALSE,T2_IFN_NABA
762,0.848234801637114,0.848234801637114,0.953956834532374,FALSE,T2_IFN_NABA
763,0.845617506460648,0.845617506460648,0.949640287769784,FALSE,T2_IFN_NABA
764,0.895811047054281,0.895811047054281,0.969784172661871,FALSE,T2_IFN_NABA
765,0.895308405331539,0.895308405331539,0.966906474820144,FALSE,T2_IFN_NABA
766,0.925322268568825,0.925322268568825,0.975539568345324,FALSE,T2_IFN_NABA
767,0.95724517426073,0.95724517426073,0.985611510791367,FALSE,T2_IFN_NABA
768,0.866976732852712,0.866976732852712,0.956834532374101,FALSE,T2_IFN_NABA
769,0.957836103637395,0.957836103637395,0.98273381294964,FALSE,T2_IFN_NABA
770,0.970633959183135,0.970633959183135,0.99136690647482,FALSE,T2_IFN_NABA
771,0.873408342070867,0.873408342070867,0.959712230215827,FALSE,T2_IFN_NABA
772,0.843817076342394,0.843817076342394,0.952517985611511,FALSE,T2_IFN_NABA
773,0.85951181975137,0.85951181975137,0.956834532374101,FALSE,T2_IFN_NABA
774,0.959871822111464,0.959871822111464,0.985611510791367,FALSE,T2_IFN_NABA
775,0.931733649077541,0.931733649077541,0.97841726618705,FALSE,T2_IFN_NABA
776,0.893763790579287,0.893763790579287,0.969784172661871,FALSE,T2_IFN_NABA
777,0.913612936015985,0.913612936015985,0.971223021582734,FALSE,T2_IFN_NABA
778,0.944252171202661,0.944252171202661,0.984172661870504,FALSE,T2_IFN_NABA
779,0.956746972032309,0.956746972032309,0.985611510791367,FALSE,T2_IFN_NABA
780,0.802414785815717,0.802414785815717,0.941007194244604,FALSE,T2_IFN_NABA
781,0.869387551191425,0.869387551191425,0.959712230215827,FALSE,T2_IFN_NABA
782,0.803080589514907,0.803080589514907,0.941007194244604,FALSE,T2_IFN_NABA
783,0.994697506883908,0.994697506883908,0.998561151079137,FALSE,T2_IFN_NABA
784,0.92091886558949,0.92091886558949,0.975539568345324,FALSE,T2_IFN_NABA
785,0.954236890204136,0.954236890204136,0.984172661870504,FALSE,T2_IFN_NABA
786,0.875376883769079,0.875376883769079,0.961151079136691,FALSE,T2_IFN_NABA
787,0.955942047002683,0.955942047002683,0.985611510791367,FALSE,T2_IFN_NABA
788,0.932485129505047,0.932485129505047,0.981294964028777,FALSE,T2_IFN_NABA
789,0.893763790579287,0.893763790579287,0.969784172661871,FALSE,T2_IFN_NABA
790,0.929205914865206,0.929205914865206,0.979856115107914,FALSE,T2_IFN_NABA
791,0.922004893985641,0.922004893985641,0.97410071942446,FALSE,T2_IFN_NABA
792,0.875498928625196,0.875498928625196,0.962589928057554,FALSE,T2_IFN_NABA
793,0.887182548036155,0.887182548036155,0.966906474820144,FALSE,T2_IFN_NABA
794,0.88019477171006,0.88019477171006,0.964028776978417,FALSE,T2_IFN_NABA
795,0.987443838141655,0.987443838141655,0.994244604316547,FALSE,T2_IFN_NABA
796,0.950289812449124,0.950289812449124,0.984172661870504,FALSE,T2_IFN_NABA
797,0.908019832818865,0.908019832818865,0.972661870503597,FALSE,T2_IFN_NABA
798,0.884517905626814,0.884517905626814,0.964028776978417,FALSE,T2_IFN_NABA
799,0.91022624669549,0.91022624669549,0.969784172661871,FALSE,T2_IFN_NABA
800,0.966691458417554,0.966691458417554,0.989928057553957,FALSE,T2_IFN_NABA
801,0.950832440749146,0.950832440749146,0.984172661870504,FALSE,T2_IFN_NABA
802,0.936526597725368,0.936526597725368,0.979856115107914,FALSE,T2_IFN_NABA
803,0.964239894372811,0.964239894372811,0.98705035971223,FALSE,T2_IFN_NABA
804,0.873956018921033,0.873956018921033,0.964028776978417,FALSE,T2_IFN_NABA
805,0.988147387325199,0.988147387325199,0.99568345323741,FALSE,T2_IFN_NABA
806,0.797511558513175,0.797511558513175,0.935251798561151,FALSE,T2_IFN_NABA
807,0.938340454234962,0.938340454234962,0.981294964028777,FALSE,T2_IFN_NABA
808,0.973646556915105,0.973646556915105,0.992805755395683,FALSE,T2_IFN_NABA
809,0.840751795977544,0.840751795977544,0.943884892086331,FALSE,T2_IFN_NABA
810,0.883737603620798,0.883737603620798,0.965467625899281,FALSE,T2_IFN_NABA
811,0.889543858201887,0.889543858201887,0.965467625899281,FALSE,T2_IFN_NABA
812,0.492745975243339,0.492745975243339,0.730935251798561,FALSE,T2_IFN_NABA
813,0.972307599846732,0.972307599846732,0.988489208633094,FALSE,T2_IFN_NABA
814,0.941275774756066,0.941275774756066,0.98273381294964,FALSE,T2_IFN_NABA
815,0.951247809194557,0.951247809194557,0.98273381294964,FALSE,T2_IFN_NABA
816,0.896458711907266,0.896458711907266,0.969784172661871,FALSE,T2_IFN_NABA
817,0.951146917786772,0.951146917786772,0.98273381294964,FALSE,T2_IFN_NABA
818,0.898833917215673,0.898833917215673,0.968345323741007,FALSE,T2_IFN_NABA
819,0.881062372963843,0.881062372963843,0.964028776978417,FALSE,T2_IFN_NABA
820,0.886964585622806,0.886964585622806,0.966906474820144,FALSE,T2_IFN_NABA
821,0.877713024754112,0.877713024754112,0.959712230215827,FALSE,T2_IFN_NABA
822,0.944979756028945,0.944979756028945,0.979856115107914,FALSE,T2_IFN_NABA
823,0.946029441457561,0.946029441457561,0.981294964028777,FALSE,T2_IFN_NABA
824,0.903689251794748,0.903689251794748,0.972661870503597,FALSE,T2_IFN_NABA
825,0.893505108943939,0.893505108943939,0.968345323741007,FALSE,T2_IFN_NABA
826,0.983500874201831,0.983500874201831,0.992805755395683,FALSE,T2_IFN_NABA
827,0.953864382301979,0.953864382301979,0.984172661870504,FALSE,T2_IFN_NABA
828,0.920887758233725,0.920887758233725,0.976978417266187,FALSE,T2_IFN_NABA
829,0.967180236903134,0.967180236903134,0.989928057553957,FALSE,T2_IFN_NABA
830,0.912178888987342,0.912178888987342,0.972661870503597,FALSE,T2_IFN_NABA
831,0.897291032677187,0.897291032677187,0.971223021582734,FALSE,T2_IFN_NABA
832,0.946483019520483,0.946483019520483,0.984172661870504,FALSE,T2_IFN_NABA
833,0.946461643495696,0.946461643495696,0.984172661870504,FALSE,T2_IFN_NABA
834,0.920361114348443,0.920361114348443,0.969784172661871,FALSE,T2_IFN_NABA
835,0.978213711255353,0.978213711255353,0.99136690647482,FALSE,T2_IFN_NABA
836,0.582894098620466,0.582894098620466,0.811510791366907,FALSE,T2_IFN_NABA
837,0.885166317219731,0.885166317219731,0.959712230215827,FALSE,T2_IFN_NABA
838,0.838374963399239,0.838374963399239,0.952517985611511,FALSE,T2_IFN_NABA
839,0.87963516693205,0.87963516693205,0.961151079136691,FALSE,T2_IFN_NABA
840,0.955409323643754,0.955409323643754,0.98273381294964,FALSE,T2_IFN_NABA
841,0.989413034277486,0.989413034277486,0.997122302158273,FALSE,T2_IFN_NABA
842,0.924300531469675,0.924300531469675,0.97841726618705,FALSE,T2_IFN_NABA
843,0.955431048337386,0.955431048337386,0.985611510791367,FALSE,T2_IFN_NABA
844,0.991664000046154,0.991664000046154,0.997122302158273,FALSE,T2_IFN_NABA
845,0.831497152710852,0.831497152710852,0.948201438848921,FALSE,T2_IFN_NABA
846,0.910829203817635,0.910829203817635,0.97410071942446,FALSE,T2_IFN_NABA
847,0.878190147882381,0.878190147882381,0.962589928057554,FALSE,T2_IFN_NABA
848,0.927253290049374,0.927253290049374,0.979856115107914,FALSE,T2_IFN_NABA
849,0.975251382690907,0.975251382690907,0.989928057553957,FALSE,T2_IFN_NABA
850,0.889231959015641,0.889231959015641,0.966906474820144,FALSE,T2_IFN_NABA
851,0.944739174378632,0.944739174378632,0.984172661870504,FALSE,T2_IFN_NABA
852,0.899974688624788,0.899974688624788,0.966906474820144,FALSE,T2_IFN_NABA
853,0.834057081519345,0.834057081519345,0.951079136690647,FALSE,T2_IFN_NABA
854,0.915437229189805,0.915437229189805,0.972661870503597,FALSE,T2_IFN_NABA
855,0.887928184861484,0.887928184861484,0.966906474820144,FALSE,T2_IFN_NABA
856,0.967180236903134,0.967180236903134,0.989928057553957,FALSE,T2_IFN_NABA
857,0.918106246114879,0.918106246114879,0.97410071942446,FALSE,T2_IFN_NABA
858,0.884563115708362,0.884563115708362,0.966906474820144,FALSE,T2_IFN_NABA
859,0.893061031956603,0.893061031956603,0.962589928057554,FALSE,T2_IFN_NABA
860,0.962422926484165,0.962422926484165,0.98705035971223,FALSE,T2_IFN_NABA
861,0.945405007971292,0.945405007971292,0.98273381294964,FALSE,T2_IFN_NABA
862,0.876540126693839,0.876540126693839,0.961151079136691,FALSE,T2_IFN_NABA
863,0.844749363418269,0.844749363418269,0.952517985611511,FALSE,T2_IFN_NABA
864,0.938676918413955,0.938676918413955,0.979856115107914,FALSE,T2_IFN_NABA
865,0.967180236903134,0.967180236903134,0.989928057553957,FALSE,T2_IFN_NABA
866,0.827182009932819,0.827182009932819,0.948201438848921,FALSE,T2_IFN_NABA
867,0.966546255296125,0.966546255296125,0.98705035971223,FALSE,T2_IFN_NABA
868,0.972351572009424,0.972351572009424,0.99136690647482,FALSE,T2_IFN_NABA
869,0.86740004395861,0.86740004395861,0.956834532374101,FALSE,T2_IFN_NABA
870,0.892698518359389,0.892698518359389,0.966906474820144,FALSE,T2_IFN_NABA
871,0.890105857021814,0.890105857021814,0.966906474820144,FALSE,T2_IFN_NABA
872,0.915327073636074,0.915327073636074,0.969784172661871,FALSE,T2_IFN_NABA
873,0.949361282785468,0.949361282785468,0.985611510791367,FALSE,T2_IFN_NABA
874,0.975251382690907,0.975251382690907,0.989928057553957,FALSE,T2_IFN_NABA
875,0.912336562498672,0.912336562498672,0.975539568345324,FALSE,T2_IFN_NABA
876,0.944929931273584,0.944929931273584,0.979856115107914,FALSE,T2_IFN_NABA
877,0.894039514952734,0.894039514952734,0.969784172661871,FALSE,T2_IFN_NABA
878,0.972351572009424,0.972351572009424,0.99136690647482,FALSE,T2_IFN_NABA
879,0.884000095569254,0.884000095569254,0.966906474820144,FALSE,T2_IFN_NABA
880,0.895308405331539,0.895308405331539,0.966906474820144,FALSE,T2_IFN_NABA
881,0.889877920225186,0.889877920225186,0.966906474820144,FALSE,T2_IFN_NABA
882,0.87665259270274,0.87665259270274,0.961151079136691,FALSE,T2_IFN_NABA
883,0.968433987754571,0.968433987754571,0.99136690647482,FALSE,T2_IFN_NABA
884,0.932392397662934,0.932392397662934,0.97841726618705,FALSE,T2_IFN_NABA
885,0.906991956634424,0.906991956634424,0.972661870503597,FALSE,T2_IFN_NABA
886,0.872483866817502,0.872483866817502,0.959712230215827,FALSE,T2_IFN_NABA
887,0.95200292126433,0.95200292126433,0.984172661870504,FALSE,T2_IFN_NABA
888,0.874156838577513,0.874156838577513,0.959712230215827,FALSE,T2_IFN_NABA
889,0.866261915205442,0.866261915205442,0.956834532374101,FALSE,T2_IFN_NABA
890,0.934842726782799,0.934842726782799,0.979856115107914,FALSE,T2_IFN_NABA
891,0.88436835269301,0.88436835269301,0.964028776978417,FALSE,T2_IFN_NABA
892,0.905189435561263,0.905189435561263,0.969784172661871,FALSE,T2_IFN_NABA
893,0.960241380936596,0.960241380936596,0.98705035971223,FALSE,T2_IFN_NABA
894,0.852377676452209,0.852377676452209,0.949640287769784,FALSE,T2_IFN_NABA
895,0.96363930087604,0.96363930087604,0.988489208633094,FALSE,T2_IFN_NABA
896,0.964955782359549,0.964955782359549,0.989928057553957,FALSE,T2_IFN_NABA
897,0.968602296970355,0.968602296970355,0.988489208633094,FALSE,T2_IFN_NABA
898,0.822659888056204,0.822659888056204,0.946762589928058,FALSE,T2_IFN_NABA
899,0.989413034277486,0.989413034277486,0.997122302158273,FALSE,T2_IFN_NABA
900,0.951180695592027,0.951180695592027,0.979856115107914,FALSE,T2_IFN_NABA
901,0.897365351053737,0.897365351053737,0.971223021582734,FALSE,T2_IFN_NABA
902,0.908775584512311,0.908775584512311,0.969784172661871,FALSE,T2_IFN_NABA
903,0.895804476985474,0.895804476985474,0.969784172661871,FALSE,T2_IFN_NABA
904,0.994697506883908,0.994697506883908,0.998561151079137,FALSE,T2_IFN_NABA
905,0.952653071167976,0.952653071167976,0.985611510791367,FALSE,T2_IFN_NABA
906,0.892916745375139,0.892916745375139,0.968345323741007,FALSE,T2_IFN_NABA
907,0.876176625223072,0.876176625223072,0.959712230215827,FALSE,T2_IFN_NABA
908,0.805530142599876,0.805530142599876,0.941007194244604,FALSE,T2_IFN_NABA
909,0.994697506883908,0.994697506883908,0.998561151079137,FALSE,T2_IFN_NABA
910,0.941601845535134,0.941601845535134,0.97841726618705,FALSE,T2_IFN_NABA
911,0.96641400524881,0.96641400524881,0.988489208633094,FALSE,T2_IFN_NABA
912,0.939312737436149,0.939312737436149,0.97410071942446,FALSE,T2_IFN_NABA
913,0.96674184468545,0.96674184468545,0.989928057553957,FALSE,T2_IFN_NABA
914,0.984138820668512,0.984138820668512,0.99568345323741,FALSE,T2_IFN_NABA
915,0.855639732059126,0.855639732059126,0.956834532374101,FALSE,T2_IFN_NABA
916,0.929334999068534,0.929334999068534,0.975539568345324,FALSE,T2_IFN_NABA
917,0.938673066985092,0.938673066985092,0.976978417266187,FALSE,T2_IFN_NABA
918,0.908382882022537,0.908382882022537,0.972661870503597,FALSE,T2_IFN_NABA
919,0.968425133443487,0.968425133443487,0.99136690647482,FALSE,T2_IFN_NABA
920,0.942206266878145,0.942206266878145,0.97841726618705,FALSE,T2_IFN_NABA
921,0.853256046523894,0.853256046523894,0.956834532374101,FALSE,T2_IFN_NABA
922,0.884122481958868,0.884122481958868,0.965467625899281,FALSE,T2_IFN_NABA
923,0.885052413098535,0.885052413098535,0.965467625899281,FALSE,T2_IFN_NABA
924,0.877411192049273,0.877411192049273,0.961151079136691,FALSE,T2_IFN_NABA
925,0.866170816485327,0.866170816485327,0.958273381294964,FALSE,T2_IFN_NABA
926,0.869454541555393,0.869454541555393,0.953956834532374,FALSE,T2_IFN_NABA
927,0.905547598995405,0.905547598995405,0.972661870503597,FALSE,T2_IFN_NABA
928,0.881557181970875,0.881557181970875,0.962589928057554,FALSE,T2_IFN_NABA
929,0.96838580983034,0.96838580983034,0.989928057553957,FALSE,T2_IFN_NABA
930,0.954684642543507,0.954684642543507,0.984172661870504,FALSE,T2_IFN_NABA
931,0.952084037069502,0.952084037069502,0.981294964028777,FALSE,T2_IFN_NABA
932,0.927985597275209,0.927985597275209,0.976978417266187,FALSE,T2_IFN_NABA
933,0.913997049871051,0.913997049871051,0.97410071942446,FALSE,T2_IFN_NABA
934,0.902597726225552,0.902597726225552,0.969784172661871,FALSE,T2_IFN_NABA
935,0.963094828465296,0.963094828465296,0.988489208633094,FALSE,T2_IFN_NABA
936,0.961952646903256,0.961952646903256,0.988489208633094,FALSE,T2_IFN_NABA
937,0.923234508094034,0.923234508094034,0.975539568345324,FALSE,T2_IFN_NABA
938,0.963611907336896,0.963611907336896,0.985611510791367,FALSE,T2_IFN_NABA
939,0.970344383027276,0.970344383027276,0.98705035971223,FALSE,T2_IFN_NABA
940,0.90586351378017,0.90586351378017,0.972661870503597,FALSE,T2_IFN_NABA
941,0.93987531126681,0.93987531126681,0.97841726618705,FALSE,T2_IFN_NABA
942,0.864702148236384,0.864702148236384,0.955395683453238,FALSE,T2_IFN_NABA
943,0.915831898215938,0.915831898215938,0.975539568345324,FALSE,T2_IFN_NABA
944,0.942547654096635,0.942547654096635,0.97841726618705,FALSE,T2_IFN_NABA
945,0.872772596347769,0.872772596347769,0.958273381294964,FALSE,T2_IFN_NABA
946,0.979862111660439,0.979862111660439,0.992805755395683,FALSE,T2_IFN_NABA
947,0.908775584512311,0.908775584512311,0.969784172661871,FALSE,T2_IFN_NABA
948,0.9642456008247,0.9642456008247,0.98705035971223,FALSE,T2_IFN_NABA
949,0.885910368870871,0.885910368870871,0.966906474820144,FALSE,T2_IFN_NABA
950,0.957328496910689,0.957328496910689,0.98273381294964,FALSE,T2_IFN_NABA
951,0.900433516619636,0.900433516619636,0.971223021582734,FALSE,T2_IFN_NABA
952,0.768263085902902,0.768263085902902,0.929496402877698,FALSE,T2_IFN_NABA
953,0.967506954005642,0.967506954005642,0.989928057553957,FALSE,T2_IFN_NABA
954,0.887877435033291,0.887877435033291,0.965467625899281,FALSE,T2_IFN_NABA
955,0.893906847053253,0.893906847053253,0.969784172661871,FALSE,T2_IFN_NABA
956,0.921980318288539,0.921980318288539,0.971223021582734,FALSE,T2_IFN_NABA
957,0.994697506883908,0.994697506883908,0.998561151079137,FALSE,T2_IFN_NABA
958,0.953696710719091,0.953696710719091,0.984172661870504,FALSE,T2_IFN_NABA
959,0.898746742941727,0.898746742941727,0.971223021582734,FALSE,T2_IFN_NABA
960,0.872483866817502,0.872483866817502,0.959712230215827,FALSE,T2_IFN_NABA
961,0.936202208830838,0.936202208830838,0.981294964028777,FALSE,T2_IFN_NABA
962,0.957223751970584,0.957223751970584,0.985611510791367,FALSE,T2_IFN_NABA
963,0.810312472848177,0.810312472848177,0.943884892086331,FALSE,T2_IFN_NABA
964,0.973646556915105,0.973646556915105,0.992805755395683,FALSE,T2_IFN_NABA
965,0.978113474590155,0.978113474590155,0.992805755395683,FALSE,T2_IFN_NABA
966,0.9881624784281,0.9881624784281,0.99568345323741,FALSE,T2_IFN_NABA
967,0.996486055404071,0.996486055404071,0.998561151079137,FALSE,T2_IFN_NABA
968,0.975359905309778,0.975359905309778,0.992805755395683,FALSE,T2_IFN_NABA
969,0.94207460998806,0.94207460998806,0.97841726618705,FALSE,T2_IFN_NABA
970,0.970185237763982,0.970185237763982,0.99136690647482,FALSE,T2_IFN_NABA
971,0.974111045561494,0.974111045561494,0.99136690647482,FALSE,T2_IFN_NABA
972,0.856564591236219,0.856564591236219,0.956834532374101,FALSE,T2_IFN_NABA
973,0.941252337855324,0.941252337855324,0.98273381294964,FALSE,T2_IFN_NABA
974,0.830396769860783,0.830396769860783,0.949640287769784,FALSE,T2_IFN_NABA
975,0.878874352132131,0.878874352132131,0.962589928057554,FALSE,T2_IFN_NABA
976,0.981112921042131,0.981112921042131,0.994244604316547,FALSE,T2_IFN_NABA
977,0.880073009875823,0.880073009875823,0.964028776978417,FALSE,T2_IFN_NABA
978,0.946984872131811,0.946984872131811,0.984172661870504,FALSE,T2_IFN_NABA
979,0.97889832065314,0.97889832065314,0.994244604316547,FALSE,T2_IFN_NABA
980,0.97064272177357,0.97064272177357,0.99136690647482,FALSE,T2_IFN_NABA
981,0.468553642693112,0.468553642693112,0.710791366906475,FALSE,T2_IFN_NABA
982,0.984138820668512,0.984138820668512,0.99568345323741,FALSE,T2_IFN_NABA
983,0.89091102788641,0.89091102788641,0.966906474820144,FALSE,T2_IFN_NABA
984,0.890873192623493,0.890873192623493,0.968345323741007,FALSE,T2_IFN_NABA
985,0.905082205979461,0.905082205979461,0.969784172661871,FALSE,T2_IFN_NABA
986,0.883678735970541,0.883678735970541,0.964028776978417,FALSE,T2_IFN_NABA
987,0.914774003978495,0.914774003978495,0.972661870503597,FALSE,T2_IFN_NABA
988,0.910962681652934,0.910962681652934,0.972661870503597,FALSE,T2_IFN_NABA
989,0.931097628213857,0.931097628213857,0.979856115107914,FALSE,T2_IFN_NABA
990,0.946857708252634,0.946857708252634,0.979856115107914,FALSE,T2_IFN_NABA
991,0.921728423012345,0.921728423012345,0.975539568345324,FALSE,T2_IFN_NABA
992,0.924300531469675,0.924300531469675,0.97841726618705,FALSE,T2_IFN_NABA
993,0.972018593099694,0.972018593099694,0.988489208633094,FALSE,T2_IFN_NABA
994,0.90925580873105,0.90925580873105,0.972661870503597,FALSE,T2_IFN_NABA
995,0.967180236903134,0.967180236903134,0.989928057553957,FALSE,T2_IFN_NABA
996,0.902890320399866,0.902890320399866,0.969784172661871,FALSE,T2_IFN_NABA
997,0.913416844193018,0.913416844193018,0.97410071942446,FALSE,T2_IFN_NABA
998,0.936493032100714,0.936493032100714,0.97841726618705,FALSE,T2_IFN_NABA
999,0.96763666567677,0.96763666567677,0.989928057553957,FALSE,T2_IFN_NABA
1000,0.92269611322422,0.92269611322422,0.975539568345324,FALSE,T2_IFN_NABA
