sample_id,PC1,PC2,PC3,PC4,PC5,PC6,PC7,PC8,PC9,PC10
HR1005,-47.4535824590892,-5.05970667770477,0.937167006748843,-8.91797778164957,-12.2235724495078,7.24066214918546,-6.244295036625,4.4085020319634,-3.4124602267908,5.13224670268384
HR1006,-4.19139280131616,-40.7489120417617,-7.94446343378608,-3.91492251440937,0.553338981303301,1.12116300379917,-5.37815642420493,4.12662476491616,4.06441363828763,8.29004915520081
HR1009,-24.2894519101544,-34.5589043098283,-4.55183378664875,-13.5012194184224,-1.41575895390405,0.698815664361611,5.76681312741274,-6.71775808857492,5.86537352126491,3.17420259345153
HR1010,-13.987592251011,-41.742201050578,-5.90758562273648,0.412538465409192,-12.2904985064234,-0.289896112770619,8.76840341666976,-6.09162589829858,-0.935507035064694,0.401001035205384
HR1012,15.3938465747642,8.04614900887749,-6.10088557431755,-10.0136106754854,3.7151981707245,10.0043867548618,6.2811834189619,-6.27153327102425,-9.85398690732468,-8.89799379118776
HR1016,-26.1094822632413,-7.950275214311,2.29116505877435,-9.74044658554546,3.75725855619925,-4.81652657150123,13.1005848696831,-7.42801552904261,1.02257435258022,0.453868350695601
HR1038,-0.194170829107178,-50.6781206296979,-16.6566690926182,-2.55437852158447,0.841891252667141,1.063352716338,0.416771011892347,0.84214134442926,2.11814501105031,10.305949053769
HR1046,-8.9172021358902,-1.72436431889301,8.47899678937428,3.85461471723607,2.44351964455947,3.14280810892301,7.55762352925913,0.953782527811953,5.72131238783159,0.474040859647139
HR1065,-18.4982954654614,11.999204145764,21.1171926688734,3.86712442254053,-15.953652568614,-9.86332426536113,1.63337520894745,0.523702819599989,0.893516377428324,10.1592803193047
HR1082,7.30929945234411,-38.3201769943161,4.52793671816113,3.23064122891699,4.75128943224886,5.43654791467439,-5.12898924686566,7.10912156094331,4.58810138997491,-4.97002831553167
HR1089,97.9895916619012,0.203040235221008,6.47054286644355,-21.4003560704963,-13.35708561093,22.37894304675,12.0995954959105,2.30368487140401,-8.08068193859864,-4.54614340011002
HR1100,-14.6446461463903,-31.9371706312677,12.5705189244494,-0.895351356221857,9.66385166925978,-0.742187863369002,10.1770443109183,0.366875328394045,2.80999195578256,-0.0293854494920546
HR1111,-3.40492088023588,-15.7785751280186,-19.0605684947455,9.5769922842616,0.572947157963069,-3.68347915869546,-1.51190929915265,-9.16693939249573,-4.10940052045943,-2.29026269394742
HR1112,-29.3137904765623,9.23542890456647,5.60979300289837,-10.4127769221284,-15.742318832658,-0.618940416492113,6.3013651520353,1.67150704500974,3.84339498591388,4.40844827699629
HR1114,-2.5567286480833,0.727543924595884,-5.99447672003108,11.4598707791753,0.0916125153022201,5.99812320402654,5.54563861524814,-8.35073324558378,-3.9295314083103,2.44736513046134
HR1115,-17.5751701112712,-14.0428222849765,-6.36823458694315,3.52064745759436,0.922952237746915,3.57582319754935,7.17801930063004,-3.30605375711845,-3.39817333679417,-2.60698899372203
HR1117,39.5806074264181,8.6843111633282,-18.8256820640458,-1.75801531996642,2.73054320554671,-7.95927676605609,7.86202938636806,0.172408191026866,-6.05982265687722,1.10680489892848
HR1124,-6.07286321250114,15.2623269217896,-11.0116919513949,-0.555075115700402,18.7096234926792,-5.6287320326561,4.54571943416339,3.26655171887432,-9.12560621680584,-0.500250614028344
HR1149,-33.2777362489129,0.579216774833455,-2.5961362970922,5.72920833128975,-0.138634206343809,7.79855349223753,-2.68267487206828,5.19509819073105,-6.86024725673533,2.60977359381557
HR1156,-18.8997761998968,-2.35422516007902,2.47202007967788,-13.3056557729415,-1.28491313864264,-5.88040088199825,10.0038991450224,-10.5806157548277,1.25450959877036,-12.6884038728224
HR1159,-3.28798101987842,-7.69149824116001,-4.08641078122075,3.83899017194381,16.4010625801698,3.0423630408645,3.23889645437887,-0.474892399204407,4.66672554621319,-2.95511690330567
HR1160,74.9261594149348,26.8791967828553,20.2764502847222,-18.0247552972204,1.45797495721706,34.7535934281348,5.58582302765075,-8.91844177090496,-13.0495578770534,4.18709919993187
HR1168,-2.44065637177695,10.7048417853512,-1.68278011678691,8.91019213248333,3.11184911060785,-0.952188227224641,-6.95134709038066,0.468554727182369,-1.73970814635862,-2.30679699283115
HR1169,4.87599148402753,-14.2678107369564,8.4030875033414,13.6807011479615,6.45916588920573,1.39645254651766,-5.4969873820507,-7.8913000916474,9.11958748700962,-1.24904329046739
HR1170,-7.36295335514803,-7.64157136166666,-4.76858079036806,18.0424457017775,-2.77186930104567,-0.677366614197687,-4.63596129512557,-3.19159923354325,-3.8898480185877,-0.410084920399269
HR1171,1.93087444971069,17.5298945971939,-12.2875960532364,0.788559279680069,3.31324439261908,0.409198524538961,-5.09120974583012,5.61869644304804,0.122074751546075,-6.68345783022106
HR1173,-7.52033213721415,18.727507407944,6.46872441152986,-7.50065211343633,-1.13117817143904,-1.14731650437754,6.40459755206896,-1.11851472323358,6.39523875848716,-0.208429756790851
HR1179,-8.7430219198613,-35.6055848345408,-11.6103204647462,10.9218989378703,0.253670132029317,2.83715645068199,3.75255973389206,-8.33216351492005,-2.42423935867812,-0.688880653917428
HR1180,-26.3772408186731,12.6214388906962,2.01808605823032,-3.25747219965389,-0.524172762834092,-3.01112418448472,9.62097314690512,-1.52724553747112,4.47982957583338,4.50676603355349
HR1181,-17.3926933958469,9.10975754617285,-15.4153356769372,7.9627017562538,6.35745143050281,8.63846120453242,-4.82244928212786,6.3855056563685,-10.1382458479132,0.868307971519764
HR1182,10.1035306674222,-33.9443417115903,-2.38946479950289,4.10280095517708,0.868330157704617,8.96876797787929,-0.138314923167741,-0.973879434024106,5.22192805651805,-1.26487243881841
HR1184,-31.9999551374677,-18.7428351744251,-13.5918566927653,-15.7705892174553,-11.2059524264208,1.65165263810766,-12.3220073657009,0.180024694522798,0.308361795177297,3.34042814406415
HR1186,-33.8759623647404,14.1451174435309,-0.917531014886063,7.89965582261591,-6.76440353725573,7.36709834488473,-5.54187599215935,4.2013639005203,2.54472846272963,6.66386506505809
HR1188,-18.397969123927,-11.4590433631326,9.88081982260955,-1.45104543683764,-1.39810293595677,-2.00017401421006,-8.44780101879129,0.615932401510331,1.22627435805648,5.16249968012105
HR1191,-8.58023913819218,-11.7711738534979,8.18051889766889,-14.5278248271349,17.2260736898682,2.62537324991626,-11.272937594086,8.24880326128062,5.3396179941845,13.661945668517
HR1192,33.9538061460868,-8.29852804371079,10.3680052525484,-4.42050316047727,2.58008078878192,12.2347870681896,-5.03800178504585,-2.59715876634425,2.95491061117587,1.29215425882122
HR1193,11.4206291109736,2.68042498560827,-2.04660869103505,-0.569500262212687,13.1394521209344,-14.2281352454199,0.503953558134043,-11.3905682109072,-2.8770208110098,4.95900328518091
HR1195,-35.2145487902214,-11.9210770584378,1.93026309413541,14.75331352559,-2.81914910280243,7.93390491238341,10.019197426067,-3.9851750374044,-5.22095047831477,-2.73242054098708
HR1197,-20.4483885492882,8.0767194684928,1.39146313256009,11.4101989017534,-1.19364077151937,1.02528329925461,1.03633212148706,-4.48579451466367,-0.985860829077645,1.67893341808535
HR1200,29.3931545962673,22.1777540497623,7.5321421611685,3.04874830029188,11.8136864554421,3.40992635092248,-0.874954562610936,4.3360438347601,2.22352656864263,6.5476799240264
HR1204,-16.5159553436402,-9.56335971483743,1.45587518151594,6.27724447181608,-18.357106046592,-2.33048083234103,3.46157234221062,-0.923656407882344,-5.07874643183135,-2.69528246750839
HR1206,3.20759414184515,12.2377630107036,6.90811513573127,4.78213746824862,-8.12047475975598,-10.147598977306,5.48263942831598,-5.86447540404374,8.48485506768425,2.06852640881761
HR1207,-11.4645952380089,12.8561037054875,-5.25920156494206,6.77307244246129,7.132531644627,-4.02517540427906,-6.24844713893281,-2.34148091355895,-7.51785555363179,-2.5638339802624
HR1208,-22.128496495809,12.8345267455172,-7.37979121786779,11.2666913954794,1.36200025038769,5.89775685575136,2.65366326015115,2.63884797956889,-3.37827169325495,2.738161581185
HR1210,-35.111159427176,-29.937566312163,-2.3868805156823,-1.27950284538857,-0.284077456701454,1.67469839340432,7.9885731066185,-11.6565769357071,-5.51604077366815,9.33022028313513
HR1212,9.67082203945335,19.2943601791684,-7.53253691247698,7.18516295185148,0.672968589502777,0.654540015335648,1.2866254938387,3.28003241174645,1.45902223456849,-0.944923412486099
HR1213,31.3795658640546,-46.250800270234,-22.7607657615947,10.7486383973527,-14.3647390532866,0.823360842284188,0.478020203479821,5.15707739379805,6.46460027141762,-8.69792381813619
HR1214,41.2112912620816,-15.2609976536412,-21.3828350205055,-23.6982411366413,2.89825808127409,3.71689433788782,0.983837528525398,-2.44816270265,-7.24472304429865,1.76905298476339
HR1216,-21.2933303652416,0.311889624403866,-3.81334420785696,-4.80428643462738,3.73585462077821,-0.116685297337233,-4.26226537842829,4.75783544933261,-0.00472216543835108,2.90590011443322
HR1218,2.52391136419547,-59.0178348967629,-8.96023396702566,-0.758186722640911,-3.84202348932711,2.5967604511,-4.37091132305456,2.82686020999831,2.77385783573119,9.47327980377242
HR1219,-6.02471937251265,-10.2153531803692,16.6513266672118,13.8983256498277,-16.4086097943192,1.79184186401062,2.43597599034229,4.85383080806965,-4.93594484067819,0.964403776930028
HR1221,-20.6289025944318,-24.1606766923959,6.53270761047448,-5.70005009202579,-7.51348136373762,2.28315736319642,-9.81379372808986,-6.2040231072221,-2.7037673689041,4.16084575859593
HR1223,8.21212095850292,16.3306302528105,9.49108363213247,12.449306037786,-2.23482515857555,-4.44671630618999,-6.86708167088711,5.30926427905528,-1.70868403251641,-3.02910608756314
HR1226,-19.9896490499013,5.03442841986082,8.70209759326412,-9.04717596513796,3.01013132293692,8.81476693178127,-7.35200883477723,0.0676278009385898,-1.36086330265446,-1.17244443429869
HR1227,-4.62232829260172,15.1295021764588,-8.44748496478811,20.0258388221728,-0.428233404709377,7.72335798159742,-1.29042357770341,-3.61098766180366,-1.95429792604993,-1.37911760213016
HR1229,-16.620456436539,11.680845720886,-7.82780014741793,-6.38322980490538,-4.2891504766081,-6.37350904693275,11.6529581544359,-5.71167050498176,2.78692456450843,2.33019918718945
HR1230,-25.1937141996909,-7.6329643802908,2.16369673638258,-1.24171188081513,13.891523472629,10.4894630627846,-1.51241227068404,7.80846633005936,-0.471937753195221,-10.0956551110345
HR1232,9.18826519413065,-12.6063770976066,-3.33279622765011,11.9895527938272,4.92522324058755,3.03128764323966,7.26389930137713,-10.644963639787,4.07742298979404,-1.36539095013885
HR1234,-22.251199087683,8.70874212828701,16.4510772738415,-2.90745171379413,-19.8900652097806,-4.98159467599801,-7.77472922513587,15.8229374495352,-8.01787214179181,7.13926248253677
HR1235,7.43646569678262,18.0998983100125,-2.37021362411578,4.24501574082577,9.44962746603044,-5.60634139103115,0.57758557122897,4.34624539473771,2.16419856408888,0.696044598991899
HR1236,-9.7620671752286,-40.8806628059249,2.67479258011682,-10.8755841911617,2.99701852193361,-2.79295937381054,-11.7720268269861,8.03398087135795,-4.51178388410251,10.455056047308
HR1239,-24.4917816733107,8.34160333027068,7.93434973966649,-31.7951011257616,-3.74996819109284,-9.08553670196836,-4.53314997519672,-9.78973861669453,5.66682834750617,-18.4490820033399
HR1240,-13.546699461203,-15.5070496118698,11.2650455404846,-5.6354800761997,9.87451123071134,-1.76221274062883,5.89198368528372,2.47977387240989,0.0503392002874334,-5.93182599098905
HR1244,-9.4143035514235,-1.52367989853576,2.02802405701691,11.981555025442,-1.4317982354223,0.752687218827624,0.553811373619153,-4.81157145172829,0.656640231391687,1.22569335813082
HR1245,-22.1581075325711,17.1812631851621,-1.33110068899902,-4.64088229800862,-0.440259251822648,-3.0668713620036,0.706463001094764,3.18410342486093,-0.410100670291037,1.10476534216342
HR1248,-14.8498772745984,-2.00889594992645,6.67051629095033,-0.095330940692604,22.2742214164221,0.800876892968284,2.93276337493085,-0.357648275795163,-3.90552249260278,-0.160846515859185
HR1250,-8.27809507824658,12.4744949968263,-5.46536382780056,10.8373115926801,-6.7616524207823,4.07619671998782,-5.23388827411863,3.14199296393609,3.75846270606641,-4.06046234293344
HR1252,0.966916325768662,-31.1454180613092,8.80350895139804,5.80837158804616,12.5221291556205,1.91997322332194,-0.573749360497215,6.50261869496468,3.65378929925252,0.907058475588655
HR1259,-5.02247052277518,-33.2572917085978,-0.98066117627588,1.60427597945497,5.26371822739175,11.2021037024225,-8.56319578454678,2.19420888429693,3.569204127295,-4.41482672839051
HR1260,-33.4775680851078,-9.90998391510072,0.385895955275439,6.24660678102588,3.68807892409548,9.79926482728774,-1.26346042679803,-2.6506927523354,-4.68245311632813,4.81462704960908
HR1262,5.02717729266738,-40.026844397243,4.81098929930095,2.8837326160438,12.2426706988018,4.75891615870569,-6.65308623716095,5.47819642620828,6.38796119377752,0.744716614823316
HR1269,25.002384306874,-8.86189530042374,24.2671081703882,14.8950022513911,3.51926662710119,-4.27611384755612,-3.23224808080163,-2.12638182763212,-4.13960370059942,2.4929993439517
HR1272,9.29689151771617,7.77917213289982,5.21164728518538,7.35876697656606,-9.83354791623381,-14.2489801524056,2.91532788582447,-6.05433871071602,2.26344139683484,0.862773232431403
HR1273,-19.1548700758205,-20.666012921037,-3.8673671072182,7.18117955116251,3.67838851754096,6.68166726976349,3.46744840348138,-1.52433953980211,2.90602033677995,-0.65869167354001
HR1277,-0.00496580470807301,15.1139807480903,-5.87136007486874,3.60145146913948,4.77798512019016,-4.20002401215115,6.73252404603492,-2.09366634651405,1.2217176746954,4.7204960053375
HR1283,-4.15312191352391,10.8881119032163,-21.5993404632031,5.15324041939565,2.83068211949845,-0.691013359448604,-2.11370092570738,-1.91913061642956,-6.31613137179311,-4.47739095840076
HR1286,-19.2818400022748,13.0483091456522,4.14121062177102,-12.9492876658356,-9.58430518626678,-8.64553627848996,-1.4943552520249,-1.61461161772988,0.498679405252336,-1.54163478846664
HR1287,-22.7414246991428,16.0825332834245,14.0834856831606,-6.05893861377915,-3.61525930903619,-4.19014684290775,4.23213060317396,3.891128507726,-4.85456072237256,0.0483177341135638
HR1288,0.414900830156066,1.1924507447307,-14.9589449189039,0.974014101153221,7.82179184162604,1.17780686188283,9.07016440049672,2.36286064035548,0.673397851977757,-6.94114711688005
HR1289,-3.73777230720477,2.36588144374017,-0.0182846042204523,2.57742960871671,3.23504239747831,-1.17184084751999,-0.982415442161366,2.27217168439989,1.72508912588935,-3.62707896105452
HR1292,23.2194726424822,-17.7789284959461,12.3891061934161,1.41815521000443,5.3329285500243,-2.3660576972669,7.76625494005525,3.99793560967185,1.72778324045308,-6.14119542309308
HR1295,5.04974731329551,-13.2027209704615,9.63349782775366,2.18944970560764,-7.15588036754133,-1.55562288354514,6.07793835334701,15.2093811655768,-2.36995665454361,-6.26666127366445
HR1298,-15.7986219309816,24.2640823589259,7.59434293255902,-0.565203821032086,10.0523695568275,2.32901798944775,1.58909287874588,4.7049856514628,2.91410903679759,-0.822342284944092
HR1300,-6.12242429862256,-13.5224795687259,-10.232303647721,3.01397505572713,-4.17240179670347,8.07511028432355,-3.43202021809332,0.417346968644751,-3.44829358626568,-4.93671163083995
HR1302,-11.8545653929253,-10.3233625630795,19.2700945376737,-8.84479730516084,-20.388780025927,-6.86774651991219,1.53130782985512,3.09215618679866,2.10553128223548,-0.450706373136946
HR1308,4.89492324242166,-14.4653938033667,-6.00614610211624,18.2870676253414,1.23708438200431,2.36634608470974,-0.518906844244542,-5.19219443662499,2.22550487116713,-1.74484259214684
HR1309,33.7382011492738,2.4096943717497,3.74905302570168,6.95444619199291,11.1840457674378,-7.17174094314972,5.42998335447183,-0.378775075205338,0.980592549004232,-0.52256808030035
HR1310,12.8324137689728,21.923005939713,-3.10252742774834,0.569235098360945,10.2240781715525,-7.52522180994183,0.476033970210959,-0.461756689235407,1.58258079791874,0.395801409550825
HR1315,15.6961937353167,21.2665958576893,18.3045863221051,0.187730342513049,4.6624593188126,-8.59599441241625,2.98604482623119,-5.7994191442042,7.24599860311037,-0.708152606199903
HR1316,-11.6141947587944,-20.7329290185082,7.56414992876225,7.65295657849422,-4.52441712309787,-4.11882346379232,6.42467861711529,-1.10546215341038,-7.43344033841618,5.5633379836999
HR1319,5.2521148772726,-0.251133483799998,16.0242991965614,8.71520946088488,8.76816531195404,-5.67389947077606,6.13799861654037,8.45644543226426,-9.42194938104662,-3.90966187997272
HR1320,3.58448329838668,-34.0458691496241,12.8523480470594,-5.17537326658442,7.21994916573784,-6.4196093586615,7.82179700260237,7.78369494756628,-3.62339947972096,-2.66775458914342
HR1363,-12.7821246164715,14.7419298523653,-11.3219730381197,5.16929712405671,3.08292186145318,5.43781653634255,6.28066220323421,0.846099974998957,-2.8500919563587,0.312850610815732
HR1365,-21.5358020948566,2.15061564234723,3.16455998029205,-3.563471604801,-4.10832476742289,1.65100040859491,-0.418536491589485,7.27532962396318,-6.35380710948896,-1.58139231629859
HR1369,-5.45536176176793,-3.81340729028569,24.1905154677538,-1.28823895061497,-13.3680907825678,-6.6861852783095,5.4366074366104,3.45539277558453,0.42525685955026,-3.41842041793647
HR1373,-17.8998060647501,-11.2028629889234,-7.90799714889831,-1.45115981725978,-6.20816380617591,3.47202051070125,0.801039801610599,-5.53704355419622,-0.547812587742682,-4.41058636386277
HR1377,-1.96929743620361,0.103912536469279,8.97437652432336,11.7206059227428,-1.61067328380456,4.0438966027175,4.99414453511514,5.71872013020988,0.388901152688498,-0.865905424358486
HR1379,10.9613277929255,-9.66270001726752,-1.70559462063115,5.80694753186219,0.790404366197917,6.32487045910052,-2.46379424850507,2.77900907381724,6.59429651335592,-7.51132978428148
HR1381,-15.7317408884704,-23.3506066206976,-8.91351307044535,-2.73092454719193,5.37614952240651,7.75260864730074,-4.12342653980176,-2.64601399300899,2.81552554830777,-0.168639187892733
HR1382,-8.01157824156089,-14.55756894131,13.8384994929204,-2.03192369731577,2.04104296550081,-1.63507359720617,4.46737887693162,-0.0114098151555941,6.34625937202864,2.58562675859914
HR1383,-11.3418943130275,2.64038809973477,-5.65812511236844,9.57892408537037,5.03638748331145,2.66094486194378,15.9374676288967,-1.50927443582644,0.640691802824379,0.510530875353332
HR1384,5.31344205335097,17.6565400877614,6.20319174668148,11.8213054031173,-3.12206576589732,-3.63049339139533,-0.534534062859136,5.68558938529656,-1.14375747587604,-1.75244484069112
HR1386,-38.9096447298567,16.1531873770876,0.581246258168993,-0.815463708464514,-2.54260716049445,5.93902958017341,3.68544410339443,10.2916714671786,-0.880971325893387,8.75524916976322
HR1387,-13.864140539489,7.87472598907885,-9.81983455698414,-0.0763859240846934,-3.87841870380955,1.97484671002976,-9.26329166598695,-0.550321868395674,3.30498808967626,1.90597522211064
HR1389,-17.7412312039017,5.37066319169296,1.16174624527401,-5.0246903768843,-2.54392441241545,0.746222528371181,-4.83291952514669,3.38190086007741,3.17447392566334,5.22117038124696
HR1390,-4.07190192563683,13.9629930458531,-3.40404011297312,12.5180399971952,-1.26332730872716,6.81820141845796,-15.4325847555674,-0.21363691880776,-1.01431697108958,-0.706196174324732
HR1391,-6.03878232715629,-17.8047495069884,3.38917284429359,2.87593523723447,14.8569738184122,7.76042560801961,-7.99792722568563,6.29747981253784,0.790702573817193,-4.39357579885781
HR1392,14.3167585097469,17.4230056691011,1.36806460383101,9.75427334827663,6.49028246942754,-6.39827435000914,-2.76399423280828,5.41165526537959,-2.63087988363138,0.689071656287367
HR1393,-8.03072398820661,-8.68240013661358,6.43776863505007,13.864925193555,-10.9528901909499,4.25298021019638,-4.74337877703407,8.35028186551104,-5.73513814213873,-3.22724877759541
HR1394,-13.4417361836461,-14.4037681944598,-12.5164738007004,14.4948869471953,-4.44786352285375,6.19536019317274,-0.986451595605539,-6.88605202279314,4.63453010843383,-3.33948978242072
HR1395,-27.3210142933809,2.83045834653254,-1.59773631220382,-7.56647711135661,-1.10459215778661,5.99350662331273,-8.70177724706942,4.99714843567335,2.96201791669642,-4.42149496835732
HR1396,-22.526459586891,6.88747394985877,10.1357558379789,-7.00726887754519,3.84697621398346,-5.53826036639058,6.17669361988056,-6.12517004373559,0.318926252878742,1.28571719614664
HR1398,-32.7363784013674,-24.7355075200722,8.73643368417252,-11.1838075739318,-1.68025501674263,1.99360041391154,-0.862281574018956,-1.65085111945904,2.48491569433454,0.0393290017315351
HR1400,-17.2444263210498,-19.0673155290566,0.394109674345119,-10.1045692364622,5.08372782948917,4.69608012671932,-1.16508915675058,2.7378904155759,5.85664746580125,-1.3631725575336
HR1401,-38.7020351889766,-0.41742509392183,3.29261284040614,-17.843521278503,0.843022173009766,1.11090200924051,-1.65767577939521,6.70921182131682,-7.91190858036044,-3.41125537135233
HR1402,-29.7090035138542,3.53064091417991,10.50810145357,-10.4300269140178,2.37046730631191,6.23786803015349,-7.65963459053935,10.5941101137672,-7.26030330023262,5.14562308010596
HR1403,-21.9633236743075,14.6358720428048,-10.4928472179205,0.903365832309915,-12.1935789868046,4.99470557275812,0.92406204625759,0.691765859162947,0.637497238564411,0.155332142632465
HR1405,-12.272982302648,12.6093243565123,-5.61773526868559,-6.8021268397504,-1.8511661068209,-0.342887646593329,-3.97656464204042,1.11928785038297,4.0433936493704,2.30359304409716
HR1406,-34.7783294115511,9.82749644137279,7.682876376991,0.866289523789391,4.67894539761295,3.68908454970143,6.07684061519076,0.764794546650674,2.49052698886305,2.00780535155524
HR1407,8.63431834612658,21.6303901163054,-4.90529507732485,4.88041578987112,11.1016117828503,7.33946465319926,1.96429334719037,3.78693877434692,5.12684957732779,3.10410919992301
HR1408,-10.9180250016193,10.973323921007,14.1020064635895,-2.70633899424555,13.3656168259836,-7.75872803871819,5.20126815410437,-8.42330570514434,0.981051085455606,-5.99094445456129
HR1411,-9.43652660051388,-40.9528939754968,10.7365567788567,6.08568569686105,-0.788708577374286,3.55619256800286,2.85312128786891,0.478175645203056,5.9622816368851,1.86588533114037
HR1413,-17.5900322657295,25.2500874367011,6.76821817840047,0.781603132626789,7.50095560161536,2.65274881183483,2.17421246435601,5.17514700125147,-1.38601818170262,-0.806312707751834
HR1414,-18.9283233250453,6.87370592615147,4.54397952973272,9.03539874538236,4.39686845224974,1.93538586116417,5.61452297111275,0.320740332497762,-5.16415983698974,-3.37376940907665
HR1415,-8.96678682384055,9.56968142180258,-3.90251360874132,16.877206267619,-13.029484024452,-1.30254979633682,-6.95728171570366,-0.489523581178261,-3.51869716355582,-0.357448038859826
HR1416,-14.481604151665,-8.18554917512868,-16.6406400540281,9.77287047074256,-9.29168326665987,4.6172752234164,-3.84657799684465,-8.55275810223895,-2.78353165261996,-4.75246986837673
HR1421,-23.4622692525781,-14.0086154200144,-13.1927076007085,0.122558664777549,-5.96488086475827,8.90161264602321,-1.97879996841662,-1.39802734929321,3.81085040988136,1.84461427095112
HR1422,-9.20471502017221,-34.380469068155,5.48746299300936,-4.11210692245102,-4.50274957450161,-2.27267845597446,3.2444840988449,7.23143354085503,1.78694570509717,-4.09017008769702
HR1424,7.85415055068874,-18.2026258916404,-5.27878965332178,4.11376714100574,15.9690774787075,10.6809673765086,2.18491629524189,2.73256380748778,-2.34822511598688,-7.30655688758139
HR1425,-42.0039469861249,-12.2303297042159,3.07132365541484,-18.012518864055,-3.74084600997038,1.4484406667533,0.897116047367968,-0.482207146016989,-4.58059509955468,5.91965947535798
HR1428,-24.4138142969048,-15.5659766033399,-0.226078721413447,-11.2747133948415,-4.31921216427951,-0.198404225240356,-0.245558542173323,-2.59957195112252,-1.86962171700591,4.89860483418053
HR1435,-6.4691396973992,-22.4613281717023,-14.5480540186811,8.08367312073319,-7.52505505092733,4.086955323234,1.43307015301367,-10.4879423937652,5.53666960611308,1.47998879477344
HR1437,-11.0642693733005,-13.3210043523248,-21.48492761704,2.00099689050089,-0.997590778054721,3.41181964509298,-0.673504952109912,-5.21397227356468,-7.71458396796674,1.97622739248537
HR1441,-10.5569797068173,-24.5896611857062,5.07027233423152,-0.343976649009589,11.7795343931142,3.30839050648115,-1.91516692158804,1.63155423458001,3.85886799404842,-2.97730380143314
HR1451,-8.4506953584378,7.52527445576547,-19.2008327041271,12.145770262073,-10.2061609996913,4.72455325926936,-1.2696195769851,-2.81261430104095,-0.707831913766829,-0.0399705509684329
HR1454,-6.18853127095928,-17.61788836245,-21.7902981649729,11.8932077811622,0.119855302631073,-1.07654057858441,8.04782207613245,-8.0240446023718,-2.18434266218502,-3.73136931514697
HR1455,-9.47007434539922,-3.53989734554921,13.0126497128193,15.6372749451626,-9.00621764854759,2.47680011778056,10.1607308274196,-0.241641939500303,-2.39356715038452,-1.99876132958723
HR1458,-3.49469433140671,17.3627753289455,-14.0502776490918,4.68712660440472,-1.87142755119451,3.04161118596214,6.58474701878268,1.96292924802559,1.50279711643137,-3.31453455800076
HR1459,32.5620027106559,-4.95425841220052,3.11531954279132,3.6715981417477,-5.01949072442618,3.31205788498046,0.0916588256675512,-2.42017569077074,-8.80485126263195,-0.197204397601572
HR1460,-8.13608748857203,-28.5674155879311,-16.3958122820822,3.334919805275,-7.23156727281139,-4.68408012037348,4.28078266573464,-7.9401936890037,4.02942341361563,9.8054720836671
HR1461,13.6883014324687,-4.68337241890085,-20.0145891789577,-2.96893661967564,3.33049015410985,-1.08024850743466,6.404941162164,-3.36804060161709,0.648812132248839,-5.433368953995
HR1464,-19.6704445519559,2.73504462918647,-3.55659331565741,11.0644925650121,-4.1832257110514,5.75862884081183,7.8868034294936,-0.223013606929236,-1.71566266029251,1.23020584564576
HR1469,7.56863972906144,1.38219005139278,-0.866585142972411,10.2686315668034,-0.600912963099901,-0.245726089126842,-4.64849478648046,-4.60296644677314,2.86850523042018,-0.425761819485914
HR1474,-6.4717765064055,9.0520438917531,-13.8860941429617,1.3178357595165,-3.6797546107923,-5.88095388825942,3.03779935934788,-1.36646543913435,-0.109267560656993,-3.06465004410833
HR1475,1.88932523439431,-14.6960959709786,3.72836282474275,8.67199787752937,17.6742538387967,4.00977221704855,6.01430725357862,-0.903716324230174,3.95633431634972,-0.773622788854013
HR1482,-5.45828075314084,14.0051990995113,-6.9833072144611,-1.5279398025083,3.4470440689317,6.74431985459532,0.672500190001164,5.01043323417076,-6.23953043808798,-1.87065250726402
HR1485,-6.71304081897065,-13.7497111348291,17.9309014039215,15.3776327332314,-13.5048251183079,-0.755354096844101,3.96078860806091,13.7330161092526,-5.28483299781965,-4.13327406836529
HR1487,-26.1669641264234,17.1387008180916,4.66184836878537,0.223112681374047,0.406374738219956,5.72078127300941,-0.515792078730951,3.33024041139178,2.67561319863275,4.32125793966986
HR1489,10.8961118476555,-13.4197589722705,4.65579523089899,9.5804579497575,8.82408191908293,-0.495199190036257,-5.01676937880481,-7.02992335662934,0.964578341544451,-5.47639123531475
HR1490,12.0430236990818,12.8917522927086,-2.52307404762518,8.68029695622652,-15.997788229406,-5.35473291368055,-3.36216591642384,2.57549914848354,-0.890711324215268,-6.00039403602281
HR1551,28.9850377002274,-17.4483029557367,-1.86966822999606,6.49411089662984,-5.49616564846664,-0.951349071784915,-5.15608860005495,-1.46126190901707,3.67383961824304,-5.57417550201286
HR1552,-4.84122259095868,18.7815010413856,-19.8006502669791,2.4790278161486,-0.351381114620281,7.96807873736734,-1.83099160453405,10.6804840678893,-0.804277005155013,-1.83079029730863
HR1554,14.4877450207313,-2.39270099199383,-14.9900131120295,1.70756430455164,6.98489929508316,2.92589323478859,-1.00222802643933,2.20060793737533,6.9496135089688,-4.88812959418258
HR1600,29.0455365313236,-2.09493073996329,14.7305309358171,1.30356269906607,21.2560789752052,7.17980070635283,7.78126613549172,4.57622989102641,-5.75900017419416,1.81012091406106
HR1601,30.2395770275436,15.126449396403,8.41079384595211,8.20447578169694,9.02431299945026,-15.5701072419637,-1.09736804496129,-8.59406219211952,-3.15866570513685,7.87547606710575
HR1602,35.7679130695934,11.5128779200539,-0.546465489293313,8.57485201137239,-17.9581082894817,-7.73886838009552,-6.82911493706227,11.1544305791301,-2.58938291513099,-4.60447025606351
HR1603,-24.8627801478603,14.0910190985323,-7.03674166557927,3.53728550257046,0.164879644355444,10.745543052662,-2.36557823149444,4.69301265641683,-2.47201850534927,0.221464733268747
HR1604,12.7250650129189,-4.07735429596165,19.9850454242658,-2.75913751974159,0.647611458360968,-17.2535667569614,4.03262606739125,-8.1236423314348,-7.32126148270113,-2.78688311458575
HR1605,-23.1267938687866,-22.8455479767219,1.70435695572642,0.380602493622571,0.462543934044032,-4.25562552092047,0.565224606904437,-8.19227932124551,-1.26810763345271,6.01557422313983
HR1606,-52.9431702196885,6.58006390319688,2.70659739788514,1.09926632847783,-11.6431597855162,5.06336540821663,14.0305564214353,-1.37502525723719,-1.90957713492047,9.18692284397864
HR1607,-48.0701056182441,-8.10539031523849,3.58318399001453,-26.1397490077003,-17.505429524236,-3.83463810624592,-8.21857123872922,-9.26721962933757,0.612084033328358,-4.81511109658677
HR1609,-11.4881479441403,13.5082877593856,-13.7450788716278,4.26845529410159,-1.56232782094116,7.73278386172652,-4.11670699506796,4.70077126669364,0.499948317000354,1.14910450105852
HR1610,-22.2361189091428,-27.2756317617996,6.22835444683678,-5.14723837168085,-11.0783494894963,-5.51452309071472,5.96486199795311,0.653921058323861,-3.80110675371674,0.0307267357939777
HR1611,-30.919123324995,10.1583251084445,2.67116785430634,-3.10445024001651,-1.55504556350023,9.59043624320379,3.34528910199122,5.14293918377273,-4.48343674211148,-1.06830262016317
HR1612,-28.0121846472432,-9.24310487942524,6.71347841237652,-14.312172642615,0.635211983164215,-2.67846651904065,-0.504361725489349,-3.2481613352395,5.48413160861279,3.06051675063966
HR1613,-11.0252081697154,-24.5421570455099,-9.73033597869436,1.57814175506787,-7.83485871989538,2.5347131878888,1.97853387718605,-1.30595184716011,6.44478202816105,-6.20954015947391
HR1614,7.30999054293066,-16.9500172346414,-11.2872937526683,7.69667404955306,-14.2791954825315,1.63561892230412,0.0518590263387394,4.66684303440095,-3.91141798021289,-7.45911779598955
HR1615,-2.48209271550046,-13.0259406504551,-7.93401203976386,-18.1393639138073,5.28676628684736,-17.039525909691,0.0586533583620898,-8.08245501063379,-18.3987925333678,10.5798598982047
HR1616,-17.8907716536086,-28.4924116880073,-11.3131110040376,5.71071921347824,-3.77857184779667,10.3954448653241,2.88748346590388,-4.39337541984538,-0.826987935768932,-1.57967013528534
HR1617,-22.4286241252377,-8.6955537348236,-20.5618044782695,2.78604552284819,-7.22821796520299,7.3590685176316,-0.233135991916166,-0.695210530717571,-4.65940573547542,-2.3745841855497
HR1618,9.06664637241616,19.4837791670573,-8.66979834025512,-0.959411302161175,2.52592596319436,-0.194849297850871,-2.56197301848712,4.53423604341547,-2.52317564370067,-2.28837618014194
HR1619,-16.3280052354066,-16.459575183998,3.81668511920157,1.2728387688535,-0.832984586540742,5.16063993266339,-2.3029963087178,-7.0216863727331,0.429366969306481,-3.77238009020845
HR1620,66.8139500914678,-6.34538335254416,-11.4628815734092,-27.5540807819201,1.39328300457502,1.31461498490646,7.26345017425704,0.527742704123873,-9.21189154928544,5.4720974570822
HR1621,-1.12859558076388,-5.57804180446883,5.49987752258297,-9.25969668785502,19.5345002293236,3.0615876836773,-2.76637837159361,4.54921541791405,-10.4252573295122,-2.9272915260452
HR1622,-4.54734445988193,19.156641221603,-3.77674667156815,-7.54516311398603,-4.56581626355873,2.94937354956789,-7.48613694357467,0.679329947128642,7.64330805179659,-9.22075603214213
HR1623,1.17311069575243,2.44515762474453,-11.5420985220129,12.3107211354751,-19.2385113048464,4.44024676944258,-5.51751506084832,-4.66712234046569,0.942954064433414,5.00762111675727
HR1624,-23.2566220340299,10.3890077264154,-9.83659572268441,-7.75887849300438,-9.5203422686175,-1.15630445564295,3.76864071860159,3.40496986826597,1.26644954109414,0.0497955398479709
HR1625,28.0765006378803,9.18354884902961,2.14180454017939,8.73244745812429,-4.29391399100168,-10.5769591023803,-7.90088516110051,0.417361300618747,-9.44568030314284,5.47922165719445
HR1626,27.5316361951673,-34.9421970738927,-11.3149136898457,3.54148605374945,-13.1100613280126,-2.06850193824751,-2.68401206963628,5.07016710237424,7.6450781744121,-3.51037489618346
HR1627,-7.27925340170436,-16.548798046743,14.3455549434962,-0.564829195878921,-7.36375253592348,0.590118298091734,-5.09840849033122,3.80159926897008,-5.48777022788358,1.28692931568983
HR1628,-8.16879145117064,18.7423981413065,-7.76126167699851,-16.1713144885968,-1.8502009942054,-5.64631164459686,-3.60680280655267,7.12434590421812,2.83211281277921,-1.22926586071611
HR1629,26.7067392067623,-30.831174434699,21.8941496611488,8.82706944554908,-6.64570467502266,-4.47495061406368,2.73696510475662,11.3800454645873,-3.70939793258462,-4.29124823103706
HR1630,-10.4736916867362,7.38662912923744,-12.816324095855,7.22598065147732,-2.04329526572559,4.25152970580695,-10.1812089068374,-0.489661636841166,-7.50869497182646,-4.80295444396631
HR1631,-8.94043341757193,-20.1173129051643,-15.5358017852222,-1.50811380631471,2.70859677791218,-16.5447974604795,-17.5164449599142,-6.18118146363571,-15.6242238108209,3.77883373344292
HR1632,-30.4883476923651,-7.25385624900508,-5.57265578522103,1.40576075868142,2.27688884896386,4.68190473152915,-1.9734616332493,-6.82188714253792,-7.00591088563892,-2.762104555391
HR1633,-3.3585396110279,-14.5494977363943,5.58826062681057,0.683994228167901,20.3420364133887,4.12850798267345,3.55090815389388,-1.9139291898386,2.02339624613741,4.6251908747123
HR1634,-20.7781993307352,13.6080327080913,0.651271748000464,2.42380920009648,-5.53239195680968,-0.0409980366418321,-7.95857863815566,0.76846097163722,4.08411391425752,2.89888009368543
HR1635,-15.2519971900145,18.7999730493256,-7.61017310497522,-9.43742112497671,4.42374700772774,2.38242603339858,1.92716767637452,13.5286810097436,-3.48081593273655,4.13202251453962
HR1636,34.2268145711039,-25.4059314305836,32.4724525747672,-0.745212611041398,-6.95973058909251,-7.99230782724055,1.56387954369895,17.0955542166274,2.20255429187192,-6.96647909285797
HR1637,-3.41249044107384,-2.71718647141452,2.18717236631379,-16.593960991406,0.438738481065029,4.34475414391367,-2.54810297214913,-5.54973817440117,3.63095035935914,-12.3359618601346
HR1639,-13.355975324031,20.9994048282233,9.91595301744488,-7.57536169716907,-2.10738975160991,1.97202680254596,0.722676569445761,5.01111225893154,4.09552092030887,3.38104554382541
HR1640,-8.62912577172222,-6.10599933308164,-6.08427935631138,-4.69547916963987,-0.104575495952953,-1.50688642477129,0.162585387521207,-2.8504105065584,1.07090917791963,-3.11698913970019
HR1641,-20.6899956530646,15.7950704099694,-0.681394194685141,-0.155443022066643,3.86179522414706,6.32439332291075,-9.25238530964737,-0.912820368392028,-5.82224923355811,0.798095273014301
HR1642,-14.2285713375562,18.6512242637912,-5.66694251393292,-1.33739707576246,-2.76895778689884,5.80456122874922,-6.1715857392324,1.21878788903312,-0.987152488863952,-5.28583840804695
HR1643,-17.734789444738,-11.6129407957659,1.73257714608712,4.66479775476902,1.20798265232397,6.46042439061335,-6.07761334007348,0.357667382123932,-4.29909199819426,-5.47906774203753
HR1644,-12.9793142246769,-29.8711960273567,3.41395404375068,-1.66208406178565,9.9195942260861,3.64429303984837,-0.122370757879925,0.0203176244883919,-1.11176848153754,3.03402574685876
HR1645,-18.2808731637596,-18.63408649867,4.95747589114263,-14.7596419965143,8.72274037884362,2.72085123005582,-12.0881332862489,-1.47604601970382,2.37082430584908,-0.922877184614947
HR1646,-8.49383897287839,15.4706536272652,-9.83946145729221,9.71140091213828,3.01170052607449,7.55354398987582,-11.7897340487709,-2.2511660377065,-2.19329363402728,-0.9973263764793
HR1647,26.4263520910932,-30.4371252240837,-7.9675701318943,-4.32881584903601,-10.9106747234646,-6.01426347564324,-9.57158056508191,5.33737350102458,1.77902259336321,0.573804492925359
HR1649,-24.3984009829146,-11.4589954057496,-17.1344621500907,-1.58724688191643,-17.2407425671494,12.0626270517787,-4.86025225333959,-3.44061837241969,-3.92156691128122,-3.86381518584388
HR1650,3.76179910726656,4.58403553442009,-11.7240937737342,9.32106156301394,-8.92774292954068,9.74732643465873,-9.13364280598685,0.111868238346414,2.98503389188924,-5.41940102393869
HR1651,14.8596764170167,16.2180483022781,-2.56199698726346,-0.0143085781410515,-2.00160806628833,-3.67838506956079,-8.90380017251136,11.3233035013679,-1.31770734703606,-0.18294146892459
HR1652,-9.36786467167434,0.46381989400179,12.5830045285883,-11.1743227133116,1.55128488257995,-6.65584240999131,-13.6352279917295,-1.45115164225588,3.97559795070491,16.4102769504711
HR1653,68.2589230739,-11.821452076697,-61.580043260463,-34.2432843604155,-23.8622874393434,7.27560707203342,11.1451673697872,6.58562644725546,5.61630172736134,3.52529778366723
HR1654,-4.25819404208967,-40.4733622709951,0.871914188392303,-0.668358369301347,3.07189871828585,9.33205640126872,-2.48884641299486,4.18993347659392,8.45066022529086,-1.61534833467353
HR1656,-26.2512888799886,2.20973144296104,-6.0154475499199,0.0687171365161775,-2.14703704937746,9.07990175103871,-9.63367753416732,-1.43012742597944,-4.59823767631121,3.20989986787566
HR1657,-7.19565279993591,-44.9476636860208,-11.1353387399353,-13.046167500988,7.32408354705776,0.741434539616857,-6.72846737228181,6.62535950560106,4.53870154820513,13.2036031604487
HR1658,6.46865882355292,5.18470775671471,0.319073530849947,-8.2735571412055,4.64446429455429,-1.31547688429335,-6.58590089682596,1.59621443457633,-12.147102871563,-2.69245999772535
HR1659,27.0655976669216,15.7049856859092,6.14164261410824,1.32181676558837,6.66351857228337,-12.6464106934475,-9.70479707459595,-0.572848381085306,-5.39799221793143,0.804065570603551
HR1660,12.1118073301404,-0.0641247059641847,3.60480950070141,-21.6512823484757,4.77722870457339,-3.08775638221304,-7.74529956519061,-4.43511283545053,0.459536123850908,-11.9406336284283
HR1661,47.207384805086,-3.6053584062239,5.21798981309188,5.35457357798964,-16.2876310994759,4.0809542984118,-6.39400376297509,-12.5536458755469,1.97089600789584,4.84865729937158
HR1662,-8.71793276907094,12.0896029182343,-24.4519692624325,-1.18242571204314,-6.79952691390464,-0.613444931642972,-6.56134662228151,1.00059357512589,-2.66307394749391,-4.09780879346159
HR1663,4.68384072266844,-30.3648216063616,1.55404155266883,-0.821592389393609,-7.00955331991085,-1.32608748687404,0.858665509908479,-0.419552784592654,3.05641783772965,-0.795392174549673
HR1664,-36.9666993836173,6.51393732776801,-9.03725377096594,1.47613372501761,-15.4911754099426,8.61061610022345,2.31744675042424,-0.972652200047151,-0.445708699085466,4.81404871966838
HR1665,-14.4616806308153,-19.8185661900449,-2.68484029102624,-2.9050840768811,4.16289210962659,3.39402723694738,-5.26569927539128,-0.930613601202165,0.878919981100485,6.10463099795192
HR1666,37.4914805478716,9.42324968755988,-13.9225205693668,-14.441740463995,12.7960991110453,10.4108501098708,-0.00455230359154746,2.96267514580564,-10.5363032534509,-6.40509163982285
HR1667,-5.69263612636034,10.7648425086657,-14.4716975046121,1.36279514693785,-1.05454846211366,-8.86795820874233,-7.21499143949106,1.40043636396761,-12.1994885842608,1.01899892146295
HR1668,-14.5677117971127,9.97090721548427,-1.34435454443253,-30.6918926818816,-8.75051880038304,-16.0340297380689,-20.2533662072588,-12.3917332556167,5.35596500374021,-20.3106618264181
HR1669,47.6315493123251,-28.3791102436428,1.21158187916436,-1.72073492619541,-2.85792562391745,-1.84531584018023,8.76900541106525,16.2054550416075,2.01510252046142,-5.43027961072465
HR1670,51.0625206226298,-16.898220146226,-33.7984131767445,-16.1045036265515,-0.396810347758447,-0.813108109752987,14.2480641611328,4.0727651080451,-2.37206765739458,-0.468728958184359
HR1671,10.5137535026251,-14.5864201592296,-2.49044110875718,0.445584415791735,14.9212745257739,2.39155608366202,-3.77927610106647,-8.63559864796289,-10.0813078848624,0.869270400827914
HR1672,22.7968274694762,-11.694974571026,31.9786467350185,-15.392604517347,-2.20581833215137,-4.07605248994379,2.86390560342214,4.78448677588176,-4.48835845165211,-8.75171519904095
HR1673,17.3207928282194,22.9678480069921,16.5008164647703,-8.63405685728237,-6.71883357038811,9.30506518357536,-2.71657023337165,-3.97948278642579,-2.0632030721049,-0.257663324705267
HR1674,11.4601551878975,-24.7116851187769,3.49611204455766,5.04204706824331,5.52892211062521,-5.70517396251085,4.25966921338781,1.95793743752644,-1.2827844342712,-7.647129706604
HR1675,22.7437813989898,16.8217048537342,25.2933134280296,-10.1574198760836,-8.69468421302107,-2.64369767241565,-9.06104682681408,-11.0750772983441,6.66491218422044,-3.04417396692689
HR1676,-0.642717571346889,20.3872242191562,1.34270721680183,-0.992929343369708,-1.28388189951825,-3.50549344217456,2.05668973024402,4.4615430373975,-3.35496194172364,-2.73991905826211
HR1677,30.787334777748,9.0614555713096,-13.2135628406078,5.51589575869796,-2.83379013936692,-10.551501266409,-0.510549364547875,-6.64610424479955,-1.26008077477434,2.98718011718853
HR1678,30.5093225012341,-10.8733227710751,12.2383256160087,2.78662144542218,7.57331153394438,-3.88442669635228,-3.7053013780469,-0.00341710619878098,0.302058763041801,2.37593632651786
HR1679,3.53400807175519,22.1607006567122,-2.09862785293609,-3.91992807734853,1.78018250547735,7.03716267915411,-1.93605171626982,8.55600144344804,1.63440957491534,1.80738443014055
HR1680,26.1366419835211,0.948725974334294,-5.55994339504688,7.6627515540125,-12.986418124121,-12.9922636129292,0.681751404819574,-3.93647860319634,0.16090783405808,3.93923460489485
HR1681,-9.67429182594911,0.0754856185802034,9.99558423341746,6.29558118610412,-0.451316005227277,-0.528059341752211,2.39131285756805,4.17946697015313,-6.02768348444596,-0.850706012936938
HR1682,-20.7379199060106,3.70109080692495,-8.25515824421503,-5.51664861436295,7.08732040220941,-6.64829075402696,-2.83551208184026,-0.513369712231468,-8.77737104531162,5.3543324036633
HR1683,-6.06772853812404,22.8490716063055,4.87328521543206,2.5666230372427,3.34811652530901,1.41931477974512,-8.32638442836462,-0.61240798960802,7.98014360891784,2.19865571623039
HR1684,19.1444986827412,15.5260889271415,18.1581674285452,6.90698904372417,-17.1755292113511,10.8598478855369,-12.9092466134348,-3.42519388468874,2.99757873551471,4.72326623880076
HR1686,-9.75988521372196,2.54563387447359,8.47561115726556,2.16349551925623,-8.52472131100008,-3.17308153736645,1.11736182424841,-2.18623222638924,-3.1917985674171,-6.64496246991791
HR1687,-37.2008129286615,-2.14641853416294,-5.45808722620686,-13.0542536969808,-6.38571346196448,-0.612892670128387,-8.54780302155871,0.3970898494685,-3.02110691855074,-1.25430772442289
HR1688,0.153573229431814,-6.23114837460074,-0.900659514064463,-8.35445612117345,14.5026514900205,-12.4819399528452,0.252711333802656,-0.290495980468531,-3.64090178260476,7.55045316890498
HR1689,-24.0899014685647,-14.0623569950378,-10.5234142222489,-6.63921757758047,-4.63629683277158,-3.57397015661813,-5.88341795718523,-6.08540312929508,-3.64228706162803,-0.377768407227828
HR1690,-5.33657768601876,12.0630960982571,-0.12194501635305,4.63257739634362,2.23397842975904,-5.77127206641258,3.90369166550862,-0.430250099707403,-10.2461911392353,-8.4619202726347
HR1691,-1.97466045118562,-30.9500620057879,-7.97237095526547,-5.42342257964452,5.9798477406859,4.2471201430267,-9.75510243637246,0.46943671045316,4.53157074076985,4.16187844385103
HR1692,-14.3363232590609,-10.7597669431692,9.19435990023782,-6.40523116952494,11.106877929733,2.21772533111942,-0.671996169006677,-1.08535987032854,-1.56434425358255,-1.6733271100533
HR1693,-8.30967849893087,9.11074589823189,-5.30348212423374,-0.0465058294379584,0.515715807824904,-7.91339007355207,-5.86643391796234,1.43413634035767,-3.0340713245864,5.29477179159987
HR1695,7.23932151768898,-1.00092388060982,-14.0221090085614,7.11776543631295,-1.53461902421506,-3.84581334606203,-0.805524093070557,-1.95903164900703,-8.7400603957247,-4.50474617588686
HR1696,-23.397319108995,7.27252426725519,-7.1851071900218,-3.54794912611276,-17.4064889089561,-0.368771830602236,-8.19259007378848,-0.127769719363147,-5.17824028828942,-3.37671618866097
HR1697,-16.7885376494222,-7.39207739432589,-10.8755797955598,-15.3114694983303,-2.45033876863299,-1.8186859508741,-5.5973304346046,-3.13918788336786,-0.934659163046781,-11.3887658818091
HR1698,26.3741274329888,-7.15597412249108,-33.4409474843354,-12.7402605915545,-1.44580800487002,4.3324722718989,2.33397103377951,-0.39779092212608,-5.0128591377897,-4.48908739906924
HR1699,41.399570480682,14.0825240788819,33.2197073890247,-3.74910323921251,-28.7425776978295,-1.4393868228862,1.89801997105802,-0.309982681506424,-13.1554324542441,-9.73539658138921
HR1700,-10.6767909556044,-9.4452766234226,9.92777314392038,4.12657346744324,5.22712625522705,-0.597832783160556,-6.72719564172604,-1.25697438644366,-5.17871639044296,-6.00119265600294
HR1701,17.7472809379537,22.3484878213007,20.6778210942392,-30.8128918155374,-10.3216412818493,7.52756856259753,-12.0322370072368,-15.1406740225391,-6.34249396317128,-18.9043581159893
HR1702,-25.1997558197597,-2.76611632875598,-8.93682944926591,-2.23155996331006,-5.39218904715995,5.56325197573048,-3.6056146537968,-4.53387102201192,3.94204363933745,-6.30890269200103
HR1703,7.16841123970173,-38.4221724930389,14.658792297154,-2.38252767612966,-8.95159838434426,4.38662938885959,-11.7659023851891,11.7867185263723,1.6756994963452,3.03186264078877
HR1704,-21.8756516662787,-11.1185558201396,-14.7911584794936,7.54855234336614,-9.2003038954329,11.0893266438013,-3.65603066593117,-1.4970467581009,2.8839800318687,-1.89250725969147
HR1705,-8.73376440859449,0.287213656878458,13.8102123319489,-0.488896061241589,1.7377398899181,14.2575362801646,-3.69548434722464,-7.69304264716192,-4.26893564825369,2.9535212108378
HR1706,-11.3524998931925,3.42983852307908,2.07975473794486,2.94410560340948,8.79072728979329,2.09127553194735,-0.58980843402267,-1.35308203527544,7.46027773366221,2.44497200251588
HR1707,-18.1033708657761,-10.6560891473736,6.39644685962561,-5.87485662059543,17.8564480007767,-0.896397668704876,6.24422323447864,-3.7885167654104,-3.52389620980525,1.4793010343048
HR1708,8.73607503286028,-4.47949405705217,-14.3353342446632,-10.0536184115689,5.45354369029653,-7.02129212712449,-5.14367246830159,0.926291171065175,-6.47013773842767,6.47447618321983
HR1709,-13.8826183020541,20.8991187051571,-0.520158356352176,-4.49336898991119,-1.76461817582119,0.993080639879079,-6.66469838537311,2.65216756781069,7.021138682443,-0.172554449604626
HR1711,-4.74830412332272,3.31740258784815,1.84113342619924,4.89574873930705,6.95879828102032,1.72962109003594,-6.54821967513335,0.0704129854226417,1.7595076715364,0.723753123004147
HR1712,-19.6070555809331,17.280799718448,4.32900345752056,4.52740778943738,4.91803741397022,0.593307306669445,1.72993753417884,3.12027267952598,0.688100756702054,1.46706735667018
HR1713,-10.226099344034,-31.30159097761,6.71472556607452,-1.28842017570424,11.0482498511821,0.9599962352428,0.954838880020945,-0.496037930088625,3.36874833022781,9.89643092156745
HR1714,11.4039369993592,-20.2270332272086,-15.4878536855746,10.6261546290729,-28.0799792056291,-27.3724079562464,8.60388166032185,0.975932745791894,-17.8424621816428,4.81634094791034
HR1715,11.0695027279815,-12.6964555203872,-7.28761286898061,2.73740508131849,-0.739619916154467,-0.938217831408934,-6.0180549157662,-7.45806054157298,3.7423348361855,3.12147343239131
HR1716,-9.32251982548371,-0.273364804672552,-2.68706946707985,-6.23353145129891,8.62966223078383,2.65805742760379,-1.90091354698991,-1.52085422969555,2.90278224551384,-1.28954540791766
HR1717,-5.40717224491487,-17.4897589105026,1.30160920785312,1.9938256175294,0.440659191483098,1.5301084478059,-0.700899992412252,5.89565941274566,-1.87793139581734,-6.08583108805735
HR1718,-36.7093609721564,-0.0946743967929681,-0.438084187315514,-6.33796473112901,-9.20214021719478,8.1713120427857,-8.03766191294746,3.59643790887551,1.43219893544052,3.68712756773598
HR1719,-3.70064262034412,-36.9904298312048,0.987344312574919,-8.90940207752169,6.64036340341222,3.28915923831363,-6.54349678496478,1.78959666886143,4.88295942792736,9.51995221901466
HR1720,17.8072771541174,21.6898560427118,4.35634646080316,-3.0062426643083,8.59384759556531,-1.34247366779549,0.519738586731962,-0.0126572768665506,1.99726389052387,1.1830245275734
HR1721,31.3149291200966,25.5341046183988,1.09205482109925,-1.66223004764169,10.2670328305926,-5.76370891950769,-14.0787726658881,1.26993126234353,4.66750075562797,4.03504493924692
HR1722,8.73654483524461,-34.5651860826016,4.65680824437737,-3.65013039186842,4.64731125764991,7.67089768805215,-11.091965959003,1.64513452014836,6.00566664622007,-3.10002563123248
HR1723,-18.9700459710853,10.4773833608574,-2.86407621752243,-13.267165532852,-11.869857396477,4.46909651393674,-10.419596945216,2.0506794290702,4.32025360263591,0.0352425552592773
HR1724,-0.59242428912528,9.30004107382682,13.903821345484,-3.83565749375357,15.8373986051439,-4.11587825659869,-8.44169496076991,6.89860475919553,2.79445875716724,-4.39904694542867
HR1725,12.3828960283344,18.6418392837213,-8.81271308211913,1.72011241094709,8.24256677409306,-6.69490156294633,-11.3133797863689,0.354794457490604,8.26326166354515,1.60779694021245
HR1726,5.71429509867326,-3.95486006122419,3.18301731910032,5.33516178493227,16.4744721015209,-0.499636831061007,-8.99579699916096,6.06115296012861,-1.03195361276829,-0.475535374738071
HR1727,-13.4555325951913,15.148984488984,-2.40925611054363,-1.28073263120365,1.66623119510321,2.40505839135436,-13.5698176367411,3.70435642042557,3.17582191494209,1.83458604574316
HR1728,22.7563325839369,22.2338105896471,25.0592312471448,10.9618858656776,-2.00746004225391,-3.41825655718764,-15.97952686783,-1.04425158119887,0.365610097507507,5.63027196019055
HR1729,-3.46382994565778,15.4274788357652,-5.614831124796,-0.277015748303546,6.62355942884178,5.84379020114194,-5.6544769349383,8.57099683225081,4.44158360667601,-2.88439272071958
HR1730,43.3908621664274,-38.0294057781885,-6.99025867204754,4.63735698265822,-6.55272379061647,-1.51117139632695,-0.926281328673456,7.78013543999152,12.5961512432838,0.358025563845527
HR1731,31.9039839616771,-37.6849773699174,10.6216381438671,-2.72761462583158,-5.6838819510727,-3.64615878569648,-8.80017148103019,14.1129228583527,2.34996245521017,-0.262415372828025
HR1732,-37.7556161815636,-7.11831253949389,-1.22335683127069,-6.16298265039493,-6.91270159693523,6.00236782861139,-1.70807927454826,1.41968659271107,-3.96457962082968,3.43240673698763
HR1733,24.7982659624683,-3.94229672785052,-15.9343159785474,0.118686000371884,0.284544044421919,-2.29563527422119,-5.91680114086703,-2.86080945713028,-0.770826624990234,-2.17077372763635
HR1734,-25.0605884467685,-26.8921252790859,-1.94922099330763,0.59075934431851,5.46466852177031,7.98229006007989,-5.83404900618408,4.12826335410096,-3.69354509057787,-2.44499524121271
HR1735,5.27968408205948,12.5022267961144,-5.13979546721796,12.5661278718442,1.38916158800644,5.3017663065766,-5.34758839828344,2.42148130487887,-0.392680065640396,-3.59421795794494
HR1736,27.2927807170538,-23.3344006655032,-3.47254560222263,-7.10210035816888,4.39446536083753,-0.697284327378258,-0.304085614115884,0.243738408088896,-6.01908179997742,-4.74895932591153
HR1737,0.211052372683609,-29.8152725669438,5.99220655521274,5.17655878216472,-3.35818615818488,-0.835436955257196,-5.36709278299824,2.38722111768709,-1.52068416873487,2.45495509647538
HR1738,10.4281557894415,-39.3909042368931,12.442304180221,5.09192028605574,3.4397894590133,0.962161876587355,-5.98742238626596,9.87336021032822,-2.7206064509631,1.24847447419818
HR1739,6.9996880578108,16.8602228451592,4.3519275546195,4.23361247694151,9.70573986330452,0.512467515079903,-8.05992029308851,0.46511383293331,8.58156592412282,5.63807392522457
HR1740,-40.8574817095721,-5.493080543973,2.84840370766353,-14.9201364756561,-20.7521802816279,-0.321194506021444,-11.5717418797293,-3.58547065102425,-0.371011571664984,-1.1578358310839
HR1741,-0.165021274557826,-5.65722217192984,4.09572369407218,17.5515439983261,2.97978588820295,5.1796578883856,-10.4822389429896,-5.54836788853217,2.98238071864425,0.697712800700892
HR1742,-0.828574031388224,-13.7845222248749,-2.14755171336164,3.84460020833736,3.60767735091053,1.89198083242146,-10.8446308399459,-1.91884585993411,3.35295723336267,-3.07235100199158
HR1743,6.81429339283641,19.1317338638848,7.00621954791828,10.6873004348188,7.24262207327249,-5.08033471082344,-14.7467397646272,-4.77413266802151,3.93834936541049,1.28129534747269
HR1744,18.5761461197953,26.8587270360344,-10.0549858986795,-11.0661151017992,10.3941388132145,0.297607870872587,-2.9633122808935,11.8898376328526,-1.13369945334316,-2.56514697701779
HR1745,-20.2166876813396,15.5287294948393,9.26018039805415,-2.98566916323412,-4.96329287791095,-0.836578284310065,-0.324425774132623,-0.308491841875745,8.33647844392411,7.38045853701167
HR1746,12.5481304728594,-34.2315733864708,9.7811444135766,-6.80521449663189,22.6993021030691,1.21923091485805,0.927937901009754,11.1266826041557,7.38352999017976,6.09508297192999
HR1747,0.544555917040999,-19.1950723755628,5.84179594254024,-4.38257674548974,29.9885775713583,-0.787860104232579,2.72322148847368,3.59499783798293,-4.05908524446231,3.27351897464873
HR1748,-14.2121336375764,-21.0965530176525,9.58922709947505,-5.74979374436354,11.520819122165,2.33434289009213,-0.294628954420832,2.53194832349567,4.20418898713062,0.465023029563038
HR1749,-14.8049705509825,18.7221581651634,-4.6122365127548,-3.3054441633501,8.49746389030926,-5.06868179720668,4.57158895018048,2.86094144791358,-12.6581682470357,4.02110816505875
HR1750,-15.8061833146897,-5.83117638916124,-2.26107678347268,8.60880744664601,8.64062039616116,4.18485430401693,3.42525544943163,-1.79840278298388,-2.54339460932868,-1.30083238723752
HR1751,12.9421478612631,16.869512915752,-5.2749062578125,1.89915883686537,-0.348044873070243,-10.772700161332,5.39402268787132,4.50081183478068,0.158715106069435,1.47208428844086
HR1752,14.2077132980321,14.4322442701007,2.99732576264529,18.2301635644057,5.27812058652839,-8.42654258710628,-0.545392321582936,-0.65231314637268,-0.926590897227049,3.18834801555321
HR1753,35.8781966118789,-23.2709547254113,11.8311051338079,9.47690045279042,2.49494062185003,-6.85767627069449,4.15894777067387,1.57574944343652,3.79426593287575,2.47367050360912
HR1755,-5.24229239226357,13.3246014471719,-7.15904629678937,2.59321501935003,-5.41046840465171,0.0604488883155539,1.27223978922665,1.76898731511125,8.95842328814241,5.0844098058273
HR1756,-5.58133875267677,16.8778818344382,14.0345797315463,9.72583270106568,-3.85710345099281,1.86826610870397,-7.0898340557492,-3.54707419562512,7.45003672205386,6.27155436717354
HR1757,-10.1121158593815,17.8458434914902,0.335808954370203,8.54325853278447,5.34296681899614,-2.26767772759036,-1.42155572977976,-2.16702672572887,-2.63194127640431,1.18158926721516
HR1758,-9.44510675605975,16.2993294216727,-9.88686677524761,4.65225531333972,-0.488899599391391,2.59370169261207,-3.40783699706111,8.54477149291582,2.1189725043044,0.67824566356729
HR1759,13.6410010080915,9.46102005777015,-4.20786049252702,24.0679418616197,-8.72793437941921,1.04432072929115,5.12980658978754,1.04420719812886,2.14738524629966,0.333092202240125
HR1760,3.75686197604943,28.3143650761931,13.4054228460651,-3.01985631554536,16.570650945424,1.63387740987437,-6.70007903619082,6.32719645824303,3.37480109804344,3.71132660782748
HR1761,-36.2417056759812,7.28698408491909,-11.6752478530628,2.38758291483406,-4.42226010855468,-0.880872439037821,4.90352126494403,-6.06208526005148,-12.4126255158112,7.37183619460312
HR1762,-9.76943634544176,1.22052709902327,-0.468453247544569,-6.8385612145963,13.4404560876992,-3.80124606850359,3.94332307073545,-5.49135085815238,-4.92218244943447,-3.39943457423815
HR1763,-10.1755959254385,14.3803769912257,6.38814866075608,4.50524577982127,-1.03805765675087,-4.04707269605817,8.0969584600795,-2.34814754873476,4.47003663971623,6.90948376066443
HR1764,42.7197452562338,13.6102578839316,-6.23163558122472,-12.4323426429634,4.43656910786565,3.65075161938518,11.9823344978578,5.18176665013249,-1.0570578936639,1.13384110479851
HR1765,-13.1626364260212,5.46467631010146,2.39321857230653,7.53487595195054,10.4447898561888,-4.36252063720665,5.95146774782182,-10.4104486988504,-0.507257617052257,-2.18328038341681
HR1766,-2.35009660813974,19.0978076001993,-4.9222710712681,0.629083679472621,8.54484925693737,-1.35160511754766,3.12533033209669,-0.980150847529807,7.01162999316061,-0.497611159028957
HR1767,-16.0726766874713,9.32633698244824,3.96596871734364,-2.34124540578925,-7.06032330680939,1.8362536264511,-4.49660151149819,-5.29104989186448,4.83400965970566,-6.95341405313054
HR1768,8.35961851817925,24.5396724254708,4.09601221442824,-6.60914756314081,13.0988342936843,2.07005094423397,-9.64469519851166,6.0243673975307,4.25280272630014,-1.74945054548891
HR1769,-24.6922503317936,4.31383990898531,-2.3050071797694,-2.19918746452196,0.924039802921219,4.17360045898494,-4.01240253142445,1.29322460915798,-2.84077877581653,-1.41987095361467
HR1770,-5.45701406655979,22.4369256343892,3.3653539915024,2.65757398388431,3.52153952621589,-0.0661545168615594,-10.1451687697994,4.69589256575384,6.81090155024418,0.744348110417186
HR1771,21.4507844674743,8.51088576199768,-9.35789167217188,-1.79265173606225,19.4359947985544,-7.96897348657379,-2.29572203247651,2.20926388618131,-11.619463062404,-7.32326719599983
HR1772,14.6285651102531,21.6744308571343,-9.36461310957036,6.08722700295237,16.0098538962831,-2.48036624199499,-4.09805242775113,0.833227739872318,7.35511730189121,1.14013629043776
HR1773,-5.13368858635083,1.78043942828886,-10.3996387953502,-6.73937423265703,5.91140643133658,-5.46489770480663,4.82005028525167,-5.5827790742648,-5.36334329878466,-3.38235295645778
HR1774,-14.1601015407682,18.0169723953897,-2.02268238369257,-6.16968453643958,0.221305593371737,0.265159399438323,12.112661788521,4.10014932835072,5.52901100567295,5.31998816846455
HR1775,11.2847383146348,19.7241436713464,-9.11350453142046,-9.32141301878285,10.9733703508124,-9.78032140846189,0.512933152657234,4.76350734567663,-0.87348058527156,5.48786657639939
HR1776,14.5700293648231,12.9411705285373,-17.0692516536779,-6.14896771065085,4.12133146702368,-10.5360150641287,-2.04521685958819,0.00754351286867562,-4.96593031328884,2.94052147723948
HR1777,0.945840446147848,-21.7033393261812,-10.4920419354274,-4.78865047383155,11.6682348978744,-8.18819911941344,-3.74041986394138,-0.354328497704408,-0.818453956894236,-3.32368358750591
HR1778,-38.0379524123446,-18.5110255608447,8.93877229943628,-15.9094745562656,-8.34214324448024,-11.4627266651528,9.67785429179336,-10.6621027402693,4.49673625827417,-4.24352871258824
HR1779,-41.9835954533892,-8.6125244558184,6.35353415543327,-11.4774903677518,1.49357411937945,-0.135057742332517,0.558084424028424,-4.32916527006117,-2.95043712591897,1.22145952499999
HR1780,-8.84825037683889,-4.0635917973074,2.04604720136196,-10.7921897213187,17.4019686359323,-8.79306710333436,-6.38102982219397,1.29523838853687,-7.00027772789554,3.79911364817136
HR1781,-15.738754118096,0.85657201318398,-3.6517892967551,7.16544946246081,-5.71800019722243,3.66555012302955,6.16925726584952,-2.09242699552131,-1.33085534968375,3.24135903794782
HR1782,46.0829991028964,12.8493110516965,19.374550838613,8.47700942909642,1.29567473406424,-16.0682829909801,-9.1711952118234,-5.99968271050268,6.21722564017377,9.76198779932207
HR1783,23.1229964126725,19.5444474718115,-9.65636232652786,-10.6287059281163,8.94930157852346,-8.30842694410556,1.6033696784071,0.886424843184355,11.0371362338908,1.16921747205644
HR1784,9.67270891714204,5.8671491531541,-17.2424420320049,3.07996220232805,0.538178713134483,-11.8626834565113,-8.50387849507254,-7.44367056334421,-11.6101480531688,7.39858023686082
HR1785,4.78879912438915,-19.1996201611108,22.6108152360572,-8.44511096827447,-11.1806034394221,-11.9886788226377,6.0579246969382,9.5231729123344,-4.37541863220796,-3.49815855989356
HR1786,-10.5095001004691,14.020963576437,4.1930427355827,2.11415571895947,-4.30428409360867,-0.847911159074987,7.20058402303682,2.4015082322181,4.30579761607624,0.126627645380876
HR1787,-22.715295859962,-17.8335573412923,8.07713301047533,-4.65308425527296,1.12233573296667,2.08751261894881,1.91420477941473,-1.61387029441851,2.57701650076448,4.36386155305823
HR1788,-16.7320389888305,20.0743706815176,-5.79354022492445,-7.43004267197791,1.2362319692505,-3.31310104592209,9.90367651917872,3.68319586436964,2.64196735023741,-3.67758584142223
HR1789,-36.398219587571,2.85760283350197,-14.4376780523762,-9.95565101500191,-15.8577831988887,-0.598081596854178,6.45646145181193,-1.93626156036898,1.1980702123279,5.19119624016161
HR1790,4.45247606429937,-0.374202120654277,22.9669783955127,12.4410850874787,5.49292742870566,-2.57630852951367,11.3906620051659,-2.31018730288625,-4.46067896952857,-4.93037253120715
HR1791,-7.37996096876467,-37.1090763069419,8.09995964422146,-7.58740628206271,-3.46895876520485,-13.5194489206709,1.91053322531886,-8.60699623653607,0.888677119161636,11.4942531280258
HR1792,-5.63127369518485,17.8858536500828,15.0433398004107,-12.0487859274517,-3.94737378262551,-15.1921711485212,-0.476445505627564,-8.45359627811739,11.2429799409999,-12.4560762809194
HR1793,-1.15700650395601,20.1165330122082,-3.8370364877746,7.02582402293621,10.4052287679944,-4.23749472428376,6.55424667527486,0.756457466381158,0.385147879452306,2.76626648945977
HR1794,0.203541054233472,10.1638170778529,3.91641496419126,5.74703015169709,0.886437981109583,-11.2557426788047,5.87656179963673,-7.44579696860489,2.81061745415921,7.25185823704644
HR1795,-1.96138100792749,12.7348575094721,1.37705143412422,11.8029958852577,10.1543025295097,5.86947298607511,-1.32226473138697,2.22478183300148,6.9481897208187,-2.03775486185735
HR1796,17.678425673831,-26.39175366809,10.2012673511225,-6.79950305923738,8.42108816339973,8.90745736636812,0.629072625691904,3.78888215390124,2.21138709072913,-3.76826672794001
HR1798,2.04037442519057,-1.59991535248723,-19.3883843728755,3.67692869507114,-6.85186075685386,0.787412825389002,-3.45044040705426,3.5298863221499,1.76267152281367,-3.37770217929586
HR1799,11.7156385623507,17.6380372393607,-5.45064915471396,3.01261930842465,0.989278207078885,-5.5103708166487,-0.689559392093658,4.91403822149829,0.676880015572536,-0.144482235281726
HR1800,-15.5470229225708,17.7925700742309,15.391547895353,1.06631474985085,-11.1141058863182,-2.75516837993862,4.99241020022764,3.68591360584428,0.474494056746173,-4.48594958359409
HR1801,20.1987807334236,-54.6681716719511,-22.6935546896313,-9.79377186869369,0.649855814966721,-4.97535339175628,9.52932238431603,9.35992073607069,3.27383982157597,-2.91012686689197
HR1802,4.47311060731112,6.49893903195915,-8.4970840276754,8.24692582604908,2.50284027579112,1.65092117465877,11.1376583133912,-2.22069680941676,1.22449751108279,-5.20546531385095
HR1804,58.0928071066737,5.46257273092607,-1.17703780053378,-13.0960690469156,-6.81238704414396,-1.7213873425738,1.23173184655819,-2.6610739443685,6.6348938725779,12.5028060333294
HR1805,15.0689796887346,-33.8660288330872,6.11827760746175,3.36616689938025,-5.62975983699313,-2.76677166423092,-2.64437176193235,0.811416323990656,3.59619126345094,2.96653130159131
HR1806,8.31506235896125,7.16574506848397,13.1075112157712,-2.70265703385886,-1.42390735248867,7.18042236463263,-0.427984473853607,-5.26133843393061,-1.34265155032616,-0.95590157622284
HR1807,2.40257197423248,-0.0778933205073397,7.2934087199296,2.81770652266439,5.84628129386813,2.1790903989374,1.61328335573992,-3.02489488108654,-0.419838659065819,-2.8164153399731
HR1808,6.13710240923317,-12.7923890877186,-28.0280291579611,-5.45331277237525,-2.41233173777775,-7.51476364320146,8.62103180923225,-5.3151683078881,-3.863317952934,1.30420708319556
HR1809,23.4607800601585,-11.6149314175624,24.7079917346445,-0.911642845001178,3.23346334372021,-0.332971625177857,4.97266118612167,8.33883023700483,-9.28422977050163,-5.95300622695168
HR1810,16.1884866063743,-7.75064056952959,17.3596773130723,5.29360300043059,7.96059760071377,-3.35293584496676,3.28850582019305,-4.73723322665383,0.0883527456760755,-1.74924427837976
HR1811,-6.26958878858838,21.4093268982739,4.49163457968083,-1.72176307867649,1.11401977154284,-5.17037579333177,3.35954118655273,-2.49408837280147,3.23493803895714,-9.08886996945871
HR1812,6.36830423125957,-24.9829366758091,3.7376118482001,-4.7935837953613,1.287036262665,8.62576446023454,-2.09162897457526,-6.84561220903685,-5.25659532873069,1.03812597730968
HR1813,-12.36305285432,14.2135617445354,-2.71016233150749,1.13801387161639,-9.89470210352481,2.34288387335688,-1.83007767135978,0.63312856813117,-0.339806018240572,1.18956103881188
HR1814,23.4507438338924,-13.6068785115229,4.13961752127346,6.82412130626988,2.89785762475432,-3.56264085483118,-6.68269638407642,1.31025857046355,4.69875736947163,-7.5425795771009
HR1815,-10.9493506168959,-12.2370121507899,-1.2948296024788,1.55479422130756,16.1324592632659,-1.18707462227476,-2.1651321909238,-2.97138240573778,3.97869793187098,-3.16084075658986
HR1816,11.6611835436521,-8.60198416978474,11.5930283679713,15.5735043003069,-6.71548384090149,-11.0345353835747,-2.65679929221741,2.40087463197047,-2.26214541807158,-3.79162039701281
HR1817,-5.1613997899093,-32.2520551949718,8.31832273598318,-0.42501137549581,17.8212195037957,-3.85607605209451,-0.636317131019872,3.08997965852982,-1.39472960094561,3.8280100242891
HR1818,56.7959311746543,-12.937173432321,-22.5593100067769,-16.0571243702454,-1.74354828461049,-3.34148984809921,-1.34202019386762,-7.93432087007477,-2.86860796591924,8.5346393619055
HR1819,6.61131044647159,-6.44422581510264,4.08765689731768,8.48458051363909,-6.76996701064829,0.789027799306722,-1.39026426193373,-4.06765091974892,0.0670691993261152,-3.82674561630522
HR1820,13.6102120229848,10.8981870602223,-10.6635605750799,-0.40934807849207,10.7984260506095,-4.42725444069005,0.287352880265013,2.00816338737071,-1.72740236164517,-3.86714541307461
HR1821,45.3335279147431,24.2988774357021,1.46361186033065,-11.0862070961292,8.35353191806061,9.83324282741496,-2.54848188641722,-2.61477269749406,-4.94808509405935,-2.05370633637922
HR1822,5.2764169458564,-18.0909721872487,14.709938874657,0.0649762233204384,8.17101593405077,1.38554430513765,-0.327746373736107,2.90233743389027,6.54634667966163,-2.58316702467723
HR1823,-10.3885375104312,10.7791169225788,-5.63094272751711,8.57240569698592,-2.06024933184299,-3.59627859422399,4.21247825107148,-3.67700601573457,6.67616925274806,0.298116282008803
HR1824,55.0014966135328,0.886387761052477,-4.12750493720815,-15.0737951570086,-10.4134924139863,-22.5088440241271,-5.78533123236369,-4.62680106712157,-1.28832601753177,8.13679318713207
HR1825,30.8350929863085,13.0471414053256,-2.20731859441361,8.28127562366113,3.47889866459254,-8.23075326233298,-3.43218387840116,-6.04507797796101,8.83376707802522,3.80109264005273
HR1826,3.96930329885129,10.1157720287656,-1.18178140185329,4.92104945156832,14.0756528342818,0.443968479776692,-2.21821916677765,-2.18442457695879,5.37207951252495,-0.801673419298803
HR1827,4.53922802496437,-1.60419181230789,5.76962306975716,9.68024861022706,1.47228470980096,2.87507266366791,-3.33259801012795,-3.76316142910914,-3.33349760732965,-2.79910804796633
HR1828,5.82920467183006,4.62011083634132,13.9909245088625,7.18335823260936,2.57757615730291,-7.33392881372736,-10.9200828092214,-6.88416994312335,-5.46884796773824,3.47345144477575
HR1829,56.9470323325303,-2.19402205720842,3.40823124100738,-4.27075568599621,-20.7252638585581,-2.96628013468992,-0.660556598288248,-2.40203834978924,9.53671562338258,7.89357730329517
HR1831,1.16763488982536,-0.403291991736144,0.623495221397138,1.88354871188521,-2.3240060209069,15.9389270147167,1.44087311434892,-10.6937395867267,-6.51093889931028,-4.91179865302077
HR1832,3.49514337744439,8.5990833665354,-15.9265429014859,14.6782788728673,3.90785580309466,2.00184365666959,0.832401241882488,-5.28906578616142,6.81596971902767,-1.82290453509577
HR1833,-4.33491292871416,-19.4518456259862,5.65608625903989,9.22839599073323,-6.23795268923044,-4.54204137127563,1.764697763452,0.73875790213913,-2.89940622923542,-3.62574333481649
HR1834,56.9085411221675,-0.291060825224437,-8.98221789452825,-1.62136449378439,6.84821107369546,5.9011639670524,4.01664729496253,-4.28167749301979,3.49986071407899,-0.445617113942783
HR1835,1.59962435704939,9.17504240793494,-13.1979244351891,-0.605259707063216,1.21845511837485,-12.7539585281476,-1.16779400084374,-1.5184301193915,-11.8723363391077,8.60817272345216
HR1836,45.1334276212844,-52.384497823535,-18.3153678172205,-10.2204033288888,-9.45193888485945,-5.65116001297545,5.003276086888,10.0737014845859,7.27394392108671,1.63314759325325
HR1837,31.2063985008002,13.8011079670558,32.8279986870594,-0.204687262640232,-12.942207097722,17.2892131421477,-0.669926016640415,-5.74159116185636,-7.27044937962242,0.181817355573429
HR1838,22.9682358272824,19.1186988679654,0.221293736513976,6.71755070796459,6.68444564667111,-9.59684171574557,0.142123273600199,-0.245761654400937,0.489410988252235,1.54065254170076
HR1839,57.5321441940016,13.8097465149912,-4.78075071953461,0.93686601640937,-7.34736484628252,-2.44336364035817,-0.109128939358797,3.21602974280985,5.17888748629303,-1.46599857606965
HR1840,0.432616057513051,-5.90102307808471,9.35260065842091,7.99216488787438,-6.66091651661728,-2.14209911186196,3.50341243897001,3.26862703061478,-3.50943520578909,-5.01384762930167
HR1841,-22.6516561011378,15.6150177411765,0.928642865790841,3.80481829854402,-3.89479672506268,1.00973188198123,3.34019438724065,1.20797615493854,2.34945496980738,3.69471501744188
HR1842,-14.578248985661,7.94298788579619,-3.13868199683283,5.29045866728652,-4.70023769986697,2.02869258278271,5.21807078802242,-4.51229244853585,-2.79185765925646,-1.74098093456036
HR1843,-11.4063420244325,-4.88395009385711,9.49349784567227,3.47973279913158,1.81550216167278,-7.40223270790521,6.34898891665058,-6.22456158711145,-0.588592638649346,-2.01867411152864
HR1844,2.59259444619401,-19.9991657454135,12.3264084528511,5.37287545720561,-4.14297731633299,-5.28061232518369,2.33858886528138,4.22560207769153,-4.84827773283506,-2.98992718555722
HR1846,10.4125010071558,-1.22073401339973,-6.1865399077992,4.1873663558912,10.9138734362369,-7.02643838198306,-5.74391636932335,-6.7667964950486,-3.65966135983022,0.0956517929608942
HR1847,3.92398612847315,14.2497704948804,-17.3410009447918,4.76593512458819,-7.48895697991979,-1.1206531673379,-3.1702903273598,-0.330522054174434,3.75514459760161,-4.44736034353833
HR1848,19.0816354108445,12.5319208576418,8.59052175236593,-4.84077456582891,-0.655843392216589,-14.2430390029969,-14.4527190748704,-4.21196390994334,-1.81243122826375,-0.31824983290262
HR1849,-30.8664474666347,-19.7237403388998,5.12795102652788,-11.5921156767987,-3.55491140422397,-3.53590996496272,2.70443717917126,-8.72066914181482,-3.85381935991729,3.64499678305858
HR1850,6.0132620053819,-18.1769361946915,-13.6093012427478,-1.53051722020688,4.68936829925742,-6.8677166868455,-1.1964087553384,-1.5636470347325,-2.7017917308817,-2.86005874460135
HR1851,26.1289772109352,-33.5552079038542,16.9191704691174,8.35072345990047,-3.22763592139171,-2.43366018968037,-2.01523945132904,3.28212630689095,3.51151412026541,-2.96956245541769
HR1852,17.8653538569495,14.4687175300985,8.24822001039749,4.12605140019676,-3.46734979359209,-6.82365041186146,-7.73540955364442,-3.90174177574945,3.96077101259542,3.10621094438935
HR1854,21.5350186591841,1.3511952846689,-1.36291690284472,12.7493765411642,-6.09931763347533,-7.2248963218346,-1.86016352681397,-1.63186807796047,-0.532883049390227,1.46267123956987
HR1855,24.9678681703386,20.1148844297029,-2.7302527697095,0.694646714328087,5.8260691196661,-1.30469836289545,-1.04490765745281,-6.2718929181888,-6.02941267404234,-1.46152574597872
HR1856,24.8049671736176,-8.28797706325598,-19.0031573730929,2.24266712226903,0.382475141852908,-8.37787829042739,-4.76695544902978,12.4177312376478,-5.77822280696511,-3.3416742228771
HR1857,1.40367073597667,12.3029841493589,-6.78500157643363,2.72850600568085,-1.10961749976266,-0.112094180070613,-3.93742503027735,1.46510897884423,-6.06409092151915,-1.98095341586283
HR1858,21.3142907647924,1.14332900726167,6.207813910907,10.2088098778748,0.816188276341174,-7.63275651441151,-12.9709701265436,-10.168576372982,-2.45586493962119,5.51894950085823
HR1859,22.215964581913,-5.25094897068207,-2.10174000008555,9.63456377515492,12.1484175551226,-0.591426662057752,-2.76872828456016,1.35465158612778,-2.82580612402969,-8.71644125309494
HR1860,51.9279192502074,8.06166163424704,-27.4491594716793,-15.2798260121386,4.15568504111891,3.9584726687849,-4.14211085217472,5.09555291597969,0.646260097371907,1.93500450728652
HR1862,37.0793514179355,0.532485197423774,11.9793954552977,8.90026590804929,-7.64088660825889,3.71383923073081,-3.68147701960057,-4.60615705299259,1.88874808941141,-0.809979060337533
HR1863,43.1147369785009,-19.1060095773255,-32.1325017372276,0.109070397634689,-15.9734609757254,-4.47901661136503,-2.53023788182935,-3.40901604114105,4.64564681954141,-3.15301186905738
HR1864,39.420919087696,-17.3579783369445,-3.93322856243578,2.43827945569511,0.95520931271459,-10.4713231074429,3.08294936408543,7.88684878730733,-8.38324150112837,-0.978985274721185
HR1865,24.5843852822627,-10.1571258638746,-4.02452461172257,0.525280439368602,6.34264289340787,-21.414481160366,-12.0487262183536,-6.37552917309362,-13.6398242864696,11.55242110885
HR1866,13.7343350388957,13.3501579283704,-13.7757508095608,11.6821486311306,3.08305293862861,-10.0353073022896,2.82080579304549,-0.0848600151676691,5.0043700368956,0.709474758348162
HR1867,39.8599414206746,20.0733145327609,30.1347860015111,8.2003815970922,-5.89977002902984,10.367317501807,-3.95063999440385,-7.76779482116859,-1.17256663484412,1.73206912096242
HR1868,42.348442664295,16.42814659761,21.5470306333126,-4.08767946535322,-4.68739967804654,21.3375874540846,-6.91345147770551,-10.2292337685691,-0.27952755954579,0.198510984500449
HR1869,2.56168589100844,20.8685699886127,20.5264218382171,11.6361586217476,-2.16940794976377,-3.82978221435356,-10.1040096854805,-5.20732358332986,6.949769540399,5.38700956190994
HR1871,-16.7932266181307,10.4870507645137,-1.2542042125465,-18.2102268015863,-14.2169738497041,-5.15445962520793,-2.00414480200119,-5.58852206480248,12.0730511792321,-9.03957161528598
HR1872,-5.26186067285714,-7.0344605909019,-10.9286667869687,9.61327905810558,9.5777663994359,2.94262118077248,8.12919798423428,-3.5228793879495,7.0254624865594,-2.88461575088042
HR1873,-28.9049570324707,-14.976584558105,0.729208645979496,4.23892388138317,3.66148154374398,6.24481785524133,0.0107710307298777,-0.944649090458185,-2.87865666059949,-0.548432454976037
HR1874,10.0409560954432,1.89943363099221,-12.7865425423724,5.1428170332567,16.629392246029,0.981153470926793,3.83352834167291,0.71198363084672,-0.473806978560352,-6.71694973125713
HR1875,-21.1662193858216,-22.5637532319736,10.9020636379726,-7.13888323207875,-2.32956754427966,-0.992031506663795,-2.4356732973409,1.77278928142918,-4.16451059481446,0.0962126446523718
HR1876,-12.4450790320523,10.4940004743824,3.71705094279269,-9.39142955987812,-15.8668640089364,-8.62972987786582,-1.10522315498538,6.35433133359673,-5.17475552612539,-4.37395968600909
HR1877,-26.3346617397684,-3.68451393605667,-1.9421173102294,16.4512995907597,4.53092495928999,1.71654192480112,8.30310945582694,-10.3139188081804,-7.3041783531955,1.04553778175566
HR1878,36.8306882869648,13.8547114894522,1.87956556045661,-8.25554226346317,18.0215043453849,8.02873269200598,-3.21853521346141,-5.4837295144951,-4.24432483337019,-0.0813413237257421
HR1879,-10.0947592588163,-14.3804812599172,3.65590757012597,4.40600250540373,5.22817441282987,9.06581824026355,9.20744015708326,-1.84241495532441,-2.77243406744208,-4.56659341206771
HR1880,-32.6738794132615,-15.9045966042557,-16.1939795341341,5.43361246997067,-3.54164050821309,5.93196204721515,6.8884224232549,-2.77340368805421,-1.95304531226818,1.75577770203036
HR1881,1.89720091594105,17.1965666366912,-10.2045311144092,-3.95593530358199,3.57329750593302,2.0058033829933,-1.68504863412394,2.71501191270163,7.65855403991903,-4.19698737939174
HR1882,-19.4504666710305,-18.9199918057758,9.94680984215164,-14.437185012787,-7.0361018385565,-7.86821269904896,3.30201617772173,-2.55459564115976,2.35003399006658,2.91226575685706
HR1883,2.12986723527117,-33.3559185253377,12.0607814501272,9.33246298932489,0.115918715057812,0.416044225726205,-3.24839131415846,2.44075262988809,-0.909457123298693,3.52389027681898
HR1884,5.74007852885493,19.6153459766381,8.52266509062292,9.1208032220855,-7.8979990679381,12.1176320599569,-4.94448340998624,-1.05228453007754,-6.15760678226111,-5.68678611194484
HR5019,-23.6470689855898,14.367823199094,-5.41104130743823,-7.78043013887792,-5.00162559177934,2.02678738361835,-3.56638495972659,1.38334170744019,3.76483585727603,0.0669611453207506
HR5103,7.48857002958325,-14.1426893058206,10.2725459910549,-1.6126766449141,15.1377258447488,-4.75261437861044,3.62738222228809,-6.25298378646878,-6.80630997925413,-2.28927728170056
HR5109,-23.8943670138169,21.8484160086042,-0.836718590664386,2.33381090395854,7.2463962973846,4.26449881718392,1.91684542816961,5.22426645915283,2.1679481703068,4.03752416730701
HR5111,-1.49407244541888,21.6533187681702,2.14221446249533,4.88875566659965,4.29737674727916,-0.145197771786279,4.29576832314847,3.03237581888766,6.25949885280935,2.75641446570446
HR5117,-38.4909748908362,5.01664478525646,3.47076925540068,-10.4018799664725,-2.70218312343093,-4.62619749251597,-0.946806383623182,-6.13000630956394,-6.00269262323259,3.59309967625287
HR5147,-16.4413081698133,14.4617660730668,5.93450769208354,10.9086583907251,-6.58972982310944,-1.33704908112548,14.1593888266855,1.0669826949914,-13.0307750831684,0.582018370550208
HR5148,1.14119941546175,-11.3191473965477,-9.92424348960636,13.2081746516799,3.21866276601918,7.84719626758781,-8.16382492950318,0.417441193154457,-2.43130759645415,-4.59811117961132
HR5165,-4.24721582728986,12.1757399842275,-18.9671706127283,-0.323567062906595,-0.600438073608357,1.65537685567205,1.78286507344412,3.88384721268047,-2.20426287371413,2.82403880639397
HR5168,61.539967666976,-3.50925358868959,10.8263828945294,-0.867814640983703,-14.2477009780239,27.1236667269439,-11.2236577526018,-8.81037264706512,-1.22512395365845,6.50584537085657
HR5170,12.8225340462361,18.1982946239695,1.72989674359092,14.5174416268414,-4.83244991751027,-3.29281606788707,-0.682617819529387,3.80672188642673,8.88926508376349,2.41524848921786
HR5172,3.81712905898678,-5.22829940226629,-7.02063593352331,6.96814418361782,5.94556178904772,5.10312083862676,-2.55518240158375,-0.926776920305124,11.0417197863952,0.664472586546588
HR5179,83.7175358271887,20.5330631263948,2.91572293874392,-19.0978906552116,-1.53509513389707,28.1861569616825,6.56116546359789,-6.61622369217362,-5.83361740221839,5.42179560498193
HR5206,-19.4755289710841,15.4004776113877,4.30918594519282,-14.6554553164791,-7.67162575346538,-1.51608581790992,-5.25149674459037,-2.90913157390751,8.92308913317636,-4.64389711074427
HR5212,-18.1587837768534,-24.7399181059028,4.89698253947489,-24.1804212988526,2.74071003742573,-4.71487510778725,4.42038799729953,-7.29245830841106,10.9625274579073,-2.74694002011738
HR5218,-6.58144034461832,8.55047903884314,23.8312372611256,-2.04579796848227,-29.4226787433547,-10.5959772184707,5.08730381671703,16.9559717883784,-9.40657314844704,1.92533915927956
HR5236,-8.403912989865,-28.8352493721437,5.76836961138231,3.7119658406406,-2.06127713794782,-3.15896255329394,3.93578248673331,-9.61912953762936,1.82495481344098,2.87611799912958
HR5238,-1.49353824108845,-19.6568526336109,-6.71483857655466,2.40176625668418,12.2630064620599,2.10144665204346,7.38715624680627,1.2167342198172,1.68570096731987,-2.58201219457007
HR5239,46.3434334141232,-32.5162051039746,2.49539907501551,-9.85104462759829,2.54350585019798,0.300845912058297,8.77374341756755,5.39412796434877,2.29910169273302,-2.6395681298312
HR5240,-6.75375923330536,-9.17959299626968,21.6437175202728,1.67942686264931,2.44448248158233,-3.30863022712766,2.34089144826843,1.18394307165652,1.34358198808752,0.839432769860765
HR5241,0.601345822827072,22.3400795959514,-3.8367290444692,1.14417589505415,4.85019336689961,4.93558681944343,-2.81670378087628,1.43998126321839,4.22969289088032,-2.76414145704978
HR5243,-32.521427710792,-4.00684721661654,15.3888212963351,-8.91030973745089,-3.83105652893155,-4.25333798687881,10.098093352058,-5.03295127807343,2.08459649368539,4.63886135446313
HR5244,-24.2779727371858,-24.5760717756906,12.3379645404105,-16.9689774370987,-2.330426801119,-4.07135715945658,4.72187479975928,-3.69380760378327,6.36734278455109,-0.591035233893175
HR5245,-14.1195964583729,10.2022109105782,2.11776009867273,0.466561901761206,-1.39339864139813,3.72891858490152,-2.02392437215786,6.35070805929572,2.56185869432767,1.25537311516463
HR5246,-6.5360460954733,9.76468584367077,5.73833058087544,11.074667390415,-2.13775642143858,-0.174700577332224,3.28572196371517,-2.92366832389536,-3.80996439731412,0.5835187790765
HR5247,15.2059382761356,-7.98754346296899,11.9780924668707,17.0057279633977,-6.31094682331459,-6.44847515918343,4.39612209599081,2.21069568354965,0.714985827910283,-2.55661278555182
HR5248,-18.2729219589257,6.58373510722518,-3.34040592665434,9.90020456536618,-3.29841779758956,6.63972817631234,-6.9806942284699,1.08394153967906,-1.59548494467837,3.0774569567336
HR5250,3.55784612772854,13.0215103450778,25.4179185499661,-14.7628727778441,-20.4880568176293,-20.4221379230323,-3.61529405580404,2.12003461899355,8.24126101534923,-10.4947394957005
HR5253,2.08623426972929,10.3500341073387,-9.09792565898952,3.81441880385958,4.07339826286786,0.569032622818676,4.59300111219743,-1.85729665098934,-0.461823960130775,-2.34007732458039
HR5255,-22.6911534911235,10.6868587471535,-7.01018445945926,6.69100261055205,-6.89360164333949,-0.273999977684557,3.54996562416121,0.864002786613761,0.705159931100032,5.82030030116149
HR5257,-20.145256705489,-14.8569441767398,1.81688140442198,-1.88764742596028,3.89147028271017,3.06081745630378,4.43156111566683,-3.83629164477338,3.91636295419318,2.94510335185885
HR5259,-21.9427447567034,15.1703578556448,-6.60157348984256,11.4873491798581,-6.20205648044209,13.1026215066261,-4.08035039635159,2.95605103452543,-3.5982608461608,0.80041825373177
HR5260,-9.5899049241023,15.75759710998,-9.49656850906187,16.2550965454533,0.420951474516449,10.020843341949,-5.50950118169392,6.81256347965683,-4.70549131471556,-7.20854538538907
HR5263,-34.2024960316059,18.9444491644557,6.8145643511734,-4.99016319444498,1.92879384636546,2.78763351494212,8.85333752651693,3.7573071802161,3.80878214696887,6.62858884764993
HR5266,-8.56328796267844,-18.4787092437881,-2.16258106944122,3.81532222108939,18.9150321355607,6.35464103920398,2.36551685872157,-2.74147670139697,0.299328114758803,1.78588621052547
HR5267,-16.5257214117048,16.3788890733658,-10.0038007721521,4.42618023648148,0.0125153775512871,5.51333365087719,4.78147690755087,1.0164666934909,-1.89779630997329,1.4081297751606
HR5270,17.4406951983987,-25.3262401132011,8.09019701993286,0.58279699650531,2.59014341302234,-6.66421872598359,2.68938726851555,3.52670916796793,2.80014944797631,1.12336364887395
HR5271,-22.3177748286608,10.8347894497075,1.74089098543944,15.5136310144502,-13.0692709729334,3.41550152059405,11.1009004131477,6.26486580861919,-3.08749411327008,2.15691569752226
HR5272,-19.0134375894278,15.3780683578222,-15.8416098706652,12.345366114063,-2.55184832349022,6.0199478884878,13.3264128903746,-1.90061627811929,3.5302768533503,-4.06510485279115
HR5273,-17.9227925573759,5.65301028451524,-13.2114669218534,11.5662445926291,-14.2243705311156,0.299405908271658,-8.8240099294989,-3.32433468967191,-4.02844521451622,-1.83293973723677
HR5274,-34.0146543828607,4.20410958328054,5.00686146811654,-18.4721761409991,-2.29980897886501,-5.80947503518224,6.43584136331417,-9.78104549991775,9.81206111701545,-13.8873172368489
HR5275,58.4056985022214,9.77155937459334,38.2948282115596,-3.85951527589619,-6.54567888681589,20.3641297700282,-0.518047569071733,-14.1769423442998,-5.62328223995447,-0.911573230407692
HR5276,20.1328252741162,-9.14826433556769,29.6599680344023,17.8813526506303,1.79231129804485,-7.3908347232647,5.26850712994565,5.04864309953621,0.308503032887383,-2.997252440084
HR5277,-26.3467433907267,15.0495551545913,7.36214168745957,2.61688443820182,1.67902895394035,-0.289818786678966,9.61109828102153,-0.860571411082292,-2.18705677513402,0.558926250462027
HR5278,39.7393413946824,4.61793777940062,-38.0985482842701,-16.0041599732736,-9.79738564584187,4.23110389792868,1.4967741174139,7.68958250975487,0.473113017989443,5.32351487610848
HR5279,-10.736538221229,9.16374800705387,2.28272867229071,4.34133807323692,14.4674673934997,3.55270562722765,-3.3410346391932,-0.0837272765253305,2.50809741383144,-5.17320205318734
HR5280,-46.7482073057865,14.8420996207816,7.18818140294426,-13.5129054077266,-7.42214832590565,-1.71770030954852,7.88092359138293,1.6213491684086,1.198761314703,3.57197976743013
HR5282,-5.89117220667129,-28.2422933813959,15.8683695559253,-7.24785198207902,6.1422884713167,3.93476114267605,2.02597072765604,6.2906247498754,7.61543424385133,6.8162453760474
HR5283,22.2802926134313,6.4966462462997,-10.225662955156,18.2416637148233,-11.8015621692033,-2.3313721906676,1.7312512447338,1.36520437221332,6.37568053465894,-3.5880665691247
HR5285,95.2529402185816,21.3487366465588,9.57295455953418,-18.1080261796059,-3.50381808667517,20.7718692625265,2.1217520136961,-10.5240317546116,-6.30888884275173,3.39006160554404
HR5286,8.56239156765873,20.8111772680564,6.11980410280158,-13.8891682198316,-2.51556143301806,-2.26517909907934,5.36409415927796,3.60375599393156,-3.36958211383862,-3.47322541236417
HR5287,80.0190443432768,14.153785822885,32.1272950731134,-3.57734333622902,-11.4184149342602,16.7780860846461,2.75211839072679,-11.3154681411594,0.160694584598336,4.73782572158871
HR5289,30.7689941449783,28.2483697809743,4.47727697013381,-13.6035860520872,6.71915417693498,10.5031370902685,0.407756988805219,9.08247161326261,-0.941259360910053,-1.01123287219356
HR5292,-23.9648877750297,2.94012678313182,12.6304275969203,-8.39554064364992,-13.4635534638743,0.587134141279043,-4.82501642818659,-2.10866221391732,6.13757595941365,-5.18451116334553
HR5293,-11.1446903561526,8.66223892106277,-16.7221518237226,-3.28413964120231,9.48683615804824,-6.39382316622016,-8.44962804231407,1.54465623365542,-7.61727517965064,-3.43683598441103
HR5295,-5.06578702732955,0.381461119921568,-15.7084288313275,-16.2507893834622,2.29163534409828,-8.6835301664971,-1.76547313775235,-2.87412847290036,-6.48144611986165,-9.41282823705101
HR5296,-8.6336135292811,0.768913785132896,18.1977199481277,4.2124603829153,-14.3715254637731,5.84772073894807,0.261423216370957,8.7729321380583,-4.35391874183583,-0.0803662709441804
HR5298,-26.0221060019292,-21.6514689378173,-3.5515131825905,-0.753771459643698,11.1303983173282,7.29211527579046,-4.59108090777463,2.49356930083437,-0.301665151849159,-0.528535703008812
HR5299,-25.8796706197186,14.8750793963267,-8.56324228867183,1.59827185988044,-3.9057518205271,6.95678817673539,1.92408276284547,4.13789836041064,5.52403062141117,1.9143503435649
HR5300,-7.62890613119637,7.67562416064721,20.7124095051945,15.4284260329992,-23.4007333025915,-2.23928802163992,4.84841718992002,8.8768476091002,-8.8012223935853,-1.07795626132448
HR5301,-13.8062073569765,19.5446278186046,7.17237273926915,-15.4761424848679,0.116652935698701,2.86167546207253,-4.45339714130555,4.12765072439532,6.45172596267928,1.11507449199046
HR5303,-17.4033004336435,-24.9765352775493,9.93438874474294,-6.64528175749564,13.826549887946,6.61747551916166,3.48517401294833,2.554724280797,3.79464447260271,1.42525068348996
HR5314,-32.8708457150287,17.662499493145,16.3971881312382,-25.5200573571299,-0.024107375974077,-4.37217693508857,5.23834735530987,-1.5071725865002,8.18134370888799,-7.07370491627826
HR5316,-5.94227622840302,18.4606762463819,0.900856840325431,0.468146543736488,9.2914716567981,-7.32124621566445,6.10419421719318,-3.63881518911414,3.13294934155241,4.0678517094268
HR5317,5.66786587831562,-11.6933692562851,9.49747360622523,-3.22664002902917,-3.27666127834468,-4.98592105467678,14.9652945106465,-1.48183009739138,8.10269542582892,-2.82783865024708
HR5318,-11.6943723015308,26.4229372026773,8.95998440008022,-23.1740553945251,8.12242970445618,2.32072217211634,3.9002641962503,7.19495991943341,0.709423238040494,1.8305662263581
HR5319,12.4324999503201,-1.69980802155633,-19.3278800883344,8.08158433253873,-8.11415639094753,1.83630281331276,7.61005216083222,-5.5013574737441,11.0051723871752,-5.2345540272775
HR5322,33.8428050053598,14.1353281116959,-15.1368589524801,2.44455023169384,-6.55126976552126,-11.6622498164199,3.18473344076514,3.36411645115593,9.99041235782644,2.17452371594754
HR5324,23.8829222564292,13.4285765302192,2.46578317396768,7.60442457021567,4.79337285113669,-12.6221054499134,-6.85297321396922,-2.27741878748706,4.67520055513661,3.66808408773111
HR5325,33.7551614136584,17.0066508786473,-16.0027808272443,-1.19350188966268,4.20975636730232,-10.6569909518327,1.92022780704163,7.70741732851274,1.39224013324559,0.00388780447667078
HR5333,54.6288277685612,-19.6438746499163,-24.3888794831811,-12.1660144641674,-5.95079974310161,-6.86437675195726,4.27582046081564,0.383713990818604,-1.77160578804878,5.50112872355646
HR5334,5.05018862819725,-8.75602155315762,7.32674066523718,23.0904923481654,-7.86635748179825,0.673001547569667,9.42400049763992,4.617250436752,1.01275934977304,-5.01656682925745
HR5335,-13.3569988248592,6.43070737195437,-0.955680522483425,-10.3237103116155,5.45499727218277,0.726938921834731,1.98983292637154,3.25183666256857,4.29700979338712,-3.92421748538171
HR5336,-12.2843432306549,27.5158751277799,13.5345284503788,-1.48650771957098,14.71840782971,-1.69490709101353,4.38865754383024,5.11401868947969,4.60327495765451,5.5273989108819
HR5337,61.7899287298725,23.517151014999,12.7200428357058,-20.586983728984,-3.35370946659301,21.2645671365521,11.2461838892879,-1.02759938957579,-1.56849272192321,1.87946138201833
HR5341,-24.5770460701996,-2.77729883679061,4.81991745541384,5.44089076383046,7.01760869523689,0.879934508193596,10.9621671078766,1.55590489696563,0.109013358156903,1.84120901998818
HR5342,-21.4567833288053,8.54096314055027,11.765230088197,-0.392595063105375,6.9346697574613,2.01628040161264,5.14585199798322,-1.36885550885792,7.67716773589003,6.05098534676149
HR5343,62.9494938041049,8.47113531994315,12.2813005234696,-16.8971056670036,0.58997542747296,25.9144700089471,8.66812583987128,-5.02266710625668,-6.84236237624933,-1.85357838695082
HR5344,60.479256180357,-4.45777313212538,33.8097398178698,-5.62752578030963,-3.40130006392323,16.9228533892521,5.39906776595638,-16.6365679132336,1.24746043697025,12.8152782963187
HR5345,31.6213422993704,22.6688268272611,7.05326397334796,-22.9848357950789,1.61204373321912,17.8787314233316,13.0310716329467,-6.52397715257135,-7.47558378236388,1.63618284739488
HR5348,-4.91526175864461,-17.7259565268884,-4.41237747516369,7.07452151405481,10.7772731911726,7.45792802314709,-5.0440456442081,-4.22113500420878,0.843578894261745,-1.95122584104295
HR5349,-2.28821089793629,4.07713666142367,-0.373266186156456,7.50397021842128,8.41776465809393,0.78226441141213,10.8574389227065,-4.12350613741991,-1.29325482919288,-2.81731084743476
HR5350,-7.57754449997945,11.9809652178311,-1.89319946629725,4.11571796087772,-10.3420820125342,5.5632866096666,-6.51296153983095,-0.920897760262117,0.583711270709168,1.82693054119326
HR5352,-19.5503562599113,-11.6292740420514,-4.13341145296231,4.93997645817654,8.77559782601052,9.52125982794312,2.44959443152404,5.45390104139362,1.55796534881345,-4.55473657638419
HR5354,-12.6460291722177,13.2280559102299,4.85626462570331,-0.394163089104733,-0.987675177001607,6.24660831948123,-7.16623314144298,11.557674413057,1.34505521492789,0.141987650897595
HR5357,-15.8968262578853,-17.5370156962585,-15.1958156263166,0.883352775820554,-0.442294562515135,7.63968419505737,4.09112116042914,-3.54560652813693,1.76230371449574,1.77873350343934
HR5358,-30.5293555939378,9.95529576883365,-0.15361865673345,-3.88473639476748,-3.62375429865114,10.2300045370229,-12.4778938072336,8.74247679122554,-2.74626760118915,13.618632671924
HR5359,29.2216532208373,21.671172042358,-2.32434793530728,-16.0391374102122,3.6529026982325,-5.11357374773523,-4.02783164092943,1.71441020681318,-6.72878932191625,2.58883475517998
HR5360,20.932996362633,-0.936513588193761,15.6192820853367,8.60066018268745,12.4608071300656,-10.019136195344,-6.15037008271844,-0.572687881916688,-9.34588761516896,-1.72363366604778
HR5362,-20.6139900163868,-0.749746847429352,-9.09571489072536,9.0956408728086,6.12008036579489,-0.855799211111756,4.12634419399196,-4.12161519728895,-7.58678207993629,-0.342868399841504
HR5363,35.3906507103883,23.3077249047915,23.095651673632,-14.0684490584524,-9.67900883809153,8.04606211699087,2.18421961647075,-5.9219462076738,1.51819054720186,-3.82927267358549
HR5365,-20.3167622342154,15.8582729962578,12.9568525366824,-10.7815682259315,-5.51927006192718,-9.41643385687709,9.8357592075311,2.52024783456513,1.90663668580246,6.38517200378375
HR5366,53.6084472342514,19.4613524268025,17.8257239613219,-3.70388219736891,3.10485345788122,7.75957392557329,-2.01116846294053,-11.6733418031375,6.70328478116675,8.52632573947866
HR5370,85.8116905855303,4.01332638829615,-25.2068929443641,-31.3844776581496,-13.8534681462113,8.69550213503898,12.3727533719106,14.7122380547955,1.48667252789401,8.71093457246077
HR5372,-10.9829198265645,-10.7448585351146,-14.4404764404582,5.99374589212312,1.24582127852207,-0.943561739143692,-4.09720053050854,-9.20372018517871,-7.95609051587978,-7.61130592700585
HR5376,12.3200926188697,13.1245911660244,-4.45937447915872,12.5367347367005,-10.1060689895665,2.35578318543936,-0.286347162946424,3.75388379340623,3.90547260254438,-1.44792860461356
HR5379,17.3932968329807,15.40122689254,-20.9513419461038,8.09268742360905,1.67523519131418,-0.460794939319428,-1.05651389511453,-2.97733737722227,2.45899247378395,-2.75308262058329
HR5381,-16.7937326342434,-9.29247734007942,-2.94240513401556,2.68988818504684,-4.11634712281992,1.13986052171494,-0.0832440652162885,-4.41150126767062,0.860447101135267,-3.02276209210115
HR5383,-7.21003086169319,6.77552249751408,-11.493274614261,12.7557604215104,-4.78464506018512,7.80281129148114,-2.55363774834172,3.09358686084245,1.46369369857172,-5.87958665471937
HR5384,-7.36883181452418,0.505579442600128,-14.8045215255599,9.01110796389205,-25.7568484415336,7.55437213073557,-0.218068483906822,-4.70075380426327,7.47180547146143,2.29318463762672
HR5385,21.2929201982626,-22.1534406121637,14.1836121384873,0.428393576449694,-10.9742442744604,-3.85097172705353,-5.97311134173277,-10.4197831474716,2.04676226971006,4.87644175716626
HR5387,-1.69914908638616,17.8106073561691,-8.37078907740375,8.70627602553297,-3.92493447872365,-0.752938851999287,-5.26191232055566,-3.92983172732985,-2.65893767759984,-6.77504116040136
HR5390,-14.8309375570547,8.45679166779732,-15.6719912538611,-0.374744126931757,-8.82776040103083,-1.46471311709796,10.0757631652371,1.11135335809716,0.113122128331707,7.26273831102366
HR5392,3.86321960005767,19.6184493126008,-7.2471573664667,-8.97771744896834,4.30012971850285,-3.87476542451749,-0.441715387997207,-1.15331968570803,4.09627692172073,-11.6195123666986
HR5393,-15.7937053222409,16.0893991708031,8.02047610809372,1.64388717712586,8.33258948386693,-7.50793474723662,7.8641844998897,-4.19559667234562,4.69397853897967,7.30855361105186
HR5394,-5.966068424447,12.4566273936771,-1.74086665126099,4.36990921070162,13.1098727380665,0.184712412906799,3.09697675186291,-1.61012821517423,6.02694606018017,0.999819131897959
HR5399,-19.5542401193506,14.1681089172517,-7.6638156135908,-12.9206825375843,0.689281802871657,-4.79791623569182,2.93684080526501,-0.375889845427155,-2.90367487197015,0.0632307584771699
HR5402,-22.4771564912206,-9.74834027749889,-1.50687877806482,-16.5044781279108,-4.50296086968222,-6.55337086985999,-4.82955642648313,-1.431147595152,-2.89669356930058,0.275503715371392
HR5409,6.50667950755118,10.9385617762605,-21.0324441086024,12.7523961465727,-4.06469993756558,-0.62185431656484,9.64559762031022,-5.32762080699577,3.35267480119713,-2.43723470696091
HR5415,-26.1709528166022,-3.21273965386361,-15.228160976307,11.9402483862798,-12.5265359859928,10.4911423801981,3.54922946273639,-3.0288653285211,2.76495111281709,4.11757987239178
HR5424,-19.9841642554177,18.0855049478386,-6.79996930265433,4.14297063328375,4.55974307506506,-1.02232385888833,2.06395542293831,0.778706203694776,-2.34720930213182,0.71337029965362
HR5425,14.9360621235529,22.9808440589007,3.9409522755335,-1.43044161855383,21.2944801169957,-4.73027461755873,-2.22391854870925,7.32506943977073,8.59206945931455,1.21261061047231
HR5426,-17.8294337057586,-8.80101184383633,3.14900181486717,-7.96588868023689,7.73263103971198,-8.10373580517632,0.206012901751096,-0.862086953164699,-2.28507521286225,2.84074736937611
HR5427,-7.41429238805177,11.0240272684322,-9.55701674031181,-2.05829741674826,-3.43283179609246,-10.5597377895207,3.87309547043556,-3.23881848038861,4.80262443171429,8.41219665578272
HR5429,-6.9037189194868,21.1289566875186,5.23053544940774,-2.82632462746811,6.67936970103772,1.08247621128913,9.90070071861615,6.74374047150259,3.5140523277923,2.70744038247385
HR5430,5.70416413746874,-10.3985447503011,-3.14022703397337,5.7517157591438,-3.26297830491093,0.663018477651105,3.51489155793588,-4.18098318497743,-1.50379806464348,0.587217986019493
HR5431,-31.8209408535069,12.3166653365742,2.62275323767838,-7.30250139234764,-7.30426125149924,-6.49070596655009,3.56404223816011,-2.15618707508894,2.32618980082208,3.71444937744669
HR5434,10.4352700615161,-28.9364534205133,19.0548050159743,3.75619011353494,-2.97557716491388,-5.63409613018406,4.56422042280712,6.25110619982834,-1.41710468432276,3.67996778180458
HR5438,37.3379721073087,-16.4948483980199,-17.2732586331331,3.94222368787328,-13.1847565878794,-3.33902459437996,-2.94357502300097,0.429155272796437,5.90674874116006,-5.86135312648806
HR5439,-3.55002123972804,-18.7198446877782,-1.05203264897015,3.23419405379294,1.01885734557195,7.91909726503094,0.654231637735176,1.32244982393633,6.41708813319538,-0.501059296360018
HR5441,-1.22747446886035,-7.14884550337956,6.92061185605028,15.1528953535386,-8.45570236239278,0.919899166410854,0.00597493213914571,0.870750989591299,-3.78076387804542,-5.16494210987761
HR5442,2.52791581762004,-22.3481831783874,0.0996772953355091,11.2804971219787,-7.71173359984817,3.54287842766812,4.29902856457693,-11.8114827126359,5.0565721231956,1.14081317367466
HR5443,44.8654191984379,8.21309824757705,22.147478606155,2.0581058375205,-11.568349031086,18.7934393233551,-3.66937092042306,-9.4205731008846,1.96688880422811,6.01730833059477
HR5444,32.5475292105926,-34.6791322634787,11.6953215556837,6.17907012716903,11.2457482563813,-0.281910073180834,2.03716859614615,12.0883561433156,0.34557341659898,1.90712930837253
HR5445,5.41200794140072,-33.8572123872034,4.19326419448254,14.8452257410905,-9.48286183556211,0.5529189826885,6.71039832355584,-4.93051556557975,-2.3339779194235,-0.345291299068593
HR5446,5.43304151770617,12.6059354448672,-25.3741996539877,9.0461565734528,-2.91066634415563,2.70367629837232,4.53395212425658,3.48307068642569,3.33781643651756,-1.24796111741598
HR5452,-9.01237669077066,18.7426519787492,7.73333009205333,3.09772840646522,10.419191307464,2.41176796137752,10.0335090097121,5.39078811211876,-0.206978136926725,-1.47821264426636
HR5468,-33.5494303095409,6.41635671901075,9.06223585810545,-6.1764718318316,1.95224990008126,5.70326425339911,4.75286226028274,0.337779259534639,-4.72341635816732,6.58991078070086
HR5473,-1.86122890046164,-16.5918953400611,3.43240904316943,-6.72854158376089,14.8517235503187,3.97332640843578,7.43862579044705,1.88953091982506,1.63124600400481,-5.78088551111886
HR5474,-19.9855738914134,-2.86688274219767,2.64617015693733,-6.01349578364168,-2.28669519766307,-8.33474649282599,5.22201244459368,-4.83701540164149,-6.83355763350295,-1.02303417664303
HR5475,-2.48452231760914,-11.1012593915068,1.34601517013251,0.134612782297636,11.4481212041987,-2.11223746809504,-1.56498805134197,-3.63136315116932,1.57604082171589,-4.63102167964605
HR5476,-8.69401544227807,21.6709350121411,-3.09466600807884,8.89363875623011,2.08609295580759,6.98770803790594,-0.812280210536109,3.31061219454214,5.81782249558805,0.539853573587799
HR5478,-22.8098446752212,12.4053221726904,-5.35582317800125,3.5279758768875,-0.935988741109427,9.4902430445992,-1.72118922925591,7.33873742234403,1.54187158206362,3.25264486445171
HR5484,-1.04715684664167,6.1300995017779,2.44032236139097,-3.46236437085196,13.2190163535327,-13.773899351098,-2.55398189813257,-9.61585959263719,-2.85175546053338,2.05002910253507
HR5489,-17.1569337774036,-32.9342767022804,-4.73475473196637,-9.4843326861204,-0.867732688416771,5.9923909073553,-6.96262198599639,-2.76168019511138,4.84300496105766,1.16449396470952
HR5493,-14.1901576115731,-10.4262267750397,5.28538324777048,-7.87457046143785,-13.0756750148415,-0.588068116557731,-2.26901420234865,-7.31312265550739,6.07052305966068,0.973128554013483
HR5495,-30.9355825576589,0.174688784788249,-2.25638512083381,-5.8362499126707,-0.663693368562519,3.82381922990786,0.105393468105026,-1.43419752430484,-3.9276173798534,8.11692075894859
HR5496,11.0700156716859,6.76747801069488,0.00189901626610332,11.2123358708148,14.3309204890277,-7.82828802475219,-7.41303580473678,-5.34743145253274,-10.5795116732829,-2.03499617092003
HR5499,-39.3014297541695,9.5749816074439,-0.523257222274595,-11.6862103005855,-9.13320862986541,2.76262683892327,1.30442704777711,5.75960657045732,-5.73907993424094,4.30284270993696
HR5500,-20.893527165335,17.6315132396989,1.38160578695443,-1.22112675435099,-0.133419887560024,0.128229219968064,1.6559339232612,3.93942623603939,-0.9389806114675,3.19835246903529
HR5501,-38.5324824033372,9.50953306080107,13.104141199974,-25.4701028467281,-6.79513034769595,-6.09849189294696,4.24766637090085,-0.92027043716695,6.62351526131719,-5.33033333704228
HR5503,15.8198249218043,14.3679290923245,-3.69630852154633,15.6094685695027,0.172345368806359,-3.78378877462202,3.89429434727885,-0.29031734423021,0.86184193013248,-1.46914476838853
HR5510,-9.71643971306488,2.97172360686111,-29.9978083196097,0.716525328366872,-17.8982790000225,2.35559011694523,-2.01083956867457,0.886573002762676,2.08396630376055,2.74043778348982
HR5517,-9.32868404807781,13.4409898401546,-5.29130364665037,-17.2467971665307,2.28293344638357,-12.4674684881568,-1.97119592112805,-1.80808672683671,0.492319659127507,-6.02644717849199
HR5523,-21.9240834171331,17.5021562994237,-3.33405059906738,-17.0872004383816,-4.42223117624085,3.62027287230852,-5.67503644162877,7.00528208478739,4.13771655657864,-0.775768602514995
HR5525,-29.8738825123581,11.0921014809371,-16.1475088915925,-4.40605679395669,-3.94847552827165,-4.29550129791599,-0.198797297898417,4.04209036898447,-5.96967242060789,4.52989709646024
HR5526,-25.5799233441686,-3.54606691292995,-4.48390070703356,0.475545490601298,5.73462382923586,6.56114774469639,-0.06029048600918,3.87834812944792,-4.9916194687138,2.53971586337136
HR5527,-5.51957280218382,-9.11322247806315,-11.8674345000471,7.07059847819284,4.5723135144609,-3.72525596205605,-2.19137707858558,0.0127872169159948,-1.64333967466082,-2.79583974729334
HR5532,8.0070437592253,-16.1417454597493,21.3962536028057,6.71591201875204,-6.41732564474704,-2.04434312245616,7.52101304881582,9.53256707730819,2.17317524578032,-1.5134862928313
HR5579,-8.06347287914389,1.65484646163531,-8.05739242234231,2.15061781262952,-5.66096820145646,7.2901917032538,-2.49814783778523,-3.44647871615062,-0.966193515105834,-0.995572591740397
HR5580,47.4659324337927,-41.3729263072572,13.6648256235016,6.7511702444422,-14.8822907368925,-2.80167963457988,0.954593147922079,12.4528235050745,5.50459312808467,-4.62817289573498
HR5581,-26.3795622884841,7.06603919145077,0.434181439418682,1.56757326035248,2.60705022095564,8.74682548503602,-2.91324934624259,-0.180031324236391,-2.36905124212149,-1.92233428443387
HR5582,23.9366281852142,-10.4953392708941,14.7451855280672,17.1951581161804,-20.2068610954778,-0.354415433037033,-3.03941722913589,-0.509405023112034,-7.20208439816186,-3.18878739607405
HR5583,5.8092984940398,16.6149547554053,-20.5980614793433,0.550800087465404,-3.37827637804393,3.28847385358052,-2.55302579286876,5.71357549907774,2.54520436016555,-7.63365571646189
HR5600,2.43860710602629,-19.5973455342548,-12.3911772278104,6.81383757700623,9.06088441507169,-7.45483998189021,3.58528713940116,-9.0454300348904,-6.99925037952134,-1.08444125573626
HR5601,-24.5673971038789,25.1206097667813,7.49299528443877,-5.05197184024587,5.58096565798073,7.07929256114949,6.6486110381284,7.50733191368298,3.13720418304984,2.58891884182075
HR5602,-15.2254505103827,-11.5057759961405,7.19765741591658,11.8874258978339,-0.574141003654416,6.16792321641703,4.74108347351417,2.33755829192393,-2.32095061904389,-3.18089875160249
HR5603,-19.9620262926921,6.06923277540392,-7.68753920937096,15.5944597263284,-6.23721050950261,2.25402568054911,8.80309861113191,-6.60264542959706,0.649666183929283,6.12532276101566
HR5604,-14.4137982555333,5.01732948837548,-14.9561747325078,9.03475915874215,-18.6690807397359,1.84560093139668,3.29489060653059,-2.76400089498561,-2.79438160848206,-0.437954894570649
HR5605,-14.8439652446426,8.56663685425477,-10.5642565262845,8.11616825813574,-14.1836261520792,8.84071788808572,-0.56218835938436,-1.77687085017144,-3.10466475466504,0.19019109772715
HR5606,3.02200142081675,-36.3074456252596,-3.06608458147123,4.16467088324738,3.34411372355907,7.41444481965601,-3.97643109080232,0.740470392834803,-0.519817158799819,0.939632364595925
HR5608,30.3447016743406,6.21935574367145,-34.4020720712807,-11.610893366742,0.255287594504897,-9.82290469206214,1.71087236530947,0.338427147729114,-8.757867465705,8.26839345722124
HR5609,-19.4720873046277,14.0517620911789,-7.66082755385304,15.4485418799777,-7.25662036264983,9.84930947691521,4.98510862965547,1.65900531640612,8.47953317662613,3.21538139714317
HR5610,3.08223784014341,18.0364593932162,17.0823966447865,8.03559470828221,-7.35083722865217,-1.09914598407115,5.0656866581267,3.3136636208602,3.60897985160929,3.90792977626648
HR5611,-22.9265384618817,19.6390970752754,-4.47092075962652,-10.9882667239992,-1.173006770546,6.94506439111573,1.88161854305693,8.37965272194582,1.3564207541607,3.48288705469863
HR5612,-14.9013397382804,-34.5322225567148,9.57707437304116,3.29335601434022,10.2153656057542,4.65242963793977,-5.68913456317983,4.92308740838358,0.684942003889082,5.23212014538818
HR5613,-8.93696271460602,-9.85817569778754,-6.50750911892544,10.1228800488041,6.61191241091505,8.49146145588924,-3.76683124833268,0.463432572634364,-0.922444348743098,-4.26972404721162
HR5614,-12.9099713571492,10.6812074940986,7.93473309221528,6.08203894580478,-19.0986265934329,0.663232814310283,1.41262456896259,7.60173077636155,-6.9573301068811,-2.56999982999506
HR5615,42.4213137178542,-32.7840091728615,-14.6206325750512,-10.9607136583004,4.47907914868617,-7.24971703418989,-1.15030159296339,5.23320500889687,6.61604691216344,-0.00268661961184365
HR5616,-13.9474914448782,19.219147748899,-0.0256179231482079,-22.800218828439,1.01549555253729,-7.3648097024305,-6.47712087272977,-1.53367191796664,-6.94030802178994,-9.15582495559353
HR5617,8.16817970411175,9.97619246990949,-3.42434561802733,-6.43030554005354,5.60417859234199,15.3412887902038,4.53876677798979,-0.214305062985389,-6.47852125394445,0.173417484000906
HR5618,-21.6213406151376,-3.81536983756618,-9.75747512243316,-9.56757766777226,-2.72703488892139,3.00355150837146,-1.9091131827548,-0.880832036138259,-4.65216553613447,-2.39806427642693
HR5620,-1.76142006977559,17.8737928102687,-4.45677520613057,-3.94345649073794,3.55066586353366,-8.35383483666461,-1.90133196987547,2.70898295584025,-1.17340130013188,-4.60109720337173
HR5621,-3.61626072042406,-36.3241807883272,-4.41582890673641,-9.99110972552026,2.02700630090433,1.08811359057432,-3.27329790812022,6.57087706681842,5.56383391384789,0.750443354486732
HR5622,-18.8492856475066,15.8548922104093,-4.90198741060597,-8.81178468855234,-2.73949472588974,6.76007836647327,-1.51085030199339,7.06212555668419,-5.85624888608364,0.477701227344974
HR5623,29.3190328055986,-0.0532831413376061,-30.4055894748918,-8.98492379869029,-3.44960744002787,-8.09284127476889,-5.5726387201759,2.81538935654238,0.971403767850838,2.09827428267245
HR5624,-23.9614822834313,-2.42253251575673,3.24123177502746,3.89614854310769,8.02721747548149,-4.30125250181128,-2.37132782284923,-9.292347574952,-5.42307149071618,1.38777098639273
HR5625,5.95889461975972,21.1993229273052,1.35186358488676,13.7403505692645,8.97356031655094,-1.15526888882557,-3.43290530396809,1.39759733085227,-3.87594906541609,-0.148710156052552
HR5626,25.4651852251014,9.96101154547453,-12.1202754845274,-5.05434008348185,12.5379197344355,-4.18397768989574,-3.26054609184944,10.5351140209025,-0.00723021428502386,-4.28782184399643
HR5627,29.3452423546848,21.0671915117719,10.6720736215102,10.1362856483916,-2.60784119219537,-9.38735473004873,-5.97086543750086,3.47838996269628,3.03121429403425,-0.996899945270024
HR5628,6.03101500540698,8.75687835519199,-2.08167400686536,10.9996065603409,11.3328910729716,0.845703876150095,-4.53841356166338,-6.58107604465946,3.87358384399311,-3.06203741933718
HR5629,3.77125480700518,1.64548774728126,7.24628631160071,0.921257151545728,7.4854890358047,-7.61167783984567,3.15668888774373,4.93315305086632,-0.861112868811669,1.1766884810493
HR5630,-12.6840430898121,11.6213656565161,5.66747722885825,1.73326356401524,10.0541243493906,6.66846211925527,0.122289019055235,10.0271017522789,5.36755018936208,0.241614874742011
HR5631,-26.2250934465271,14.0901223265927,13.87437950547,-6.33947373482067,-10.5862382154659,-3.24255052019916,-1.45556048460752,2.4016320224461,0.99321475458027,3.31601516636173
HR5632,8.63705942128142,-9.18872379131103,6.06799483936328,5.07879457823034,8.38978908154628,8.871546472568,-0.608271066077605,-7.69993404331842,-3.34615664787806,-3.64385835372697
HR5633,-8.79122560813599,-0.159002418717766,9.98864927760274,-2.61087126224749,8.66374594142557,0.734086678879168,-4.52134544395301,1.89619935610799,2.57103216901241,0.447892369403423
HR5634,7.00513655074533,17.3658168760282,-1.51606481423246,14.5628881860246,0.239229853428395,3.25145152242852,-1.71567394062314,-3.51663860395282,6.60484814821958,0.468704055569137
HR5635,-10.0434982443993,9.30349475558192,5.06594391429878,-4.40384875748363,12.6480003077498,5.0040357373958,-4.52903960694369,2.16437987457432,6.05556063497704,4.42380504178649
HR5636,-20.7501055657375,21.8675035654102,8.449160410937,-1.00548066535361,8.12587554495793,4.37945578984018,-2.03752639592888,7.57649922895989,3.82942090706944,7.05041266506176
HR5637,-10.2162556703936,20.0568394133791,12.8496556058567,1.50106528690675,-4.85127285167279,5.50109942467413,-1.0332234310541,8.43927622951821,-2.69584180907519,5.46948389448588
HR5638,-23.4504300381598,-6.77555042981958,14.0647016317874,-0.348440666711588,8.08149481729805,-2.22262779066845,7.29482439298472,-0.717438379672339,-2.77270827115274,5.67327183919957
HR5639,-19.8463980523592,8.32243571377626,-6.97716189480277,5.15244803830498,4.23784389895024,-0.059496126579873,6.31220813818477,-1.92628792002612,-1.35965834508938,0.289662887136715
HR5640,-16.4735399128515,3.88468111897994,-0.0814247370272594,-4.67424905329023,10.8070220315141,-1.14677251655198,2.7994183190814,-3.63150214314474,-2.41310236615524,-0.175026906435148
HR5641,2.56312996693659,8.86357212638784,2.75928296987566,-1.38992365038915,2.30577729306123,-2.43801400540831,-2.40389724427581,3.68165203338303,0.704561934737621,-0.947955630443992
HR5642,-9.76252062510521,12.5881033121611,-6.59523874394881,4.42231058324055,11.6273524417468,-7.8376906942952,-2.85483870989065,0.942355826673296,-3.65596183610547,0.0963631757766315
HR5643,6.34023420216969,24.072444915785,2.46028082916146,5.71469226265137,10.1686708625802,0.549212814505908,-1.03256131493245,5.2485412734854,4.93435304242205,2.96429246939825
HR5644,-1.84782088017557,4.73118727858287,8.32872766241726,2.64289694964349,17.4550554176009,-7.29503182175026,-5.51570014761803,-5.87880289042821,-9.05755161561595,3.29201635546028
HR5645,-11.7538532875254,19.3382020692374,-5.91040395560152,6.06870470321495,-4.27580020600826,2.08182292767475,6.47697090889628,4.84439219173199,3.58166912395194,0.753820345821746
HR5646,-12.2537418503249,-8.93972523613701,10.0049676723654,-0.942753793687573,14.0277342106755,10.6273787914027,9.21806261459567,-6.33672018677602,-1.86978392484591,-2.83254379341261
HR5647,19.0694649435875,9.35845974244287,1.64158904946832,8.39917307387799,20.1316669168818,-7.89330685130013,2.51788448597762,-4.04929553045922,1.82217921765172,-4.93949414425185
HR5648,-36.2439438919816,0.691432989687873,12.6556352997369,-27.2063636798967,-1.7380509324645,-8.85046063457812,7.11500532645985,-0.509643120684811,5.69727778833775,-6.58936114822018
HR5649,6.5140722792976,23.000932292041,1.01493699269644,-0.238463062645905,3.84111343825715,7.03924242631269,6.15831249461543,0.741094282263994,4.1790559968257,-0.606816015180957
HR5650,24.2172106329115,5.36889645225241,7.37401762578615,19.1450753614334,-4.58498888897589,-15.059599460308,9.7947156950288,-1.05812821036796,1.61357928945827,2.11245414263096
HR5651,-6.89602573928596,12.5471487497927,-8.77480154642747,-16.8492844916332,5.56753933563474,-14.8354564441062,4.02111983804527,-4.34106490857255,-2.1681429279067,-3.81360346555429
HR5652,1.35714275836984,18.9145111975824,-8.42032684259563,-0.534396217374295,5.09974657126154,-3.8055957138964,8.02262978631672,-1.122541489172,1.75372593290784,3.43845862876817
HR5653,38.4218106397961,14.1653580418203,-1.1487314868703,-3.70662997389462,7.12033643881574,-10.5691656699766,3.13445041627483,1.62997880986068,-1.21009788267388,3.34692728981461
HR5654,-1.15690885541256,1.56238106371058,-0.443575606073872,-0.300123202401568,16.07995136211,-6.41868184183806,5.25547658497368,-1.82470878316292,-6.35980494539307,-0.604910222592541
HR5655,-20.1823546208271,10.9312427062408,9.75184391163642,-29.2128260987523,-2.97662311803637,-9.34376551645467,6.45738836742487,-15.1906240031334,8.35988578676937,-16.6125047932823
HR5656,5.79889852137886,22.1510696133039,0.15169253596332,-5.27713904513907,12.4755296011654,-3.59544013766956,7.94009500010527,-0.360095368604023,0.192010969411668,0.0965858941068919
HR5657,-3.8378397516148,-8.91400225166507,17.4750370631522,5.66936471715985,-6.37026935565624,-6.07315307820305,4.33253925666076,5.47433333347259,-6.73988676573396,-4.93111242542586
HR5658,-19.3589262826744,5.11079931868176,0.542942406224749,8.3372866965341,8.98010289036067,1.7397906688287,8.89701020283163,-2.96835906219131,5.524352905943,2.34755479625604
HR5659,-26.9136758678334,17.638666548471,2.29571537181749,2.82020243304572,4.62096152820098,2.65871660699606,8.81701499657544,-1.75746515007608,-0.0915777072883093,8.63618974316322
HR5660,15.8406100197441,14.8136822566599,2.5008493163436,15.6998466515137,-10.1640692034645,-6.28815248149537,8.95809575725982,6.54741814449427,0.312557750939965,-0.896368623126889
HR5661,-22.9648808591628,12.6472045391582,-3.75877993344069,-3.30655504868343,-9.49539972090233,5.8529363622241,3.71457930827003,1.22920913643936,-5.5185314487958,-0.1690563498618
HR5662,22.029481410405,2.53517066083656,-9.88560860109312,11.1007327643775,-1.1164981212036,-6.59011985933958,-0.223103323188751,-3.04088298404762,-0.786484394380944,-4.99005158408292
HR5663,-17.356474326897,-13.7240263014049,9.23690043500618,-2.98534988790224,-3.39447675356019,-2.60331757927792,-4.23539762398504,-6.64600715964342,2.32071001729852,8.36605265881199
HR5664,-7.83730151203233,11.3715013637254,-11.6046434758412,10.509473932973,-5.38496059798603,-2.37217575888266,6.5115955319413,2.09288653607054,1.47664505794945,2.77554650941502
HR5665,-9.77785927806491,12.2168332699174,-1.65484794358599,6.2329496184227,5.86803083557253,4.11157212112812,3.91704561861453,0.609562566804469,6.31412105276959,-1.0963152832515
HR5666,-12.9656504913881,-29.6361953975033,-13.3791590345871,4.70319585139536,-6.03587171491451,0.996241316643634,-1.78569594758539,-10.7337197375239,4.07295256905423,7.11308986335764
HR5667,-25.4664037818277,11.5058473624057,12.3141958259433,-4.77483813997661,-16.6209180096988,2.52206383120234,1.79703509632293,4.60724239343794,-5.78070680510259,4.81300831985436
HR5668,71.2937637979434,21.0449727362464,-6.51889420196307,-14.7654847620856,4.01518229269559,16.5570630912159,8.40833852151638,1.32272501927251,-8.85457200631777,4.88174599501563
HR5669,-28.8290831504949,-7.17290515614484,9.16171930873026,-0.0564274735103966,-10.0327821611719,2.82176458884443,-1.81055460759788,-4.83647169272294,1.61390935139232,6.18457221772556
HR5670,-3.89680466950359,21.389510381324,-8.06092325139679,7.42934121968844,4.48380986235208,0.329007807799363,17.2378524754362,-0.519381377369681,7.76898004219387,0.0122700261380431
HR5671,-23.4284709705555,-25.1252382643179,2.66698350967872,-9.89761893287279,4.13289224784986,3.69036794773849,1.37787805766896,0.636205044305381,-2.34909682492964,-1.7516824183013
HR5672,-22.0768529869325,20.2751951324665,12.1399943919451,-13.2771005458141,-5.69618209975394,-0.391062658168272,1.06376181065147,-3.09043994723774,14.2370052481999,-9.34034420626059
HR5673,11.1264909178832,-19.0339773798572,-14.7543594039201,-8.82944834693078,8.48531344400446,1.88301295800566,2.21974296420951,-3.55175477510078,3.71553947651428,0.641758320477997
HR5674,49.0336317976152,16.3856065466429,-5.62538321140064,-6.43390874722307,5.40415948130809,3.71886229693698,2.53100577680871,1.49251867274519,5.50377610772185,3.81920677963397
HR5675,28.276073722982,14.5644922813744,-22.8717127961251,-9.8726512557238,-0.911655223557812,-10.6600316265895,0.373698935360696,1.50516663487557,5.67334745390007,-4.61309333889543
HR5676,42.6649360687083,12.1771078914253,3.12759053362445,14.5708650603123,-10.0161285030726,-3.13784222202154,-1.97916922860113,-2.40961241347345,2.2027261517108,-1.56298435575384
HR5677,40.133340479629,16.0159864393148,-2.73118066271835,4.36388348722441,1.98561737516344,-15.2703928200108,-1.17040361635512,-5.74340288650051,7.57847802108062,7.71309558729756
HR5678,3.08522077735472,-8.37098466033176,-2.48976925045048,10.819876519097,16.873547211531,-6.34323381684175,-2.47871923273142,-3.28909371329625,-3.32437709871541,-3.22586610972158
HR5679,12.4845492622101,-26.3341323543884,1.09793567486477,7.82000889865606,9.58490205192318,-3.81255176941046,-1.19256096860373,-1.39454003101563,5.45433706418374,1.80400990605828
HR5680,60.8495642274486,-30.9064250126521,17.0663023746519,-5.13374020618386,-8.53021453331097,-13.740874391295,9.46794361439618,14.64438908122,-4.0982554672402,-3.41558418752473
HR5681,-7.80671688608153,20.8173191223743,0.758661455635503,4.89212865842227,-0.418797828386374,3.60912427496618,2.52096334478037,0.328766171471711,3.42944627728373,2.40040757496237
HR5682,-22.0538046055487,6.1479033571382,5.29582730129158,-9.8906436513441,-1.03784121860921,-1.92305620013475,-0.675680165273021,-6.31429132118418,-2.15216048906048,-9.21243081775031
HR5683,6.19851803302537,5.45542501502712,-1.41769202574794,2.56892689686228,3.04646293496677,7.86615708522335,1.44765869638035,9.14688956560179,-3.24030393909742,-10.8559532737828
HR5684,33.7098813274786,5.24209382904277,-4.4138594822386,6.39733607266088,-0.887219113235634,-4.84567509424353,-1.41391956130129,-2.41474982483158,-6.23622221718198,-1.81510695147373
HR5685,35.3719538465774,12.9971161343296,-22.2144507210218,-6.80340718330803,-10.2475151925719,-6.97817934855319,5.34552718741834,13.2989324747386,5.0548023568187,0.666291393521307
HR5686,-0.988270581270747,-19.1707427032684,-1.31743856019017,9.26981154009114,9.93715208822654,5.34020969853348,0.90954954763179,-5.62506467759133,0.0190157341793029,-3.13348986644256
HR5687,-7.94159173139547,2.88728779297741,-8.72524879262141,14.7117745999446,7.77470211028149,2.40958918580258,0.21444336180062,-5.4445284527543,0.283908794032472,-2.95244321310476
HR5688,35.2005522762162,8.45835014674994,-17.7734368283512,13.0037699962405,-2.6844006354175,-0.705029785250053,-1.68456123720259,-4.59048554571247,5.76615355263132,0.941867962363207
HR5689,-11.6652752074449,-23.4147836223509,11.6984087906333,-2.80908213461279,-5.2250277306717,-2.7529841600803,-0.886896970650061,-1.51774651169842,-0.885147782142398,-1.14293626379224
HR5690,31.1225670457473,10.5033276019696,-7.8525051167312,7.57135444538353,-9.92817323741503,1.90361246023047,1.19955030667006,-6.60816836094451,8.87170077044305,2.60500883115626
HR5691,75.1665905854794,4.68247797036309,3.34652311964996,5.72230012574615,-10.0651166609271,-16.3647802074486,-9.72603023419506,2.98965746601704,1.66815750194161,7.06293611361916
HR5692,13.5020087429701,11.1041119546199,13.1965271003113,15.3756401576389,-17.3479803614956,-7.06085361155196,-0.805671172065549,4.22232724443951,-3.51893874878255,0.68919280959859
HR5693,18.5408640251044,12.4613705174449,-23.0485823971149,6.36049939344747,-1.74964826715627,0.360228098663289,-1.98023476166453,-2.11730121122752,6.32413265463043,-2.06818286896727
HR5694,32.3609282330658,-20.7309697649071,7.45209296726237,6.889289362777,-3.52658072034301,-1.51967966701589,1.38848820960802,3.77781218255208,0.151161907053184,-3.36349306117452
HR5695,-38.8950830881742,-3.05167637574731,-2.60674193171478,-9.96993285455851,-4.22549209199856,1.468670630844,2.02874142485093,0.634879480726219,-5.64067125107689,15.0946841930539
HR5696,20.8701345925539,12.4009069476834,22.5891960340141,20.1952439420644,-8.13298001623297,-9.70939755766899,4.63621200828603,-0.725726482160317,-1.04271840752099,4.11338888028184
HR5697,5.24585230659602,-4.09208556620096,12.6738902043436,0.884089538905218,7.91082700328683,-11.9280475343448,7.31453134885534,1.68078774056537,-1.55878470986658,-3.07263145969512
HR5698,17.0206969574165,6.59628771210657,-4.52363345154484,5.62176424593878,-16.7922671763762,-5.31047260036767,6.18011939252857,-5.25893637069877,3.73876445290877,1.45348954441213
HR5699,41.1287907026767,12.201852210029,-4.99943672729589,0.735677331146606,-2.16649906051499,-11.776995449034,3.46079110359987,-4.96686725351076,6.41988051038999,5.94427596851028
HR5700,19.6069185476643,22.0796509427402,-2.50053223545208,3.35469074490287,9.25684105930813,-2.82124784591598,-3.80138841057384,1.22023083440582,2.8994120340303,-0.977441097868467
HR5701,23.3239201813882,16.7049223813197,6.60202788997307,11.8960266400112,-4.74597030073615,-10.6420118485023,2.34737156258324,0.106635475975329,0.627842440418813,-1.45448128228435
HR5703,4.72810736415914,18.1484946646049,-3.95998010610506,7.81871353234117,5.78524840358172,-1.57436276899756,1.67190708417826,-3.30460734575001,4.37183108428099,-0.0499533458527129
HR5704,-7.22622030155013,-28.9695910997611,-3.53683509899068,-4.98953733247317,3.4942118180704,-2.5455578192233,-3.09477780772247,-3.76720006368963,4.3450732393551,7.33857438017389
HR5705,13.6116476975939,-8.77632904520327,0.539163528208596,9.35342679245402,9.09278006226213,-0.784004015134274,-3.04335917918691,-6.16413205086978,2.58355569668575,-3.41605395685576
HR5706,-2.06508993783501,2.21216175316419,4.55214463202635,12.2097582754685,1.44570523413188,3.14209392596109,-4.02966034899788,5.41420814519835,2.71346162016419,-6.68178080501499
HR5707,-4.78764123214515,5.10986898614351,7.23636483637318,9.59834092731771,6.11948315475682,2.87413727743395,-2.49157673946643,-4.10626426881525,3.4075507445646,2.20491675998133
HR5708,-24.4684007046972,13.3749974059704,11.9352903277033,-16.0495324985222,-13.5453089570771,-5.04186424917926,-6.89066436384134,7.39323436311246,-6.44538227000761,0.511547344596997
HR5709,-16.1381133969215,7.99740922603698,10.0442801302108,-11.6936407951381,-12.7394088265111,-12.3774511740684,-1.95003432486523,0.379489968448,-3.2908781827908,-0.355924269069061
HR5710,1.46006646956437,-21.7013282500038,6.82853364297855,12.537829990313,-4.97444592679186,5.97130232909507,-3.47970699193046,-0.544868177127315,-5.95506448151517,-6.81501332391057
HR5725,8.44148412447352,-7.71069904552905,8.20412011362507,12.4454774207117,2.86232275850566,-1.63068725812003,-5.58625103869515,0.243063495457957,-6.2253823538008,-5.49433846284467
HR5726,-0.03359453774494,21.6282811671055,-3.86374826397966,7.41373363927456,11.147913041031,1.75909139764873,-1.96992073706227,2.46971061091335,6.36563801718134,0.909681467586058
SJ1079,-23.8035086268868,10.9243466717921,-13.4539164181054,-4.07938628520839,-6.34934972651601,-4.27143035962543,-4.95372890142671,1.11451001263922,-1.04827499041605,3.41531217996227
SJ1107,3.75732384348819,-31.9700187681064,9.35645452052544,-1.35787704378507,-5.38598262647748,-2.24737913336627,-1.38711557389259,4.49876900390358,-1.08255222288369,-5.18870035395247
SJ1176,-23.6478831728909,9.24816923357543,1.08842196722811,-5.16562998626534,2.27282047298767,3.5999133024744,-0.50363379980533,2.34187563047408,-4.95292696986815,1.07043403463364
SJ1241,91.0285265206279,-17.1504255787414,-6.16807602786417,-28.7191760285094,-2.34726222713812,21.9217418212407,1.53599800669427,-5.31695234991068,-4.18760344804226,4.87855072912679
SJ1423,-11.3211200587073,8.21319502016847,3.0484508389046,-10.6632795699751,-7.78122155042403,-5.32143362306987,-8.57378873407064,-5.70898095465064,8.00238708918861,1.07895915811709
SJ5046,-20.9615149426738,16.5697532094097,-1.76378173674698,-8.81247083196961,4.95566967694861,-8.49380642641952,8.07938781389358,-0.0690197634761442,-0.0961258353609776,-1.65494150401154
SJ5108,-29.0545892090928,11.4217969189233,3.52902698724205,-13.4518212011731,5.14688732684108,-0.505946959985372,-3.51188228736654,3.83661650177282,-5.41281325123456,5.80115796109008
SJ5398,-14.2548691867141,6.09172171759019,-1.69477833856807,0.0855120516785539,2.72589660025906,3.41428349620375,-1.16815669847585,2.19525892706615,4.67062731609174,-0.491415129591775
SJ5401,-33.4107666165476,5.4293191178931,-4.13957279663617,-0.207759011701632,-16.1196658457717,2.72143245280909,7.29124595444955,-0.879284737564891,3.60418230907056,6.23359737020079
