	ADAMTS12	ADAMTS2	ADAMTS3	ADAMTS7	AEBP1	ANXA2	ATP7A	BMP1	COL10A1	COL11A1	COL11A2	COL13A1	COL14A1	COL15A1	COL16A1	COL17A1	COL18A1	COL19A1	COL1A1	COL1A2	COL2A1	COL3A1	COL4A1	COL4A2	COL4A3	COL4A4	COL4A5	COL4A6	COL5A1	COL5A2	COL5A3	COL6A1	COL6A2	COL6A3	COL7A1	COL8A1	COL8A2	COL9A1	COL9A2	COL9A3	COLGALT1	COLGALT2	COMP	CRTAP	CYP1B1	DDR2	DPT	EFEMP2	EMILIN1	EXT1	FKBP10	FMOD	FOXC1	FOXC2	GREM1	ITGA1	ITGA10	ITGA2	ITGA2B	ITGA3	ITGA4	ITGA5	ITGA6	ITGA7	ITGA8	ITGA9	ITGAE	ITGAL	ITGAM	ITGAV	ITGAX	ITGB1	ITGB2	ITGB3	ITGB4	ITGB5	ITGB7	ITGB8	ITGBL1	LAMA1	LAMA2	LAMA3	LAMA4	LAMA5	LAMB1	LAMB2	LAMB3	LAMB4	LAMC1	LAMC2	LAMC3	LOX	LOXL1	LOXL2	LUM	MMP1	MMP10	MMP11	MMP12	MMP13	MMP14	MMP15	MMP16	MMP17	MMP19	MMP2	MMP20	MMP24	MMP25	MMP26	MMP27	MMP28	MMP3	MMP7	MMP8	MMP9	NF1	P4HA1	PLOD3	POSTN	PXDN	RB1	SERPINF2	SERPINH1	SPARCL1	SPP1	TGFB2	TGFBR1	THBS1	THBS2	THBS3	THBS4	TLL1	TLL2	TNC	TNN	TNR	TNXB	VIPAS39	VPS33B
ADAMTS12	1	0.598211013470831	0.829495518077547	0.16476568858259	0.652520549427536	-0.146507612013593	0.735106386902552	-0.143696519711778	0.810935309200456	0.573453895699899	-0.55386999765371	0.700526919044886	0.399426265290207	0.781391182617719	-0.0860605950140372	0.31363589085775	0.347673620803579	0.666514528260651	0.0768749409228714	0.734863604675833	0.867593357871165	0.452731003565587	0.113260701307411	0.692091221517659	0.740971782220562	0.862272887633845	0.0896629174226578	0.776732881980717	0.506757119957479	0.679681033926522	0.17820839627899	0.36373408486887	0.478345029162037	0.589995863121292	-0.199608487698449	0.736035198591303	0.106998870255446	0.542398773711578	-0.218219213218521	0.480057625287528	-0.457596984040225	0.627812220770813	0.461981050719754	0.2870672985001	0.584878451953669	0.657736548801496	0.529367403613091	-0.165235498687393	0.772558531639672	-0.252030484113329	0.612551028912575	-0.0668469796986874	0.425200799826942	0.460185193126576	0.566270289820007	0.615611691332185	0.520459111482625	0.0423623011958485	0.743308972883319	-0.201271873858534	0.828032988667364	-0.0839476161799433	0.787171786774836	0.48667295427556	0.616818879105501	0.553852434545172	-0.289586745453126	0.544515959308948	-0.202998912056971	-0.0207748416656912	-0.053547775443906	-0.0237779778478002	-0.674258945777233	0.492000630774045	-0.545001397012146	-0.489407622589969	-0.374611957867405	0.737326207715289	0.584846750625636	0.678667979761209	0.640671040347287	-0.533270888442117	0.684046795246278	-0.099343748769753	0.71102911796833	-0.0777469837947262	-0.536648050178298	0.769678335202701	-0.134096660063021	-0.460710662871691	0.731041652647469	0.69537046959231	0.0625667069450102	0.48347442787504	0.646907348007235	0.826425612410357	-0.0252116281345243	0.792279096721328	-0.122019049216666	0.675720714206689	-0.293406865702446	-0.0753087791742852	0.664093273650963	0.289233600560231	-0.23693965073743	0.4083980932751	0.733379486143805	0.0482079672837016	0.466725356592241	0.659914702892345	0.417144857290866	0.76266714815205	0.711974522881527	-0.116374710554078	0.889389391226272	-0.0993929968314615	0.635320596792201	-0.494292072140813	-0.560781815233129	0.670521317184456	0.0567675808665129	0.293984560794303	0.0448834679340934	-0.156569431050054	-0.152233072554705	0.147487347535959	0.757423921054142	0.844802685657967	0.357093981854343	0.296373769989222	0.344835412667381	0.642293939877115	0.764001804944692	0.782401796179686	0.137715839522142	0.773385447762953	0.452065612540626	0.735313777179309	-0.429901480765423	0.592432172168048
ADAMTS2	0.598211013470831	1	0.794944326165766	0.391629256817007	0.897944161782529	-0.247259368791289	0.808779965235658	0.0656971216994388	0.654863605047942	0.717816377715482	-0.228675297931922	0.657121116275279	0.739721572873013	0.803978185444453	-0.14327253199561	0.577377658653418	0.546019054237483	0.642201468990195	0.495239316505795	0.797575717486306	0.792555413657521	0.624225050448461	0.257198863905345	0.793084603908232	0.798813207046599	0.443023730889271	0.228302396170566	0.87819573401063	0.740879861288202	0.862461655447733	0.317244203828544	0.606265280161321	0.406420632295527	0.931276621928269	-0.230542645723933	0.855795119399642	0.199944644026403	0.729071075986825	-0.0981120568625812	0.7431630364048	-0.563771094780878	0.451159813750858	0.779734347074259	0.668459140509412	0.83488437291731	0.689921313665906	0.764017219390496	0.00660367437860674	0.909387977238166	-0.641433492560675	0.346502352286051	0.0399073267650757	0.221449817456992	0.654536113900932	0.85176709218204	0.795947149156366	0.780408265443915	0.37122934625575	0.876095305050881	0.124748963913518	0.722090325805667	-0.0960700990389215	0.708320113214983	0.777795603118101	0.950333757736642	0.758756169760408	-0.164907922014969	0.641537169960612	-0.271076211062231	-0.0724950883964203	-0.0204964817468755	-0.117001552709764	-0.644337796016686	0.934459191085568	-0.302320702879798	-0.368964363408622	-0.079058238577705	0.600427612657207	0.829607785804002	0.923152428546883	0.871419924336002	-0.478548039150334	0.851892734153692	-0.173169755323417	0.866465781178172	0.0302281174645182	-0.490836791212953	0.855392069890557	-0.148658954436457	-0.186212680671621	0.864042865072295	0.312376708305833	-0.046394430020058	0.603015434130102	0.787555445207853	0.756746368286341	0.0205580743012697	0.595449729160231	-0.165826265415969	0.916971859174417	0.00711121121239851	0.11205568307901	0.961505765525562	0.637373146658289	-0.15894631505407	0.314754694005082	0.960729352749326	0.244794863457116	0.689333050415319	0.874666129859482	0.433175463530476	0.866292400177939	0.920777901880083	-0.251378237751489	0.863070944760568	-0.121139649628315	0.822543121138184	-0.519615352801533	-0.533075096670584	0.820979921231128	-0.0964232381883369	0.141250220584797	0.255661797196538	-0.0955048245741297	0.00157099773042851	-0.183772144466267	0.847777796177228	0.676703233627277	0.388454342340019	0.674312987594362	0.677062322815438	0.805594232593159	0.856215825800532	0.587513533608506	0.311452899793515	0.544659706652559	0.671068780423768	0.860619028387922	-0.493897143570627	0.217257417892661
ADAMTS3	0.829495518077547	0.794944326165766	1	0.283413178170622	0.871934241380633	-0.105302344578153	0.783540665153243	-0.0294507357381706	0.845752187635697	0.830476229045251	-0.481263749093091	0.7571257071834	0.606047465375692	0.868026823835619	0.038329376798696	0.365554115107655	0.611857897698229	0.748987752020908	0.427477121352827	0.873370643854358	0.935376719656412	0.702385615193396	0.266246216023024	0.811100578537981	0.913159605316488	0.750857662424906	0.181127380970651	0.843004915709895	0.798903282283385	0.836232280302311	0.545359560734359	0.493008669525162	0.425586884571664	0.843321390964109	-0.199213346884518	0.905987186082493	0.158522182543758	0.796692365393991	-0.27607018650819	0.751443317587464	-0.611358006111724	0.497713749158516	0.614812408397569	0.471908977087917	0.780720677845552	0.756746013877731	0.676909455526329	-0.141512764419502	0.907100477144736	-0.392418906385209	0.619335467994051	-0.0411500137595391	0.553370836363536	0.70435578175691	0.758651921101033	0.805246270876444	0.637821941564267	0.308856174590985	0.88657415132917	0.00755198701413684	0.855206078343268	-0.278804816923348	0.859112230239224	0.678754565013477	0.762653325942213	0.803364743629589	-0.239346428739275	0.614152397461065	-0.369219221799367	-0.226396298295165	-0.159218719335561	-0.394507437677166	-0.71885590524012	0.785765716494753	-0.491345214251601	-0.478428940066525	-0.360466590267445	0.75325857076027	0.745193296909712	0.85765964082521	0.846085326951146	-0.472251231445988	0.774561579465535	-0.149304973442183	0.920845917816062	-0.122445018126779	-0.566048306117108	0.861171366304095	-0.246256576958147	-0.292155073779569	0.884960124593986	0.470718802221171	-0.059983024113113	0.637180342065707	0.846539076904125	0.909031772029964	-0.012823120095017	0.719590473343316	-0.270568316353592	0.898867985520859	-0.366720890439748	-0.0442573965906425	0.904129242423249	0.469349090572622	-0.318583780051681	0.66826437632359	0.900334673960849	0.249223223862377	0.606599525451568	0.832381600008155	0.726726209658646	0.891292918895005	0.912506220043322	-0.298063412722341	0.91175340552558	-0.197640891532153	0.8721572420461	-0.660852806917732	-0.573415704146877	0.840260625293358	-0.105140791231719	0.113610761040138	0.0919806643638803	-0.272014120920108	-0.094337241578698	-0.141502202734418	0.93733639939815	0.825969736872402	0.415290942347159	0.486509502820837	0.449129002280126	0.823504415416493	0.933534441866575	0.821154610029768	0.223154706988922	0.696942890771042	0.591991624125425	0.874623651300355	-0.573402844540685	0.529127549509386
ADAMTS7	0.16476568858259	0.391629256817007	0.283413178170622	1	0.390297895885054	-0.371205487689329	0.246541430750632	0.184699443172358	0.518044535871681	0.471321083097281	-0.105361392018154	0.488797834297434	0.497731443115794	0.560152778795225	0.428675058592768	0.548978392122501	-0.0174730265267781	0.472497082014845	-0.00732156083647175	0.400764567718565	0.426151811514734	0.382068092322354	-0.159382700243292	0.433419920159818	0.455915991162902	0.437154512591457	0.554820556203198	0.273359074550847	0.545307330397509	0.475542993161622	0.115262407576098	0.486338446740956	0.620635562897773	0.394719654037118	0.0705126434426368	0.465607349713809	-0.362620751321048	0.639426625141046	0.356289600445299	0.504493227621101	-0.837325948137272	0.152424101246463	0.572112344640705	-0.0501945996214221	0.327244189754048	0.373361456244844	0.537780412296253	0.405315846889602	0.499970212441914	0.0359191679045544	-0.0710415765633887	0.0476895775398595	0.522154905946959	0.584571320572824	0.580772351592009	0.477160207637427	0.477978750232428	0.482904562172902	0.408772033378753	0.545569546516628	0.491636967676862	-0.264535290332469	0.351512006565887	0.340617870315985	0.453790261117994	0.557242032423115	-0.347174275998875	-0.154010501246782	-0.583186311923932	-0.0175427569693826	-0.250887915927957	-0.305756461457565	-0.330297411974613	0.408178029645418	0.295630588171541	0.216816608977958	-0.396638622145395	0.0398392422328348	0.572335231021578	0.505922361448699	0.56855157791483	-0.141516292504035	0.618111053514764	0.278764588123258	0.481599798272133	0.147315080818261	-0.0746904836239999	0.466239716454277	-0.0524333493360804	0.274943973410759	0.425932282667917	0.0920347046299736	-0.453725719878965	0.803041973153033	0.51694001137203	0.43917731764062	-0.0720999887235386	0.504986902974124	-0.238410345453861	0.435674014228748	0.0760619271265013	0.168421662640565	0.413225430043086	0.650707782234725	-0.0700766901032668	0.1669131468002	0.373780678340405	0.127121244544415	0.508458531818655	0.551154415058774	0.386212219175041	0.502128949562986	0.423518103407402	-0.514462768140722	0.252026225173197	-0.0747040864033189	0.524721529704507	0.00147709075632961	-0.523358781007359	0.466041026548492	-0.414463279845807	-0.451176998128113	0.0479281827568734	-0.423468862960929	0.077491778704583	-0.316201446858752	0.482244374388304	0.528520590067636	-0.105800719838046	0.563872358604518	0.140453013105021	0.628121582748208	0.440440415725689	0.535701716743611	-0.247469455218314	0.535019947798482	0.533909870374775	0.530871101500191	-0.454788736298227	0.216369116783513
AEBP1	0.652520549427536	0.897944161782529	0.871934241380633	0.390297895885054	1	-0.108424299490788	0.709942062222774	-0.0522704999011967	0.723671086399731	0.925273134853219	-0.299108698522348	0.775979917998326	0.828843659947057	0.870073345540845	-0.0395652622726021	0.685878062599581	0.534467545669232	0.828961176522099	0.315426990070401	0.940131419311292	0.862206443919703	0.718391884486337	0.296628127071161	0.806728663179215	0.876881773257919	0.570801455876739	0.278120908405581	0.736702141422701	0.898653475044653	0.900716200876642	0.514903860757155	0.539923696307315	0.478630678626795	0.942791294385249	-0.213054086537429	0.944311397483293	0.232130060592368	0.841850422702595	-0.214639403340783	0.86158587576747	-0.693358533269421	0.594216085848878	0.883077756727495	0.602320544798268	0.923957563941581	0.870977517710762	0.893162013434669	-0.0902512946228921	0.885788914607624	-0.590243809010497	0.55820541453389	0.0130392893508888	0.389371507013969	0.826890578019434	0.908132714040505	0.921661380954225	0.876780627907757	0.535732250776963	0.943642114507323	0.0134629377181367	0.817592724849401	-0.336116851405161	0.757873527876978	0.725018069160517	0.867497617108995	0.898983516760748	-0.223902484390321	0.513363363347875	-0.378305688343714	-0.046156741582356	-0.131259759990966	-0.28804278232411	-0.657557518440166	0.888408944097422	-0.368512015491638	-0.227957551911848	-0.285464206589885	0.755055803718395	0.921958910146842	0.918754697528123	0.89878818581485	-0.439452580935932	0.877575012594886	-0.0688993253899662	0.94482953538113	-0.0250592186869929	-0.585750181001814	0.923416203878075	-0.33093533218544	-0.257928552132824	0.935616191691345	0.263136593766378	-0.078532372444121	0.72314254821362	0.932235172045298	0.817252803155597	0.0784767596060868	0.647709196187547	-0.238404219844951	0.940101646366003	-0.236335518328531	0.0455312896049437	0.950997237321929	0.653234747514031	-0.226178924089574	0.614739407392534	0.941040892648728	0.320235927508501	0.752125534385496	0.937977696666323	0.656992155213669	0.889913957864644	0.975850884400961	-0.296362976099505	0.801784897438657	-0.158348553962576	0.918321629877632	-0.539724426322446	-0.603904813328593	0.940049869102247	-0.14742875929605	0.0723937230619066	0.180661371866014	-0.309058032103008	0.0522254779879798	-0.237114802796123	0.924309674217448	0.718105605654296	0.405995541046231	0.708078288056477	0.522440284998405	0.881851696489816	0.935301593864208	0.721767863626288	0.266670672847657	0.558524645316619	0.733416559971673	0.922353059697196	-0.637257374950566	0.267315997279407
ANXA2	-0.146507612013593	-0.247259368791289	-0.105302344578153	-0.371205487689329	-0.108424299490788	1	-0.288999587355163	-0.0442924135269426	-0.221904104250427	-0.0288228632521942	-0.0236110880890646	-0.185712415470502	-0.243457423372931	-0.221840156468366	-0.271977410891874	-0.135922578750776	-0.200592998618322	-0.047766283503589	-0.303082839007104	-0.113672292743743	-0.235049382632231	-0.433531239198415	-0.411498090734837	-0.226978612680058	-0.341263220569916	-0.207480162599991	-0.413323296610811	-0.302719064620061	-0.0320271802311746	-0.210808846366137	0.0818995687057906	-0.658688789610455	-0.139877927084213	-0.185687106446532	-0.369055019186424	-0.278889175304698	0.202019085894705	-0.245880647475865	-0.104433090023633	0.0196705637272872	0.374972299963825	-0.115249745829484	-0.170986471634242	0.177138104713269	-0.0315018537868632	-0.0436069721444147	-0.151850943077412	-0.344110838437747	-0.266814442873903	-0.0248186492428342	0.066958827275117	-0.56185564744436	-0.0700953465024905	-0.181365201049793	-0.151903066570124	-0.2484954882818	-0.190287459750321	0.203059903628768	-0.22591912033365	-0.458554787460324	-0.229300181365594	0.129262675796852	-0.0903497357493397	-0.385570842270657	-0.22378343808077	-0.297231397224607	0.522172513312136	-0.0120023899187533	0.361483185964845	0.047817957633426	0.232997168453197	0.15509455833949	0.337569876809305	-0.277139382938682	-0.258829123833919	0.172513074824095	0.163056617757371	-0.050019990926139	-0.226147901563666	-0.228234142744273	-0.237332530100956	0.222736074283212	-0.374303066288703	-0.679102891817783	-0.132623837505891	-0.356041412110822	0.0632804139960939	-0.169142091433766	-0.00805975233659329	0.15236366161472	-0.190150597697516	-0.249661708721506	0.0766567843586755	-0.365389123187729	-0.153430052510422	-0.257514095356733	-0.700744155334421	-0.473450326982772	0.189853417513629	-0.219104452207456	-0.282650154711403	-0.610065478424597	-0.176956031435783	-0.265775285373083	-0.171484897967013	0.178219898968527	-0.221076630365693	0.0404793343364825	-0.561442168117736	-0.234778067304368	-0.0145936586044097	-0.322853275945644	-0.202300843667938	0.19368053948405	-0.22607200203935	0.149911412115878	-0.126825031840711	0.00175512643640946	0.480204980156966	-0.251277684476016	0.0581046834841817	0.0888539826536173	-0.547304130771223	0.0171479609278386	-0.663305850626801	0.0740093134928329	-0.148256471341852	-0.28979301854141	0.248591092950985	-0.188559964761867	-0.48612515081881	-0.25590765448837	-0.169636684635911	-0.180354368177612	-0.373451728704985	-0.413849283239437	-0.129269673400257	-0.257591243967859	0.0819136858183513	0.0462642006111603
ATP7A	0.735106386902552	0.808779965235658	0.783540665153243	0.246541430750632	0.709942062222774	-0.288999587355163	1	-0.0104446705860637	0.760557722142208	0.553566009927579	-0.355353068895216	0.685913810403505	0.567422321295495	0.778860547645516	-0.292944345114607	0.344110214319579	0.374562557474085	0.564884670628216	0.365168561812694	0.646294202101528	0.778239815231447	0.627472832956351	0.488933682975984	0.690507683294347	0.824690558323573	0.613319760134179	0.0769798702424436	0.941245632828018	0.516216209158153	0.700723332280125	0.347149279105366	0.400066894136499	0.423961519079657	0.716352856684303	-0.293798983552881	0.78752594842621	0.361064910030477	0.653815199836377	-0.30854806761888	0.59736620794222	-0.44816253314009	0.466463658635775	0.538927173718041	0.605274425958081	0.612025079826148	0.499119015832933	0.565452259960241	-0.018204501378429	0.88257859842623	-0.534041472979023	0.268337584132062	-0.10336557195065	0.263136554069935	0.454306938240373	0.715787319803664	0.687315952287131	0.604915309241838	0.129094869358126	0.75362153787712	-0.0108715190671	0.763380770702332	0.0942664334694272	0.814608816937555	0.600213906431396	0.829204899730378	0.619269633238084	-0.317162895638954	0.667389885277358	-0.14356048075676	-0.0100836947297592	-0.109046362479095	-0.0345635180327314	-0.744118569895755	0.755942129801816	-0.50797083530222	-0.50554863109631	-0.0856410687257941	0.499057240268586	0.65190016008787	0.843664230063615	0.793467460126735	-0.514882175764736	0.788908169135109	-0.149822061532083	0.758275335833881	-0.0695929504598696	-0.598659464454884	0.756123154214247	-0.323071484310381	-0.420163612300889	0.719960551886269	0.625522437649107	0.00499602743615705	0.513376312009897	0.669829806009981	0.846931660397944	0.102675396355736	0.780172510423233	-0.2771692386099	0.818822353486234	-0.131800370929809	-0.0868124327911187	0.816344008785137	0.496930997989828	-0.262365771205774	0.204043272514954	0.824370293536697	0.0707115832376448	0.575134989611236	0.730272191158187	0.482615183455548	0.868583330706912	0.783925576838591	-0.149875989629072	0.867973258017727	-0.257781061296113	0.733723065913614	-0.551190595344477	-0.651969631700194	0.653081663153465	-0.00132595257645515	0.361017013373565	0.107163636222653	-0.0808013109060431	-0.0168669272894825	-0.0615596533612776	0.774646038083185	0.785869032656509	0.540985829260065	0.487149642718564	0.52451235272915	0.695103723120045	0.78525052842528	0.670757064599952	0.507953061092549	0.759746804051751	0.489513031968062	0.769201100793254	-0.315988184056646	0.409913099976264
BMP1	-0.143696519711778	0.0656971216994388	-0.0294507357381706	0.184699443172358	-0.0522704999011967	-0.0442924135269426	-0.0104446705860637	1	0.0249077128630888	-0.00266338091299465	0.0460065480907633	-0.00807673908985259	0.0167702408316374	0.00590003466307362	0.272708965014701	-0.0427741945126705	0.0816001891542852	-0.10261709121774	0.222416251118207	-0.0357291359579355	0.0309908327979717	-0.0486761962326781	-0.238544476842967	-0.0829169523474158	-0.0159604054005368	-0.0282817160465755	0.00730109182546875	0.0476262666231325	0.0254657143378278	0.20400117952296	0.0380428349686831	0.131335582355712	-0.217678013840655	-0.0055346632933594	-0.223912475214	-0.0245089598397048	-0.057981801749702	0.144056238651593	-0.0571069845710517	-0.0723178762050212	-0.0117865242828194	-0.150766737047941	-0.0462861078309676	-0.120109439223308	-0.0393518393843752	-0.104117639597823	-0.0299018584230626	0.373686004671287	0.0236342432752916	-0.0308741989050055	-0.0977020700703558	-0.0945675388904167	0.00167158084391176	0.100119382081744	-0.00650648486689337	-0.0385942344254483	0.00118608211732687	0.492413436138505	-0.00116120514341988	0.523981089185775	-0.025321878415673	-0.241381203655743	0.0759510668587131	-0.0767845329277252	-0.0394685350811553	0.0784816963368625	-0.176904302990914	-0.0369798669860078	-0.258200910790613	0.0292743707650433	-0.112300221405114	-0.158914021257791	-0.050225684862936	0.0862867041896337	0.125879597778382	0.105332243631127	-0.116611518014926	-0.0750196656447195	0.0414596774661831	0.0122372924717661	0.0377351633319825	-0.200505216291764	0.00825089374771579	-0.0519186607944326	0.063423491198724	0.0506342900983594	0.647279877567399	0.023937049996667	-0.0424399606064463	0.113678160733772	-0.06400668675188	-0.104525093366419	-0.122616025568658	0.0204601855665004	-0.00925541697798456	0.0281384921998383	-0.119534362742008	-0.0393640952755824	-0.18208391687272	0.070605731759188	0.0745005582571422	-0.035425229004091	0.0555507889386627	0.154634212001311	0.661932501964158	0.0578852024396171	0.0512462642304019	-0.213954889208176	-0.132531017727437	0.0711204955392704	-0.0581567155568055	0.032244761001169	-0.00834648450059781	-0.189786782681469	0.000388768102197465	-0.121767760223317	0.0140681968290399	-0.274608718781272	0.0408089872607661	0.00329357409696302	-0.025992534431822	-0.208420600693795	0.0104222702002277	-0.130623980780676	0.0598475886234863	-0.180952904093283	0.027669882519692	0.037303714162794	-0.206062009617034	0.103106194918664	0.0485609565975838	0.109356546016414	-0.000388428915746317	-0.0456208494643423	-0.0830884112880395	-0.0435397284432452	-0.0570641663523388	-0.0092473166262395	0.142795186921997	0.0118830562409754
COL10A1	0.810935309200456	0.654863605047942	0.845752187635697	0.518044535871681	0.723671086399731	-0.221904104250427	0.760557722142208	0.0249077128630888	1	0.775981733284536	-0.581360318544891	0.864155289368248	0.63699049000462	0.953405113813795	0.0930622492101224	0.515837326510983	0.375460500660105	0.840878721478867	0.152313486175133	0.77940437986623	0.921778918752851	0.62225895433498	0.185596738677693	0.778518266269114	0.884756094859827	0.94027500984014	0.194561068038634	0.76220788742141	0.763130408550621	0.778938801718844	0.453039783952875	0.506516765264021	0.593844163570944	0.714211180426769	-0.153603474835154	0.839337508346618	0.0584225137730225	0.810831352184462	-0.289971597702263	0.668726746884068	-0.75256598409547	0.648559357311438	0.648545386476191	0.348214624386926	0.663562115739565	0.699279438619423	0.721201463108636	-0.0551643392455733	0.866024889147488	-0.222697373877327	0.349212294220114	-0.0349835699011312	0.717422732365282	0.713970405656923	0.798166446034251	0.796419006482587	0.642956203893058	0.383593622896188	0.798696016511564	0.144207618367214	0.955708437418881	-0.108919709601435	0.933059470369762	0.576693481222407	0.67873406936037	0.73776519615675	-0.505716318840859	0.513543444926623	-0.391291530710702	-0.100932845688089	-0.305587220253574	-0.274562875278413	-0.746948571701652	0.623801512399131	-0.406338229624589	-0.384004477644993	-0.346853142187675	0.557315380215641	0.767072700931185	0.857446540009716	0.884423179154217	-0.485177647923819	0.856230912206925	0.103890349756183	0.867192939674602	-0.0563393789712603	-0.542893873459873	0.842441471467698	-0.367513619974429	-0.396606460166331	0.787303918558525	0.686455691997208	-0.102095660998538	0.753596888208861	0.851088943684097	0.9225678182501	-0.0269103738063825	0.887375948102127	-0.389970267539093	0.825157206922387	-0.342260179312607	-0.0167319346823516	0.775051097288374	0.592313434798388	-0.357610553737038	0.425623098986019	0.759789048261984	0.23678831727387	0.67508182313063	0.786142388088112	0.700797291907447	0.888728615460982	0.787450263481458	-0.296258655422032	0.784642865826873	-0.32762470357945	0.880658273358975	-0.504155121915584	-0.691479080135326	0.781251114965072	-0.0674585504849673	0.157226915087899	0.0931723122543365	-0.414098891431052	-0.0416952874813227	-0.101191342929636	0.910948287756161	0.982456202370566	0.450907595124286	0.521846009759595	0.346828101591492	0.761739827001781	0.884598441544869	0.975386867033365	0.143432163871241	0.865138701530749	0.54119265913696	0.831744245884532	-0.429664281655308	0.765501707195279
COL11A1	0.573453895699899	0.717816377715482	0.830476229045251	0.471321083097281	0.925273134853219	-0.0288228632521942	0.553566009927579	-0.00266338091299465	0.775981733284536	1	-0.408082579619439	0.83935950771828	0.842959427383463	0.878629714181882	0.103072800229506	0.721151068771621	0.490233152493782	0.921036983354585	0.160411126276182	0.938489087583189	0.843247502638754	0.722222944817645	0.22904417444744	0.772861193345691	0.867917344260836	0.660874552732249	0.242052311399283	0.553981498487685	0.966755265181723	0.863481972631748	0.636845397958713	0.504135881258284	0.537220622872067	0.835141341163464	-0.160745587835017	0.913351855931476	0.172282253105735	0.8800953162982	-0.320234918267519	0.843930101602462	-0.769693759583053	0.606481981361058	0.869959241206378	0.471909091219099	0.884823337453355	0.906969905278315	0.91411953472147	-0.133674760987054	0.787634880677159	-0.466734300244681	0.559833827197248	-0.0312546264938737	0.588104723161052	0.904731322235962	0.89670151752924	0.937573695040513	0.852324173301879	0.664867581957005	0.894961294607858	0.094713475450449	0.850304756520985	-0.41490094130442	0.774489965233516	0.623566245582728	0.695207370855326	0.930621998844984	-0.274819131022371	0.42086329927717	-0.442267692841822	-0.039686462350294	-0.249895692053336	-0.447638302608007	-0.65277143946432	0.760811165668454	-0.352840470910447	-0.136837517975142	-0.412794791409685	0.730406755265005	0.916883678199113	0.845240317243538	0.883230361822566	-0.411405302956234	0.832736336678548	0.0731143340541926	0.9393561511323	-0.116661071664802	-0.554125113655688	0.893024926352964	-0.43804658896609	-0.258165046793558	0.881864980778818	0.234280034944988	-0.143815381098504	0.797255923300024	0.975573750804853	0.811246332562414	0.0163825915121483	0.642276929997203	-0.332178048466445	0.881032021431059	-0.430797139119712	-0.0290502436612035	0.852444715885503	0.666587353620977	-0.254461030820168	0.730852985379324	0.815492426894168	0.41110835149275	0.736229663870311	0.873720333103063	0.77993694061994	0.837565353796569	0.891842728247563	-0.352354076496724	0.645678058033433	-0.227349123830492	0.943026007087234	-0.509856763590674	-0.594645006047231	0.937328955037236	-0.186515005801618	0.00642907455915008	0.0707296065464233	-0.54119653043664	0.0364411787533525	-0.281588414046372	0.921368814467605	0.742849648271655	0.402005047221284	0.71048379156696	0.303494346418836	0.846008630676775	0.922807443317577	0.814023866499076	0.147171389413308	0.556724386840177	0.678645386843542	0.872157657488098	-0.587936332871132	0.421239432460483
COL11A2	-0.55386999765371	-0.228675297931922	-0.481263749093091	-0.105361392018154	-0.299108698522348	-0.0236110880890646	-0.355353068895216	0.0460065480907633	-0.581360318544891	-0.408082579619439	1	-0.44635358264502	-0.385019858863561	-0.52614279474627	0.136415663502719	-0.318517332277568	-0.229960984927622	-0.582807279998714	0.112697544445697	-0.456905359449315	-0.510572401267491	-0.170653501609637	-0.164561624940529	-0.341666868424858	-0.451566161510747	-0.602585903451783	0.425053582953103	-0.391470129699841	-0.442836240896079	-0.394792640797327	-0.00687047454603491	-0.022418663752061	-0.342773790530238	-0.16588984047351	0.48719057899615	-0.459616949101655	0.0534254648557115	-0.141935885050752	0.288907273482386	-0.161712798247234	0.251741290244679	-0.32731782142723	-0.288273625143221	-0.264969640125921	-0.426052981883297	-0.4502475312829	-0.384300329189767	0.485412017599545	-0.376410183438363	0.102138967547609	-0.331079801840833	0.530967243375791	-0.293724429554109	-0.263974223277355	-0.379925234521652	-0.468073715570581	-0.366236675016913	-0.0294692007322134	-0.461771466851548	0.147217019678601	-0.626456638877025	-0.224593919663128	-0.656934603106553	0.0188537940311329	-0.207158415406176	-0.304734499376174	-0.0695496409720206	-0.460203881713336	-0.183923813748509	-0.289192333193984	-0.0936409417694081	-0.0793517865769433	0.359544482087747	-0.179226644327074	0.574536175917247	0.54657052179926	0.111348359630603	-0.511226632789234	-0.365545171725728	-0.416626147694594	-0.41641940894504	0.26372755764607	-0.408921636982054	0.172005835567424	-0.453407814529815	0.543873666235537	0.357288469489469	-0.502906447541123	-0.0204280671497633	0.546689782909864	-0.355444611444139	-0.565412253264988	-0.0902903773430768	-0.228725945175288	-0.473401618453661	-0.515546853564328	0.266449727961753	-0.445784816025791	-0.0829374018401853	-0.359360407325763	0.570318028387713	0.466466324910289	-0.345364536303793	0.0404030463880573	0.204668367523506	-0.134785379574306	-0.385579013491683	0.015564568844285	-0.0907470278832889	-0.222397750937887	-0.322688301229547	-0.493837924613666	-0.279727852854134	-0.0158911132916197	-0.44061367525501	-0.0398057433134494	-0.456982323184788	0.0580236843897113	0.493763000005337	-0.404165687459427	-0.144498043400148	-0.498501601111673	0.428195180129765	0.231156770330973	0.36881922999709	-0.293024858137265	-0.511974076753941	-0.57793051509325	-0.458531872390856	-0.0270441724320387	0.25670745374536	-0.219340451003538	-0.496985044470513	-0.604389354622395	-0.187536360022685	-0.416548177094937	-0.0876647893481044	-0.358489061254395	-0.0605375513592031	-0.66414400185173
COL13A1	0.700526919044886	0.657121116275279	0.7571257071834	0.488797834297434	0.775979917998326	-0.185712415470502	0.685913810403505	-0.00807673908985259	0.864155289368248	0.83935950771828	-0.44635358264502	1	0.803277573188942	0.91840451199917	-0.0222140190513698	0.702654507918246	0.239612638223747	0.889404230873601	-0.0574105977593264	0.885409596527403	0.895096092192908	0.703933748241865	0.162088035654704	0.82913935769938	0.878144551453146	0.818910024729465	0.120158368580453	0.622437040673638	0.760836820637853	0.845386479834942	0.474799259514725	0.544332374604778	0.700414814866331	0.686250954417391	-0.111257829975481	0.863064561512693	0.161639868537866	0.82099729062543	-0.461151716040683	0.707680545058448	-0.725605825579848	0.718553189290886	0.793991402974699	0.364047382258746	0.74782705462967	0.851700915859688	0.852787226791984	-0.187291713637713	0.776989290637893	-0.519365005919523	0.490758744799033	-0.0183023890564736	0.592866690614781	0.831328717122279	0.867537978134556	0.869871105783051	0.801384366343744	0.46722285373374	0.873809573968787	0.153121118852043	0.928346826916543	-0.200759940591555	0.845873493435224	0.64129356502438	0.672250706996988	0.86309946858661	-0.395005403584804	0.541130929612252	-0.409607300405841	0.0583834454896159	-0.255573902610208	-0.307321768779044	-0.85666258548289	0.685594204031998	-0.445605186755472	-0.194717951574898	-0.482086558351403	0.689810647241422	0.874743871128492	0.800797323701759	0.860598076005242	-0.514365046407544	0.881490264884189	0.205528930289619	0.876072676133703	-0.215404438396617	-0.610098254308407	0.896629970448412	-0.557659499590616	-0.341959261558647	0.848871699012497	0.450414376806805	-0.183409630696203	0.81560513426695	0.89948652419694	0.86552754474831	-0.0414372767456715	0.817316807373959	-0.354103785779099	0.857369638986119	-0.411485635025005	-0.060209233084651	0.771215737761634	0.678483156732779	-0.21081154437868	0.480493077006557	0.78021081122275	0.387454996726914	0.744533360409617	0.823489035788949	0.567972755276035	0.865086000363785	0.819142090564714	-0.39568386357923	0.701393067033891	-0.255036419057767	0.854866910089305	-0.453765088985102	-0.642097825014005	0.883486295973325	-0.17709961578037	0.142004722801063	0.0483807415773812	-0.615900127645638	-0.00190519358311822	-0.186654930115439	0.875134560140424	0.888887580715861	0.402075642626995	0.815057371198953	0.274450201446014	0.839110603269027	0.896640673652555	0.866347719103805	0.096634210414077	0.738211196807519	0.659088948338763	0.859511647729658	-0.457901114432946	0.537560618277027
COL14A1	0.399426265290207	0.739721572873013	0.606047465375692	0.497731443115794	0.828843659947057	-0.243457423372931	0.567422321295495	0.0167702408316374	0.63699049000462	0.842959427383463	-0.385019858863561	0.803277573188942	1	0.806717154732116	-0.0251353051980708	0.877973279456777	0.266474472651869	0.821840500775452	0.0616769777061197	0.82709894329712	0.708203515615248	0.73956572230087	0.348150492797558	0.75704362015228	0.784259827995731	0.485310445396671	0.104650051144284	0.531642220686368	0.847331778191732	0.829862778704039	0.464387446688981	0.465529241780989	0.581748007645588	0.729967568340594	-0.148811401953151	0.846225373208921	0.202778152806748	0.736709588912088	-0.355417586178536	0.752271072713967	-0.68609572257913	0.595645873915608	0.936814273368143	0.514983352976027	0.836779748200654	0.816011129644715	0.936570504563403	-0.254142657321826	0.713463042793719	-0.621601426006886	0.301203109514491	-0.0220957939184506	0.372168495240721	0.846908371366623	0.920662738430069	0.934178715006477	0.921116645326507	0.616156392282352	0.839487381256121	0.164541266918535	0.77381394217678	-0.171258269100457	0.663738663831115	0.639256760177238	0.742732781650694	0.876557889715825	-0.219997142487125	0.468672109528532	-0.306728169643254	0.158886599122562	-0.109834884767675	-0.273583617339403	-0.643041707012372	0.803370563315303	-0.303368122966051	-0.137791860385571	-0.244865176370622	0.582358795195957	0.935927146956766	0.823912637904548	0.860469387360263	-0.311737643167666	0.886427464471412	0.184932783438675	0.826592979022952	-0.212440839520445	-0.501634662367188	0.834117271771296	-0.407737730245996	-0.335069013849029	0.82647018784618	0.187053411065322	-0.206893960325666	0.784739116090848	0.891185427018888	0.704455321750815	0.11269886443862	0.644342421425157	-0.179143860457983	0.826176335518814	-0.320280996734062	-0.0283956622434365	0.7839042271099	0.707232102942023	-0.09366376420636	0.343444078989684	0.782542769804732	0.443049861073908	0.753822586648964	0.837041278202684	0.537620117360399	0.829251031361681	0.802306452514566	-0.393039867747566	0.535702452833665	-0.0933251596407575	0.844124059873258	-0.246324914358242	-0.671365040555707	0.885301320143628	-0.219152778007937	0.138308907378257	0.0718016663392333	-0.518996779358523	0.148206911476604	-0.237420595146306	0.79817893478299	0.662783765476119	0.380247224046021	0.820468780658458	0.299707553595525	0.77466183293111	0.820809845257969	0.668347882507576	0.285584805214986	0.505565450762274	0.727033465776151	0.828444762104763	-0.484342518056963	0.256944666534922
COL15A1	0.781391182617719	0.803978185444453	0.868026823835619	0.560152778795225	0.870073345540845	-0.221840156468366	0.778860547645516	0.00590003466307362	0.953405113813795	0.878629714181882	-0.52614279474627	0.91840451199917	0.806717154732116	1	0.0245562982492262	0.698307036863137	0.405927988328559	0.917706753048059	0.151093105709074	0.902549349642972	0.951275057013468	0.686071702862749	0.197409050482264	0.86543312357246	0.92563773849945	0.854468754023989	0.215865433744287	0.788688869133672	0.869434675226171	0.894964495925126	0.453226696547597	0.577170399509115	0.668968107058584	0.835526794317565	-0.182764708654059	0.936689244310515	0.12094370443384	0.863382145074436	-0.282325478428437	0.779169624129347	-0.789451419559395	0.681906210000048	0.831896936744729	0.469359136609665	0.83086824305905	0.834109792944765	0.877659568584897	-0.0897310964079886	0.926116378913211	-0.428777794498676	0.41358252118369	-0.0251230682308518	0.622537613231967	0.813016430490268	0.928373600907343	0.914215003092071	0.825202352968013	0.48268354795915	0.916344623444425	0.129123674901791	0.981658786103782	-0.141662477463117	0.918191822261829	0.6824367398084	0.816326565306439	0.85938080570942	-0.416756731655503	0.565078124922596	-0.380659255536698	-0.00745663488853614	-0.201349221106726	-0.247076969591618	-0.790708090579846	0.767065550201254	-0.41390138166246	-0.324372988526872	-0.346140989397535	0.668365243928632	0.913688056447193	0.944334605623127	0.96285801387575	-0.520855027872779	0.955384161240224	0.0791071193878765	0.956534799426354	-0.0792104923860164	-0.598829139731087	0.951538617723877	-0.350843644771176	-0.372597375027288	0.909905290037471	0.559050838435801	-0.122538205578042	0.829010607772847	0.948554492180678	0.93920019417618	-0.0201601364948769	0.865444338198233	-0.301669199822243	0.921120838485593	-0.322848987481446	-0.000248160651289033	0.888204503833224	0.693436445378828	-0.308403970890483	0.459466110281397	0.882480746036358	0.308679611648431	0.772241584141583	0.904542670291792	0.671480155475668	0.954071177786266	0.903548303295436	-0.33249885999093	0.825473616362952	-0.22579874723329	0.954559674904209	-0.492733094320472	-0.713678851896256	0.90864787588693	-0.116438323540393	0.163595623644627	0.116476116827885	-0.445012021282791	-0.0192275431216047	-0.127162680803783	0.972950592228739	0.956469558474344	0.457569503825999	0.693974154960477	0.420113184670755	0.862767034043044	0.961524793558936	0.942120747878282	0.165262001682692	0.815719904700469	0.678363995630009	0.937517615255813	-0.518582636351226	0.623171900662971
COL16A1	-0.0860605950140372	-0.14327253199561	0.038329376798696	0.428675058592768	-0.0395652622726021	-0.271977410891874	-0.292944345114607	0.272708965014701	0.0930622492101224	0.103072800229506	0.136415663502719	-0.0222140190513698	-0.0251353051980708	0.0245562982492262	1	-0.129647740713917	-0.113105455141212	-0.0538570626242329	0.223481855628195	0.0046793850611097	0.0854190318311597	0.14420561938554	-0.296862392344535	0.000741285071037573	0.034101296035703	0.173268889585205	0.658138220998784	-0.182554364399965	0.16379696900053	0.112725995470591	0.276672600664223	0.20829015854265	-0.0332548015716655	0.0313627040721948	0.441532838174345	-0.0312271631540155	-0.41378212398605	0.26769659731738	0.305781049591655	0.219325289704338	-0.364974852181055	-0.228403040396443	-0.0467461405097494	-0.465596080737225	-0.193656290846635	-0.0253603945239362	-0.0683244995185285	0.324101498461747	0.0103101255181608	0.458532850911983	0.0495692250335771	0.455458678314406	0.593784676268984	0.305950445588868	-0.0324003896860958	-0.0279281359870246	-0.173201508531415	0.298880185125718	-0.0634529384740485	0.665794853278123	-0.0107558242249901	-0.578865647901824	-0.0744626267988479	0.0847192322110736	-0.0933648820533001	0.190269879279136	-0.341607431774789	-0.425755164008599	-0.615922648027209	-0.32281864231225	-0.279277824747388	-0.64984852220458	0.179417161040874	4.33959661681462e-05	0.601762853822972	0.412771177960758	-0.583390326006585	-0.200800488394062	-0.0144766065240116	-0.0876605226536337	-0.0051789418792058	0.347366482869314	-0.00807466631923512	0.424908858113073	0.0109498859534705	0.37397552563528	0.378721679636946	-0.0982760959048911	0.1031699591876	0.479704099638433	0.00998006912083907	-0.340514005119823	-0.652882518669112	0.352291524946296	0.0209935245010897	0.0103719969985889	0.172935423380604	0.0514501482561306	-0.169078938866275	-0.0190445483613236	0.0945406907842933	0.494684648278451	-0.0807007107823062	0.209498980731051	0.190573311243881	0.34224652100152	-0.0787974795027789	-0.0155762729213847	0.134294431823602	0.139025968053774	0.26915536072968	0.000810017256017391	0.0130025084927875	-0.696946555066456	-0.0994332091067773	0.0533489511064284	0.0154769474494625	0.200159253945077	0.0669158871259822	0.0307960418032746	-0.62503144986365	-0.745185987861261	0.354660897962121	-0.430724550600951	0.431265256102876	-0.451998462252833	0.0288252040779496	0.0830008769305839	-0.413066478074833	-0.0519107365972493	0.121917214243102	0.218056946894336	-0.0163710809026382	0.134174197498223	-0.495896996140547	0.114607105744481	0.301875510088879	0.0671843267051837	-0.499983816320276	0.0964970690318535
COL17A1	0.31363589085775	0.577377658653418	0.365554115107655	0.548978392122501	0.685878062599581	-0.135922578750776	0.344110214319579	-0.0427741945126705	0.515837326510983	0.721151068771621	-0.318517332277568	0.702654507918246	0.877973279456777	0.698307036863137	-0.129647740713917	1	0.128780581770157	0.811656320587692	-0.267413889967671	0.713210036759515	0.543384780225485	0.463797980763739	0.101588084038365	0.612286250919197	0.564131403518158	0.419674009005507	0.105755490089336	0.30440418476958	0.721287898917993	0.676357995615171	0.164986712639587	0.40500098790127	0.618102527793272	0.567494167040523	-0.138611026366611	0.675110220287865	0.104667307062581	0.571305685051114	-0.161135519336801	0.568551528537635	-0.647720981380112	0.681090901229846	0.938735240400681	0.417751635296965	0.746387584114866	0.78966191765175	0.925419474725906	-0.141429051736918	0.531588708320858	-0.506779923944045	0.21792970811269	-0.0650071571067968	0.230032580803703	0.710132352584635	0.821122557665791	0.802670510857843	0.912368642191753	0.609705632518226	0.697715353576559	0.0380004274876557	0.669204003663014	-0.0970040549749906	0.493870441992938	0.455763604330254	0.592489651333953	0.687192506236253	-0.169741362921886	0.276039539119057	-0.213558502982129	0.32240331549978	-0.0985508897957381	0.0307526036800674	-0.477860456645686	0.554061016611944	-0.180838185067795	0.031462727296811	-0.166628672076296	0.507502739365036	0.873273690319098	0.674898447170903	0.701619006512785	-0.370873865397464	0.786004725824868	0.21731632387891	0.658742532372831	-0.0905406478884406	-0.438206822398244	0.751246938582911	-0.321173161351981	-0.307898922947489	0.660763852811503	0.179413328483555	-0.0600730958792047	0.683447860680523	0.774678637380848	0.512150478650583	0.0012080254392322	0.526666684533474	-0.131245279336256	0.618491942421749	-0.171009379086937	-0.0335766654630984	0.589306665098984	0.675383985755142	-0.046001946419579	0.179818325304756	0.589060970273946	0.399591149713399	0.666210698011468	0.680569548333986	0.297493614603692	0.628570703902767	0.619903217860299	-0.160156482714746	0.350138537158354	-0.0944936760419996	0.688355194262576	-0.108766372876034	-0.576163695349192	0.764607200937562	-0.0584167644293493	0.147323127895478	0.00922089198211403	-0.434844391494832	0.0477820610487108	-0.112131405575967	0.626105575887121	0.546561431934722	0.311736741743459	0.757842696066475	0.156287970242841	0.599482706819334	0.65223902985162	0.561966814883021	0.125111907405854	0.38567093803875	0.594126832342795	0.66017075041396	-0.324139114912931	0.199039590003016
COL18A1	0.347673620803579	0.546019054237483	0.611857897698229	-0.0174730265267781	0.534467545669232	-0.200592998618322	0.374562557474085	0.0816001891542852	0.375460500660105	0.490233152493782	-0.229960984927622	0.239612638223747	0.266474472651869	0.405927988328559	-0.113105455141212	0.128780581770157	1	0.379193586352176	0.626080216677205	0.475385151936232	0.460285297194264	0.419149515385582	0.347098309385345	0.437203687066997	0.521242145777438	0.227483323033969	0.0233906162625586	0.508163845470941	0.489900886018705	0.418469314088822	0.288937665281493	0.58936410488603	-0.05757068334284	0.605171998998425	-0.0399135381455356	0.550800271384277	0.08117382544783	0.408660331119551	-0.161369491333972	0.199804267122016	-0.250356796245969	0.254160620154575	0.296415116846905	0.337570418689194	0.565593444335673	0.410044318433148	0.366052088839826	0.0579941055843454	0.478374963372282	-0.214108745024543	0.358221473482306	0.166210807607493	0.088180808600167	0.299977416277986	0.33221795311782	0.477324495595683	0.360713253016299	0.0745682079722536	0.525564839941343	-0.0516331851595242	0.381432298125705	-0.207738045807113	0.380698635860313	0.500418800452027	0.355476731105712	0.427111074050353	-0.10292330610032	0.476507056862547	-0.153687014078501	-0.331423098498774	-0.159592320287641	-0.234783768828816	-0.408855865465646	0.485701027113155	-0.289667443262419	-0.60619333642785	0.12542334435163	0.554849168650673	0.397875964772091	0.505324833293181	0.472390456838903	-0.570815111079656	0.344687421044416	-0.0359951790570158	0.539282545343564	0.0874614342868328	-0.274532197329516	0.46680152015193	0.00980508110463406	-0.321012756415692	0.479426561175001	0.317877707289072	0.480491602006004	0.160948228864867	0.485450539452038	0.448328595771531	0.225847238601799	0.243020988474625	-0.241722599238814	0.519890996412517	-0.122117093667957	0.174357525070952	0.598536767629661	0.156023647964371	-0.163708305503478	0.427336306368769	0.536935890961824	0.254714642798959	0.437259536620374	0.367945719521721	0.409211042215514	0.42696856724418	0.531623932148287	0.275594774546896	0.508243128118895	-0.33195146245909	0.510900176473618	-0.737423638846628	-0.271922139733321	0.517774599270692	0.413507545499459	0.189094657915394	0.260017293659374	0.187165138821145	0.0374738860439129	0.0481519595373036	0.52632002701353	0.305512813249328	0.172341919618083	0.151000515957627	0.452430390620152	0.297650935342213	0.529239610896517	0.336553474398933	0.463525719960289	0.190906200105907	-0.0135073953194277	0.408078127038698	-0.0139802700396998	0.211110495212704
COL19A1	0.666514528260651	0.642201468990195	0.748987752020908	0.472497082014845	0.828961176522099	-0.047766283503589	0.564884670628216	-0.10261709121774	0.840878721478867	0.921036983354585	-0.582807279998714	0.889404230873601	0.821840500775452	0.917706753048059	-0.0538570626242329	0.811656320587692	0.379193586352176	1	-0.0925382529519132	0.908159152613825	0.836014914384822	0.578558254165284	0.173264741465075	0.75919365612867	0.81571039747203	0.779752337906983	0.105186267584599	0.539965019805627	0.887848867979228	0.807070187734089	0.443580660480979	0.478756564274219	0.689817046075575	0.72435488203679	-0.210215063041729	0.872881096975331	0.188019267868439	0.759952578207887	-0.368232887936916	0.709007193251869	-0.722129469990856	0.718299890482722	0.868074850880217	0.468116364932734	0.865391258777376	0.910276245652661	0.927340991881704	-0.194496356905417	0.753217144277461	-0.456291416868692	0.494145114724616	-0.108113534088803	0.565840560353077	0.788259425638459	0.88810606606846	0.912099418856884	0.877030423539693	0.538471911291281	0.861895999291272	-0.0194581681413656	0.929258003120694	-0.153244404199976	0.824563256645678	0.521364084741847	0.650590331139622	0.827017851459698	-0.308878778313379	0.485979076965152	-0.24038625451741	0.178291687616523	-0.154403971971728	-0.175132495592691	-0.704215360946595	0.602605328148478	-0.461436196606148	-0.197957746165232	-0.355220388271604	0.744727901328216	0.90272040952396	0.822369323921904	0.858767836261635	-0.529733722204366	0.855567569542566	0.129747843500571	0.891486062727731	-0.161036797657662	-0.659745538007296	0.915227461576153	-0.383576145714737	-0.447302555015011	0.832876922727259	0.445051639563582	-0.0304439422223334	0.766458347946931	0.949466375706558	0.827919701642725	-0.0497166291917963	0.727849981431102	-0.236955746764329	0.800715841824944	-0.474963246767679	-0.0981065396064085	0.761283805151247	0.622749593659562	-0.33097277386116	0.535376353396861	0.747388620169871	0.356982485574316	0.7273102998665	0.785208382242664	0.649581494222602	0.817837899459533	0.79564211334029	-0.192634632260358	0.634935782036599	-0.18138023418184	0.905519837331814	-0.402611619864726	-0.633347812525794	0.891252182955646	-0.0384035372895267	0.249735440764843	-0.00157938956963188	-0.548227340641673	-0.0499947470637499	-0.0498862740199872	0.891089827306901	0.830889623348619	0.509339761598183	0.663599971273824	0.209476967001482	0.731816956382488	0.891092017896034	0.884305797012748	0.134376308112667	0.657881857804851	0.578446300633902	0.835666321800905	-0.405603375109467	0.592792863479278
COL1A1	0.0768749409228714	0.495239316505795	0.427477121352827	-0.00732156083647175	0.315426990070401	-0.303082839007104	0.365168561812694	0.222416251118207	0.152313486175133	0.160411126276182	0.112697544445697	-0.0574105977593264	0.0616769777061197	0.151093105709074	0.223481855628195	-0.267413889967671	0.626080216677205	-0.0925382529519132	1	0.133343354423773	0.25271966058904	0.313743164528646	0.321019749487103	0.187224343821661	0.317948812550871	-0.056438060561039	0.285065801008617	0.506843852402295	0.232828120926854	0.273559231183519	0.31673215680397	0.412456141295754	-0.35282774510687	0.514697027249995	0.00982246846891817	0.260111927435639	-0.00739701112096526	0.29815849399508	0.0957654506365155	0.27103472934583	-0.112137826212385	-0.216814286603852	0.00339088946409497	0.298980128576414	0.179542721960394	-0.038766895811364	-0.00907646166168152	0.236039920434274	0.390487490996803	-0.0927037184643871	0.0414138365976482	0.306879009473884	0.0765917636390305	0.160464418848653	0.147164891920484	0.151490009546916	-0.0220834657896971	-0.00293686799486147	0.243292176673308	0.369929859448829	0.0585547819782959	-0.193181114315557	0.210289297977205	0.423652442206294	0.369900252382091	0.22697548573863	-0.131397554127436	0.288412797895616	-0.246077173506269	-0.497921553520405	-0.141761302101188	-0.371735562058416	-0.08333177242256	0.528143125758582	0.111065073171899	-0.338846583400331	0.148250834237215	0.0370403608251575	0.0941673250048304	0.347943493925274	0.290934845796108	-0.0169446511539932	0.151483064237448	-0.146215016644575	0.286911696191646	0.280680045328446	0.0157777703079681	0.126426888520423	0.0812897895358572	0.148068730391867	0.234458782725998	-0.00694978508117088	-0.0349106405372806	0.0343213122595565	0.152516255781964	0.2136087829964	0.254658531372164	0.02825748720157	-0.219674028404052	0.398306443447789	0.258821163729254	0.408945476364569	0.462023807616477	0.121513725872267	-0.0609065441639884	0.193218894347791	0.41344039765187	-0.0291269374740579	0.238260564873357	0.276799934195416	0.301287510189825	0.288533449462339	0.372317210174512	-0.184636454440514	0.412325498519314	-0.199305472496491	0.268828898954866	-0.38013512291102	-0.0336240512358241	0.183110063767359	-0.090950193539151	-0.165312246592462	0.484459014435386	0.262324460456657	0.257154734608306	-0.308696992999949	0.292538116411142	0.100138962206245	0.0431780373075622	-0.0106470383951333	0.660430422126208	0.251324185234423	0.26534733349083	0.0453210454728088	0.320051739731318	0.053198776473016	0.121254006724876	0.229110327748374	-0.195101933443412	-0.0366963117190995
COL1A2	0.734863604675833	0.797575717486306	0.873370643854358	0.400764567718565	0.940131419311292	-0.113672292743743	0.646294202101528	-0.0357291359579355	0.77940437986623	0.938489087583189	-0.456905359449315	0.885409596527403	0.82709894329712	0.902549349642972	0.0046793850611097	0.713210036759515	0.475385151936232	0.908159152613825	0.133343354423773	1	0.921362726043451	0.698327754605051	0.172360832823886	0.844436467425416	0.889660151499606	0.706610232527263	0.197711789005838	0.666268054437047	0.88091667130202	0.935729603882336	0.466770764019534	0.571665551464172	0.585882323530364	0.836872493471159	-0.178334979534243	0.945036234318887	0.188287074120638	0.812859481482367	-0.314812421357079	0.79246779568555	-0.690373570234067	0.644996028197414	0.866115989283336	0.497377056417089	0.905189628331104	0.96265978450233	0.906907726958065	-0.177233105299748	0.840542950321946	-0.5926174239687	0.702979672350012	-0.0210820498338217	0.481898205703565	0.847078219711694	0.891090072782148	0.930604269352682	0.885807159384256	0.495880031057776	0.97320437709908	0.0514715031520957	0.895424929287054	-0.343052055955592	0.801095119787943	0.681208280642437	0.771236192816039	0.925426756125613	-0.205915474417733	0.560649364316638	-0.371915730655311	0.0554659693460472	-0.128103824388802	-0.29981136118246	-0.74563288069573	0.792951543947226	-0.426950774570543	-0.230978959924069	-0.480557457047313	0.869681645071998	0.928138824713659	0.850419953802154	0.863824779482623	-0.537031455619015	0.870873338494761	0.0317122433258884	0.948793684073644	-0.142225801544973	-0.6104969614054	0.967169184974291	-0.339960637573816	-0.296614373137747	0.938025218844729	0.295280747449778	-0.129123111790036	0.758581959846405	0.950980830763455	0.859177547805513	-0.0138368798866563	0.696141057513904	-0.228255451440873	0.911431304939555	-0.371869181680932	-0.0167621766632171	0.887867421086034	0.630734042256037	-0.160521713111912	0.664762776333352	0.907054747387333	0.346713241818716	0.737419555324495	0.891458010819994	0.595940476367312	0.885321215866988	0.931723344924236	-0.347494270336967	0.802151837018342	-0.127294545119452	0.893456916576919	-0.505663266535336	-0.588059584056398	0.973862044687698	-0.177842064065621	0.113897184485578	0.0902408701796289	-0.496446866310367	-0.00984524778892821	-0.184087062172717	0.930432402045989	0.797929779616051	0.403502289004835	0.727990147394531	0.378646613945216	0.879387948459128	0.958127904300673	0.793233365742087	0.139142423530507	0.617531849780391	0.720077887575429	0.916575089388486	-0.580669621409881	0.405635084824315
COL2A1	0.867593357871165	0.792555413657521	0.935376719656412	0.426151811514734	0.862206443919703	-0.235049382632231	0.778239815231447	0.0309908327979717	0.921778918752851	0.843247502638754	-0.510572401267491	0.895096092192908	0.708203515615248	0.951275057013468	0.0854190318311597	0.543384780225485	0.460285297194264	0.836014914384822	0.25271966058904	0.921362726043451	1	0.698185064211975	0.171943023225005	0.852687708664394	0.93867419010578	0.86280504175743	0.227146281423678	0.815898491086563	0.797783090606895	0.917047719813808	0.434719457446168	0.597934129586231	0.529902164943152	0.82096329722373	-0.167352665013982	0.92248882628008	0.0737352015715751	0.831051822061943	-0.280578929025146	0.741797119887257	-0.723741955312734	0.658935931421452	0.728485905328042	0.411925363448206	0.773798555895359	0.836427300147631	0.785674187179817	-0.11261617202379	0.910124366347018	-0.415206975672577	0.606437209087832	0.0190197126811404	0.591853072435063	0.802832145341998	0.835661773117257	0.860583445717584	0.736624660331938	0.380168526487201	0.937986553456546	0.147052648454288	0.94702628443349	-0.282749740288899	0.910259715047799	0.695300216187331	0.771842055495764	0.851757510173823	-0.374908554225105	0.589032031777827	-0.456963580928597	-0.101700561116475	-0.243626679930404	-0.319958694545144	-0.782517044365887	0.780658477578744	-0.416294314712467	-0.372326546259486	-0.459101198095904	0.75969362836967	0.845005427747991	0.881007697662502	0.887063918557279	-0.515610271566468	0.88658051931517	0.0371430313604873	0.933316891683672	-0.0782823101311755	-0.550471685489622	0.932537779532658	-0.353733697887602	-0.319221928801943	0.902766821116526	0.522033318879648	-0.14192812244116	0.743047466161148	0.896829506295706	0.927615212442366	-0.0047622959030807	0.82841196397251	-0.335879660287047	0.927103905978402	-0.293480643217583	0.0421706193033715	0.888097896994043	0.593775927900227	-0.19664352632706	0.558039234476293	0.911368414906175	0.249632716698586	0.711857701122761	0.882638775334156	0.616729411030251	0.938176399741353	0.916303730556424	-0.386556978145917	0.909758991088952	-0.24573328267888	0.883470799204469	-0.552136113708478	-0.649207911629563	0.906094956313377	-0.15352455223596	0.0965351695059333	0.15959291896914	-0.405887242467755	-0.00809975543042992	-0.182114122035651	0.953908926746984	0.933954048109353	0.384298948407477	0.624915374618371	0.462109024867867	0.882547961221698	0.960817168657635	0.888994306301796	0.145234365873738	0.769883701078601	0.67141025854533	0.908913377754641	-0.561634537018722	0.568643968246614
COL3A1	0.452731003565587	0.624225050448461	0.702385615193396	0.382068092322354	0.718391884486337	-0.433531239198415	0.627472832956351	-0.0486761962326781	0.62225895433498	0.722222944817645	-0.170653501609637	0.703933748241865	0.73956572230087	0.686071702862749	0.14420561938554	0.463797980763739	0.419149515385582	0.578558254165284	0.313743164528646	0.698327754605051	0.698185064211975	1	0.516008521902563	0.799494442978797	0.865125825713712	0.510083556482346	0.271284036080183	0.579683162573344	0.666580534804894	0.698901394974743	0.656163309649489	0.485305591431663	0.395773254894509	0.656160981345175	0.237008857761729	0.811169793401414	0.170595730296111	0.807181451518401	-0.326314583450537	0.673037538199895	-0.659419793318494	0.502858191709232	0.644803945700715	0.266006447465405	0.577776285160227	0.651465983066997	0.668618851756712	-0.135179299258039	0.714250681438922	-0.364942281053244	0.360122432506068	0.224701357237769	0.48753352215384	0.762044783643281	0.701975510532757	0.815671235188306	0.6395763617449	0.361636302808029	0.746126512795318	0.16808466001822	0.656620041446634	-0.414711926948084	0.534191928067744	0.798692217307873	0.64188242082079	0.839122662782599	-0.28621517592556	0.397770121119405	-0.587738612802862	-0.342744649074716	-0.405824346641059	-0.633978581655478	-0.672966969227092	0.797481931239848	-0.192398348881324	-0.326658714502222	-0.375884098923493	0.484369375506869	0.73845052048822	0.707318378252612	0.760122290551198	-0.302213190460649	0.747935011825747	0.305028410987381	0.731617856911437	-0.0839356075628916	-0.452202302553945	0.670899856052992	-0.452064338357819	-0.219419095351244	0.774324100820172	0.224395439304741	-0.21181782012287	0.746416519786673	0.753614904718045	0.736470842422768	0.361811228771891	0.726205713965466	-0.450015697667763	0.771796907098972	-0.251627663018104	0.0777507936765262	0.721721174743675	0.63815168698893	-0.0862536437360075	0.494900777460807	0.699676037560411	0.573351640657261	0.731528635831677	0.778364711449221	0.65560008470322	0.795195638754195	0.786629430420235	-0.432346209146548	0.562450493919412	-0.341810539670343	0.724584345196763	-0.512640993819605	-0.671738743448693	0.794869657672812	-0.246098967622859	-0.104374208167927	0.158932963177144	-0.389559974422074	0.255810876270338	-0.398807732460911	0.713229551918013	0.627459871707112	0.183500465497209	0.648067311390038	0.352408824380374	0.784167858040654	0.765341901130553	0.626847177095258	0.395019163053231	0.608493619612611	0.66096056981158	0.764424675372539	-0.598816618767223	0.222011879650459
COL4A1	0.113260701307411	0.257198863905345	0.266246216023024	-0.159382700243292	0.296628127071161	-0.411498090734837	0.488933682975984	-0.238544476842967	0.185596738677693	0.22904417444744	-0.164561624940529	0.162088035654704	0.348150492797558	0.197409050482264	-0.296862392344535	0.101588084038365	0.347098309385345	0.173264741465075	0.321019749487103	0.172360832823886	0.171943023225005	0.516008521902563	1	0.11420668132238	0.426332881752041	0.0554532615144153	-0.078317480749218	0.339807209794261	0.17632240470489	0.118827326755697	0.335580330437261	0.121460498680712	-0.0543395676614181	0.252285450578041	-0.121980138182862	0.379823934497968	0.379270437830375	0.205984792308159	-0.384032109909411	0.142090409144781	-0.122445001133921	0.190101998343391	0.191315126945072	0.354411544112271	0.243251897221364	0.0885295139986823	0.213706191556582	-0.10773256332657	0.263896006455735	-0.259131260576167	0.0261891032665501	0.0324516753719845	-0.120408149341148	0.128067025224521	0.226241973556872	0.391642808617807	0.280620869367333	-0.113953324491787	0.269903763225987	-0.163943941079724	0.232100824533169	0.0224622299756191	0.265952194581618	0.177162270543949	0.233522015521059	0.293169846936534	-0.247982425581923	0.224197837648505	0.0639658650603282	0.0567874057324686	-0.181440611484536	-0.0943347012625882	-0.292196442493547	0.344965531842769	-0.32122219441001	-0.367652643337028	0.21382782190535	0.192253381492292	0.22648157850327	0.334385547599191	0.296822201064245	-0.117199003386897	0.296012572318775	0.192613987241923	0.228522600094206	-0.0613000958004831	-0.433596616208209	0.191107562159143	-0.372994746103441	-0.56146576868522	0.199771705177988	0.307735151037537	0.245515368770043	0.109218752641361	0.279542831899353	0.307955374199355	0.672580122611895	0.345507771906969	-0.220824269702168	0.307182669395287	-0.179982294716824	0.0145828556770599	0.289784625074753	0.0497321013442169	-0.192887849784162	0.0461537728256189	0.263060634121672	-0.00436232784965115	0.37679016954884	0.194332689302397	0.398789150683972	0.363732216780792	0.273082354115153	0.171366266380409	0.19395996181934	-0.28692912827359	0.294582198344291	-0.209584990735219	-0.539853120912013	0.256184642867599	0.204715083513925	0.383594989274799	0.139624848792038	0.113566875316185	0.427904926676615	-0.0094436673066642	0.235459387558328	0.159280533198702	0.32389294273978	0.0618303432301852	0.227077911745302	0.137029516544019	0.263176120818639	0.174757299543275	0.920458332828292	0.21964257897821	-0.0203543073335363	0.228706677059561	0.0553604190639197	-0.0618411211438998
COL4A2	0.692091221517659	0.793084603908232	0.811100578537981	0.433419920159818	0.806728663179215	-0.226978612680058	0.690507683294347	-0.0829169523474158	0.778518266269114	0.772861193345691	-0.341666868424858	0.82913935769938	0.75704362015228	0.86543312357246	0.000741285071037573	0.612286250919197	0.437203687066997	0.75919365612867	0.187224343821661	0.844436467425416	0.852687708664394	0.799494442978797	0.11420668132238	1	0.85707384824505	0.684881683284648	0.166881918821917	0.734878460243561	0.761441416930606	0.843809848592268	0.479200704547135	0.551535531801538	0.634273442108819	0.785362254692609	0.144698174822603	0.86787914754403	0.16616183743566	0.789751036213405	-0.283977645242732	0.730259134645014	-0.628399540684618	0.626019633020043	0.761308753101427	0.416605511737274	0.764321994320943	0.821608112930629	0.789301523828147	-0.236143435687189	0.862370830129678	-0.488822163687755	0.413395427627247	0.137504320840621	0.562722053823617	0.743294507437045	0.84306705493865	0.846151822391077	0.74513421126025	0.359314844881734	0.865959196256821	0.0548969442414084	0.82504298266969	-0.128233840870132	0.687772380597855	0.89918563543129	0.82098854116381	0.807663782146048	-0.166267249227696	0.675900272873209	-0.392140740121913	-0.245878150371703	-0.14021796242543	-0.355026379059854	-0.774266637865588	0.804879837832288	-0.3430436695245	-0.438023261529376	-0.332514345239972	0.634419044735536	0.845180642497579	0.838701706029023	0.87532836116159	-0.507780891410602	0.852715576598948	0.0828321738836742	0.872492791461086	-0.123175647001912	-0.56856692512215	0.864061999689648	-0.211415171113622	-0.236397465913701	0.933799380881643	0.38222213027574	-0.141170279179235	0.767223529043578	0.838634996883798	0.847706311738235	-0.0431413771860745	0.765719947686334	-0.236166437474431	0.856356097129786	-0.25756565300456	0.00819772868231993	0.845694163146462	0.705102843392804	-0.233529999302975	0.421305871338855	0.847171760182803	0.643259301256955	0.727777350272177	0.866126443630156	0.517693983372811	0.866446594332999	0.88370281160783	-0.355092347151518	0.775634824251502	-0.160086977389635	0.828340992042531	-0.55029209385583	-0.538764848805737	0.876314875609825	-0.16099869256217	0.0922915071794172	0.110226806157411	-0.390408943360422	-0.0972987859303027	-0.166735735314841	0.86093536899339	0.808317258571042	0.343640898860171	0.724669974708821	0.418680961662574	0.816565393787264	0.896091889581	0.771381853905861	0.0961346890602207	0.721668380086368	0.750758404323347	0.894045054237255	-0.594933219285211	0.505339211421494
COL4A3	0.740971782220562	0.798813207046599	0.913159605316488	0.455915991162902	0.876881773257919	-0.341263220569916	0.824690558323573	-0.0159604054005368	0.884756094859827	0.867917344260836	-0.451566161510747	0.878144551453146	0.784259827995731	0.92563773849945	0.034101296035703	0.564131403518158	0.521242145777438	0.81571039747203	0.317948812550871	0.889660151499606	0.93867419010578	0.865125825713712	0.426332881752041	0.85707384824505	1	0.768619986025947	0.236559801722	0.804144964535749	0.816269645593387	0.878292649004045	0.550792731539984	0.596469627720358	0.513562388555869	0.822762507289081	-0.0994005435979758	0.965140222700741	0.15617481346257	0.884966998871094	-0.320326955991866	0.760893647174544	-0.763072723171057	0.624576834764162	0.759359306709108	0.458914798291749	0.768870952825172	0.804589181028391	0.810790949872736	-0.0851682659064676	0.913878867084314	-0.446762586755738	0.514173974489624	0.0301622436275587	0.551593013675597	0.817989060410763	0.865039643294454	0.927241968834014	0.778113293353725	0.384562940401329	0.935230283106586	0.151883180890408	0.913460461533429	-0.305760676370583	0.861618672982297	0.739157649321775	0.786056647467127	0.908248333431149	-0.369858052921132	0.560194962447116	-0.486213340564297	-0.148466962079988	-0.348156138040952	-0.416849402057271	-0.800753330105926	0.849803202592802	-0.386235014179341	-0.407383734395748	-0.389882657425356	0.692919927059453	0.87261814547865	0.909546011060563	0.925257205273998	-0.504647272048269	0.911459770050033	0.123110141383953	0.93256380655107	-0.0932856088339938	-0.611901145068579	0.906206083128681	-0.448000880895113	-0.346707206338059	0.892092584163152	0.486115794116968	-0.125554292341134	0.785481262676162	0.923965928659637	0.93354756953191	0.161482122145008	0.851367094720622	-0.444559223371695	0.945474592834017	-0.299512493919128	0.0194271253255388	0.9059228644298	0.652301710522272	-0.222079806064059	0.54987767561076	0.895466319811432	0.34548339461581	0.78266819233457	0.884566454038236	0.715187382722293	0.966722942426789	0.927242248576775	-0.357984778589776	0.833241339036045	-0.358513668940085	0.914927205080563	-0.586285590181814	-0.760041396942778	0.921794430410127	-0.148638956535312	0.0879175374681269	0.136395336551709	-0.39313153013046	0.092270011286066	-0.271917662984494	0.939741089015789	0.882397994286535	0.411220054286993	0.663909363660374	0.436943986431114	0.888196400823887	0.962350770493456	0.857163680919128	0.366047376272529	0.768472525548041	0.658532863217926	0.906821529688572	-0.534584691036366	0.47367202549537
COL4A4	0.862272887633845	0.443023730889271	0.750857662424906	0.437154512591457	0.570801455876739	-0.207480162599991	0.613319760134179	-0.0282817160465755	0.94027500984014	0.660874552732249	-0.602585903451783	0.818910024729465	0.485310445396671	0.854468754023989	0.173268889585205	0.419674009005507	0.227483323033969	0.779752337906983	-0.056438060561039	0.706610232527263	0.86280504175743	0.510083556482346	0.0554532615144153	0.684881683284648	0.768619986025947	1	0.18569515192666	0.611642093631136	0.613998203866212	0.667335427410025	0.34943293672167	0.420914726584214	0.609516392976484	0.521071398084178	-0.0669213199443897	0.718065731752008	-0.00238700051767984	0.682547260129125	-0.290694294660888	0.521950569179726	-0.669064364124544	0.650614085384335	0.50873068651538	0.124083211799526	0.518968398593034	0.654382572450355	0.596136150634396	-0.0868216909151153	0.721745513161986	-0.0806478631641158	0.438278861775374	-0.00363547601731036	0.740045113915374	0.613131886352346	0.630805551618651	0.665075037030542	0.519183217199177	0.26551996247398	0.684368165638724	0.0699960016254675	0.902249811730464	-0.146030910006898	0.836682402184027	0.443116928776181	0.494678374295016	0.63073219798506	-0.523252590753163	0.394690846432993	-0.374195330631587	-0.0384897902293369	-0.266746686536183	-0.241358250956109	-0.699500396058021	0.404647095831102	-0.400566023668834	-0.311293270346597	-0.503271510470662	0.57213738574545	0.63382271199407	0.668290916170516	0.709304316481897	-0.463701066679618	0.728976690692777	0.197506978004515	0.72858911361264	-0.0609199402586169	-0.477008603196396	0.742477502761356	-0.308880322353836	-0.416013065996384	0.684742181718682	0.692523487000341	-0.115782525117881	0.691720716798879	0.726516072190118	0.851742455881035	-0.0196222265301118	0.876798423127215	-0.307232190619222	0.653876507874102	-0.406978456299677	-0.0225040665313012	0.580152316787782	0.453945602722634	-0.288964165943258	0.438662080460595	0.604064494323089	0.159520398555997	0.569502051000181	0.658700442526406	0.594668700087766	0.760350751951083	0.642335366882741	-0.287312076108084	0.700027920959989	-0.233196857522703	0.717960436337146	-0.409052764537297	-0.620690134594109	0.678363380166962	-0.0687745580635278	0.141022292303201	0.05119565105733	-0.469569565833195	-0.0368135822459721	0.0107562370667585	0.783089533335824	0.945152012813422	0.330576842577657	0.390687333915867	0.209357574994815	0.661948203523782	0.762742004829009	0.943730689727044	-0.00387498188853707	0.867182048343339	0.462909471021773	0.728445470707959	-0.414325558254361	0.793685537917116
COL4A5	0.0896629174226578	0.228302396170566	0.181127380970651	0.554820556203198	0.278120908405581	-0.413323296610811	0.0769798702424436	0.00730109182546875	0.194561068038634	0.242052311399283	0.425053582953103	0.120158368580453	0.104650051144284	0.215865433744287	0.658138220998784	0.105755490089336	0.0233906162625586	0.105186267584599	0.285065801008617	0.197711789005838	0.227146281423678	0.271284036080183	-0.078317480749218	0.166881918821917	0.236559801722	0.18569515192666	1	0.0928731128529254	0.237908648151017	0.27637395957368	0.245863745143931	0.460976356408105	0.141629323616266	0.380818692241281	0.458028048621357	0.209920785450744	-0.095195865952422	0.499709628664893	0.466053978656686	0.45124895822237	-0.516431661473119	-0.0226488946796863	0.261366531149457	-0.0782024452028722	0.0277468531782526	0.150771691781248	0.187300710060562	0.70213654029808	0.322752562111835	0.124582732547949	0.123581836407801	0.600719183323743	0.413468082002518	0.332706857172626	0.241379025756291	0.172757379708585	0.158109415384604	0.264185770737498	0.176145846120916	0.514252691256067	0.13026794767915	-0.551219404775116	0.0135575803106621	0.339974965368201	0.323227050814163	0.349730399227085	-0.4669881241836	-0.339921371871362	-0.603189592023536	-0.203184731426539	-0.362499666181675	-0.3448097907081	0.0145751476396423	0.25554935433254	0.63771332853672	0.491562495622439	-0.508682941261168	-0.0693325937730464	0.246942928294102	0.204995902701757	0.212256079885451	0.0014540614520912	0.273816415746145	0.41837770381729	0.20007954330962	0.780593258787165	-0.0435455623941363	0.162238730898109	-0.0174371271028881	0.455011889997513	0.21175418568019	-0.239287045306195	-0.517081601137365	0.491879940363351	0.201864692913994	0.196957284031448	0.38530999753835	0.23985461468266	-0.354624205054885	0.220777874946034	0.453770144875009	0.700837994399393	0.200362597725607	0.555045232065742	0.0271809774711026	0.344772919813882	0.182785966119115	-0.0500190466360682	0.502627595697995	0.400652444791802	0.271471952747947	0.210288014238532	0.314441479817425	-0.502720436567515	0.164034119825644	-0.145344151642285	0.200641698908019	0.00238823476301736	-0.0840968324606911	0.229452739118919	-0.55784503831637	-0.642434977560907	0.620501698349772	-0.258124283769409	0.571958664417833	-0.534155976719775	0.18632010959102	0.204409675548628	-0.169609394358094	0.174275128988171	0.542459367726212	0.437029161083451	0.178918224713127	0.181287056558068	-0.21872609138062	0.318514321218991	0.490024524459343	0.300401714375063	-0.600455125839062	-0.0765285491684819
COL4A6	0.776732881980717	0.87819573401063	0.843004915709895	0.273359074550847	0.736702141422701	-0.302719064620061	0.941245632828018	0.0476262666231325	0.76220788742141	0.553981498487685	-0.391470129699841	0.622437040673638	0.531642220686368	0.788688869133672	-0.182554364399965	0.30440418476958	0.508163845470941	0.539965019805627	0.506843852402295	0.666268054437047	0.815898491086563	0.579683162573344	0.339807209794261	0.734878460243561	0.804144964535749	0.611642093631136	0.0928731128529254	1	0.56839236036673	0.733820600594648	0.265238169879661	0.488205217629752	0.382597899203909	0.783069739573632	-0.287204431675881	0.795382819559334	0.168732706286191	0.634207535562484	-0.172424802933193	0.57928265698303	-0.468808934361624	0.417246012838483	0.520371842299056	0.53143598161861	0.663626752536114	0.504954367602703	0.545006131474206	-0.0366412288041343	0.911755188606409	-0.438369516317559	0.28425416363167	-0.050697074460855	0.279235499753781	0.471351546808601	0.689696984991086	0.664646808986306	0.561893756237782	0.109776003418165	0.772652644339648	0.0208050500550196	0.755451280648702	0.0632202412008419	0.799961126121552	0.664167581774382	0.849817119780116	0.607451947908451	-0.268604679873651	0.684268415458379	-0.192999362770504	-0.140532975577815	-0.011110930452641	-0.078504873146787	-0.710371741138452	0.790841416333085	-0.475529373161626	-0.607517793513574	-0.0473801079624276	0.538621435980381	0.642393304680825	0.86576527824284	0.805205343788774	-0.488262138093226	0.778441737168647	-0.227811595344424	0.786787824821279	-0.059513082658251	-0.475920396539515	0.764692823601685	-0.108261252979496	-0.352380586471393	0.772572146721271	0.626595637076037	0.0481096090173907	0.499955554827923	0.664446775208869	0.831536485082809	0.0312310942824678	0.73414406944434	-0.149207297548196	0.832773797509697	-0.0997365701488082	-0.00663279463643243	0.86700633089402	0.423879808762348	-0.255410584979161	0.217227968761034	0.883587166415016	0.0767578203763904	0.543940918095336	0.754980973240155	0.461239640407738	0.867001935310108	0.814902547384343	-0.162870358375904	0.939758789341048	-0.1424993836501	0.742569575168086	-0.576123713566337	-0.611858771916208	0.672622290395794	0.0362117959015757	0.28458348117949	0.157511106009945	0.0279500226705681	-0.0854747699066009	0.0135109174968708	0.81330889795611	0.781766415903455	0.397596003201964	0.443833202798551	0.600044451815853	0.706513795267851	0.800527489289029	0.674102830863946	0.389495375878637	0.720408204160333	0.486624322559266	0.797507962976391	-0.379756305174209	0.422052911352699
COL5A1	0.506757119957479	0.740879861288202	0.798903282283385	0.545307330397509	0.898653475044653	-0.0320271802311746	0.516216209158153	0.0254657143378278	0.763130408550621	0.966755265181723	-0.442836240896079	0.760836820637853	0.847331778191732	0.869434675226171	0.16379696900053	0.721287898917993	0.489900886018705	0.887848867979228	0.232828120926854	0.88091667130202	0.797783090606895	0.666580534804894	0.17632240470489	0.761441416930606	0.816269645593387	0.613998203866212	0.237908648151017	0.56839236036673	1	0.83654289582259	0.600165082374354	0.485934789081102	0.544769743300631	0.846618973700478	-0.179536384882998	0.879796127095425	0.0831642542716327	0.845705728363082	-0.219833538293224	0.848642259826325	-0.778808108727756	0.510110937407347	0.861590268745282	0.47161284976913	0.887356578008506	0.838549673101935	0.891028798144051	-0.142115288127178	0.792156741066105	-0.39518708329129	0.409696247971574	-0.0471149015339342	0.610629231965105	0.879928092973798	0.899911387675299	0.908060400342525	0.81529419976668	0.681587456049941	0.84580820362232	0.143016247327938	0.820075316893413	-0.316803778233748	0.752712175807521	0.615898902095294	0.719933327191839	0.884999215240865	-0.240703229602419	0.408305416785316	-0.400224533090968	-0.068494963380589	-0.153370887612168	-0.439209775719374	-0.579534742945773	0.764535702882314	-0.299103698904817	-0.166643776892428	-0.305559315476729	0.626921772755206	0.89434116895033	0.865473281776565	0.900633306811706	-0.314870757303499	0.826543362743173	0.0177353902083894	0.925986360820548	-0.122371986747286	-0.480477807028415	0.853455858458317	-0.282896822852301	-0.209358091664923	0.867234862497184	0.223506014723993	-0.171630781279527	0.800638309672532	0.949599044645922	0.775166540077113	-0.0434876430320372	0.600240233628826	-0.2217673788171	0.855690519298723	-0.405398856593599	-0.0155383525308031	0.851687369972024	0.649501050191352	-0.311422444034832	0.636874010719585	0.804494251398559	0.407072567611166	0.69877265634624	0.862976045134222	0.788818057165706	0.823548522455227	0.861521536292238	-0.375926457516477	0.617428378699121	-0.123691715867596	0.950729063261729	-0.423585960499684	-0.580245970751632	0.89099203936399	-0.202696466050628	-0.0128906612102894	0.0649504210643483	-0.487668987409984	-0.00506688997536053	-0.237229869924901	0.91681337555599	0.721796261278813	0.374233784861013	0.667778324045094	0.312515376786038	0.80869551459636	0.89060034471734	0.806964411200251	0.0930236707161023	0.537177778064097	0.678578084556975	0.864184615583677	-0.596102780531069	0.450908773406849
COL5A2	0.679681033926522	0.862461655447733	0.836232280302311	0.475542993161622	0.900716200876642	-0.210808846366137	0.700723332280125	0.20400117952296	0.778938801718844	0.863481972631748	-0.394792640797327	0.845386479834942	0.829862778704039	0.894964495925126	0.112725995470591	0.676357995615171	0.418469314088822	0.807070187734089	0.273559231183519	0.935729603882336	0.917047719813808	0.698901394974743	0.118827326755697	0.843809848592268	0.878292649004045	0.667335427410025	0.27637395957368	0.733820600594648	0.83654289582259	1	0.447649565369774	0.596637101314265	0.489465454508687	0.851822471625063	-0.164709271153259	0.904878105393385	0.184774260951002	0.834881849069869	-0.244266251582837	0.811727566652289	-0.676295294890827	0.571591373632822	0.844694840718436	0.538883913056393	0.819400242616938	0.876246380621033	0.862851821878997	-0.0488813720411607	0.885901143357965	-0.609944131623425	0.58501076484038	0.0225793391635022	0.48387396775705	0.843000661803608	0.906279971317051	0.892686903782408	0.851656975769496	0.578465958231265	0.953570080807434	0.282474417790826	0.857321607352435	-0.329069814137126	0.804908578732622	0.721796124258796	0.84440605668367	0.904619715614354	-0.241061618913675	0.588150197918513	-0.439860377617303	0.0230677827274128	-0.188564679401924	-0.299322793181773	-0.693153665425084	0.871696982501235	-0.268748491076951	-0.203954625571235	-0.475309446992589	0.726982937361303	0.921191012179023	0.874807905934155	0.880830157279621	-0.511370777922846	0.893910260681256	0.0203055496680015	0.931126982727458	-0.0301836726753771	-0.449659244727241	0.945123272949902	-0.316901382515055	-0.188999906293561	0.899389461390595	0.244047716395637	-0.284253524550261	0.753911328587999	0.900574574944085	0.847657192037881	-0.0297985676049539	0.695131583436187	-0.31358550457698	0.939294720227812	-0.179764413497944	0.0588066167097371	0.910151721435979	0.746312203852755	0.0305519470654974	0.544419050384025	0.93524296082804	0.298479780481132	0.719232678673754	0.924052371983468	0.511810372732555	0.914459339480582	0.930582996261727	-0.487581737058586	0.83050992818118	-0.181613687759152	0.866817295217245	-0.479812333661853	-0.548723186006105	0.935733003927195	-0.299829198369955	0.0297939069898946	0.181221747899608	-0.49818707647996	0.0546409905050353	-0.33651686014062	0.909433200220987	0.816124128060421	0.404145835850815	0.732346121720692	0.492023843576095	0.909233547697085	0.939148554810925	0.741790384057346	0.124643539355866	0.63204170553369	0.796769930397013	0.903687179895768	-0.584245941773915	0.403881459777254
COL5A3	0.17820839627899	0.317244203828544	0.545359560734359	0.115262407576098	0.514903860757155	0.0818995687057906	0.347149279105366	0.0380428349686831	0.453039783952875	0.636845397958713	-0.00687047454603491	0.474799259514725	0.464387446688981	0.453226696547597	0.276672600664223	0.164986712639587	0.288937665281493	0.443580660480979	0.31673215680397	0.466770764019534	0.434719457446168	0.656163309649489	0.335580330437261	0.479200704547135	0.550792731539984	0.34943293672167	0.245863745143931	0.265238169879661	0.600165082374354	0.447649565369774	1	0.173059515922887	0.222853488494952	0.530719024973809	0.200410395459976	0.499619595204161	0.473101662066922	0.688649299314631	-0.552827749054614	0.681505848693193	-0.345064859080882	0.191673387830978	0.358752303825037	0.30008378799842	0.421060356159502	0.39609591339371	0.39930102788958	-0.102971051561051	0.459941617076745	-0.28733051340552	0.218400491656667	0.222649079603601	0.668796016431671	0.564066965294896	0.497031675139022	0.521189507251423	0.327255125053427	0.540074590385088	0.405415427449587	0.155308499553544	0.414838162941146	-0.32416936223617	0.427967990794421	0.503745744812302	0.377073878730138	0.606512965403281	-0.329762955186589	0.305388039673978	-0.321874935266756	-0.308389656432697	-0.260752177962953	-0.716411342826032	-0.412499805239061	0.476702818291038	-0.202757817993815	0.00784679986068537	-0.325712986948391	0.236884948824825	0.432682950086901	0.449102852799958	0.535763710137038	-0.0833521591315512	0.374029759158374	0.171126008208048	0.562517255865778	-0.0037978301510632	-0.353150448189853	0.376351951399977	-0.484001532498654	-0.105153816267784	0.520974502798849	-0.0357499752955909	-0.303692788593877	0.523632875910258	0.55447490429572	0.539363913891355	0.195144575462132	0.363979563925545	-0.371724164272752	0.528531500993603	-0.457219314368657	0.046481071088447	0.468454986243272	0.513495952277144	-0.310416406836228	0.681244786574156	0.38379234853552	0.468945890619599	0.484853887721278	0.543459113738744	0.809142454786378	0.46334693287623	0.538626818935948	-0.427123459275816	0.25183232000984	-0.23160401793564	0.603317852142162	-0.476326015345073	-0.159264142841101	0.475482281403207	-0.333929848963702	-0.0881883188842994	0.198982702025738	-0.567243878426634	0.251326680346686	-0.398615684073243	0.534178113741774	0.390483049582991	0.359798055516259	0.389095062275193	0.263272255543026	0.494534564470144	0.523853550120104	0.495816892877932	0.125053130635197	0.376442836660092	0.466474242389989	0.521487445935672	-0.498068929142768	0.370078068910543
COL6A1	0.36373408486887	0.606265280161321	0.493008669525162	0.486338446740956	0.539923696307315	-0.658688789610455	0.400066894136499	0.131335582355712	0.506516765264021	0.504135881258284	-0.022418663752061	0.544332374604778	0.465529241780989	0.577170399509115	0.20829015854265	0.40500098790127	0.58936410488603	0.478756564274219	0.412456141295754	0.571665551464172	0.597934129586231	0.485305591431663	0.121460498680712	0.551535531801538	0.596469627720358	0.420914726584214	0.460976356408105	0.488205217629752	0.485934789081102	0.596637101314265	0.173059515922887	1	0.332274119326719	0.650780999200563	0.221565710460624	0.599386258393413	-0.119088278068266	0.612833290949057	-0.0484097934268711	0.332893839166857	-0.591214356892584	0.337744252032467	0.52064890655399	0.117935616336769	0.523680845248901	0.496979188140176	0.539356108336957	0.351775084929749	0.557922914535763	-0.297297804820468	0.284398710494019	0.551299889490047	0.302554972208506	0.541925723829954	0.520600573736066	0.548703224675574	0.517156115131889	0.15993855481987	0.612208361223734	0.487362337785062	0.538874717148086	-0.290866090130516	0.423088862805375	0.671593155112141	0.486836143475202	0.634556451871781	-0.531041565264823	0.320596077275665	-0.467502817133168	-0.120698124254197	-0.237926346051038	-0.276708076444943	-0.624143906600198	0.55428130407497	0.0495429575529393	-0.153659375116364	-0.274862320633822	0.468749262179806	0.589321795631667	0.556416574170675	0.583210120235503	-0.5695944903099	0.60752373846638	0.493853561824637	0.585429174280662	0.341798160612883	-0.296193672518357	0.579804994723993	-0.139760651644963	-0.0841035205661889	0.577192952704765	0.241359096961378	0.0201745352838787	0.577442711472493	0.566751668479836	0.52528925922445	0.353293764418134	0.489868493793393	-0.301971605150681	0.613450679594466	0.118680919126123	0.630617925104445	0.594875261677676	0.536261039573301	-0.0424962187371274	0.280679167565864	0.58792004001991	0.189713056647018	0.812457476949568	0.562406531015639	0.254968515695073	0.542999232431393	0.598928703352562	-0.205911938106792	0.528349511190905	-0.246858702923952	0.545106446979606	-0.426951073120437	-0.37158600108936	0.640678057047652	-0.0112026992792547	-0.0882080184771848	0.630450521701115	-0.22409712780878	0.425867463679372	-0.148231353619633	0.569249978229624	0.527148601215747	-0.0446358067655881	0.572191505748932	0.698690220122545	0.566562698024421	0.572974728703679	0.462433586537884	0.134930134493688	0.455038060748372	0.311682584063575	0.584028643591316	-0.219400801080338	0.172119416909508
COL6A2	0.478345029162037	0.406420632295527	0.425586884571664	0.620635562897773	0.478630678626795	-0.139877927084213	0.423961519079657	-0.217678013840655	0.593844163570944	0.537220622872067	-0.342773790530238	0.700414814866331	0.581748007645588	0.668968107058584	-0.0332548015716655	0.618102527793272	-0.05757068334284	0.689817046075575	-0.35282774510687	0.585882323530364	0.529902164943152	0.395773254894509	-0.0543395676614181	0.634273442108819	0.513562388555869	0.609516392976484	0.141629323616266	0.382597899203909	0.544769743300631	0.489465454508687	0.222853488494952	0.332274119326719	1	0.390727329460451	0.00915954352470319	0.594733482163894	0.116017998798285	0.536396899154492	-0.183613627486207	0.509491594503347	-0.556342392011689	0.326633556294758	0.607226230432943	0.115482314826198	0.57838543422662	0.565107643443594	0.618416063023448	-0.0899125849178919	0.562276869962322	-0.333522158838875	0.148398329292625	-0.0715819796893136	0.510645110720852	0.454321717904574	0.646760015270544	0.574957416878374	0.616688083675447	0.237340740120721	0.518914110005864	-0.0297811126541976	0.688616354080768	0.144757633792797	0.489081047058461	0.408208573903849	0.536559353163332	0.586527437606546	-0.227207422665618	0.276468741450492	-0.0799181287101981	0.285588689579763	0.247988144326277	-0.0860069322297287	-0.688744271666839	0.324127497757237	-0.35220746910225	-0.0226634195453423	-0.402462063839775	0.417279023604275	0.617094177189069	0.537547185088425	0.609226046275196	-0.392188162656044	0.661313019775672	0.179654769556178	0.594491540904389	-0.235006770003104	-0.534867831121534	0.626826764988851	-0.0151720855696436	-0.195986166236945	0.645532560249357	0.329923089115884	-0.216877432511598	0.783382921214739	0.604605451359255	0.660646785637479	-0.1446289219693	0.664596411424142	0.181415338612195	0.462391161925181	-0.456027332555327	-0.146049834085967	0.440135205795937	0.501669775882719	-0.410697494280057	0.241575671792766	0.4562835803405	0.266217366620439	0.534128017966743	0.571950334203539	0.403492995922935	0.578370873402983	0.498169273679329	-0.286547597418203	0.405539545729257	0.288817831476929	0.596401953749744	-0.110119007859518	-0.495799950934952	0.553583679772578	-0.204832178980363	0.16407895255815	-0.148757887177062	-0.548564356680968	-0.141564871691806	0.212982036932043	0.586542792970835	0.654785678588865	0.204075771140667	0.624661005063912	0.0371797404658362	0.57643196521743	0.562632402745089	0.685895536907815	-0.174953587813237	0.733187779203633	0.518718367637576	0.700042733920155	-0.40685219538882	0.458291351417197
COL6A3	0.589995863121292	0.931276621928269	0.843321390964109	0.394719654037118	0.942791294385249	-0.185687106446532	0.716352856684303	-0.0055346632933594	0.714211180426769	0.835141341163464	-0.16588984047351	0.686250954417391	0.729967568340594	0.835526794317565	0.0313627040721948	0.567494167040523	0.605171998998425	0.72435488203679	0.514697027249995	0.836872493471159	0.82096329722373	0.656160981345175	0.252285450578041	0.785362254692609	0.822762507289081	0.521071398084178	0.380818692241281	0.783069739573632	0.846618973700478	0.851822471625063	0.530719024973809	0.650780999200563	0.390727329460451	1	-0.10189281742405	0.868737556292398	0.215946058994179	0.838049124021398	-0.155855875297196	0.835730723291705	-0.652439353210736	0.503635975723454	0.795209402754068	0.614537543234039	0.855702066479355	0.735848870881584	0.794567014799916	0.0474243708596896	0.895829489252857	-0.531496439478342	0.393519849863069	0.205051498434813	0.426784147889644	0.753892148050549	0.863099404707421	0.82565649709158	0.757787372792499	0.485019855486607	0.863803152327718	0.146500940474393	0.74836754050379	-0.249157952102153	0.724728083103085	0.801878779559949	0.888799432443334	0.814758941362543	-0.333555724510568	0.550729743341794	-0.376245518289532	-0.183713902179518	-0.143962235265141	-0.292272015444735	-0.616017676929791	0.888937965334632	-0.247193028606118	-0.245641012344263	-0.162754440750179	0.603374137558358	0.840959947694034	0.918320048717948	0.893178388347448	-0.422913814183065	0.8311869025405	-0.0317481947753868	0.905092481187013	0.168285501262574	-0.537843591727415	0.842085357695746	-0.258338600771631	-0.17764385988884	0.887648363308087	0.274354314846918	-0.069003944633349	0.673835164518917	0.854291923048629	0.773947322368495	0.118373198230191	0.596150109426801	-0.272105223192549	0.924238242903836	-0.0713392251348551	0.258799086604578	0.948010553325825	0.686385873430411	-0.301998937356433	0.515124969544969	0.915181846778331	0.316465352954539	0.792545345854724	0.908557522738818	0.630429155661247	0.83986383269967	0.948974021165032	-0.290174426540094	0.80174261350149	-0.204001125685475	0.892019274779159	-0.56853985011966	-0.476863081323193	0.853748946187116	-0.132897683760768	0.0381971997226395	0.404331969709864	-0.215530122277801	0.139185770475365	-0.261109703307971	0.89140029202354	0.694658861448126	0.39267525093731	0.65350356325394	0.728629878170425	0.817756696827055	0.880314407376745	0.67834674518992	0.233989967850988	0.550864928088863	0.682069041379155	0.879815777004127	-0.594918541620048	0.305641305222202
COL7A1	-0.199608487698449	-0.230542645723933	-0.199213346884518	0.0705126434426368	-0.213054086537429	-0.369055019186424	-0.293798983552881	-0.223912475214	-0.153603474835154	-0.160745587835017	0.48719057899615	-0.111257829975481	-0.148811401953151	-0.182764708654059	0.441532838174345	-0.138611026366611	-0.0399135381455356	-0.210215063041729	0.00982246846891817	-0.178334979534243	-0.167352665013982	0.237008857761729	-0.121980138182862	0.144698174822603	-0.0994005435979758	-0.0669213199443897	0.458028048621357	-0.287204431675881	-0.179536384882998	-0.164709271153259	0.200410395459976	0.221565710460624	0.00915954352470319	-0.10189281742405	1	-0.172767052976847	-0.0254045099290296	0.0527421891302246	0.097942237988879	-0.0625852708573322	-0.00847960940195429	-0.0251496374161533	-0.130212018679692	-0.37207082286865	-0.310423784346502	-0.0876678429956505	-0.159899093706213	0.170314144812476	-0.148318981185432	0.252085070866482	-0.127833066150831	0.792569490882338	0.29351706581831	-0.0304157027933494	-0.172191191996235	-0.134079306071771	-0.214055298849065	-0.144729621320667	-0.205039223393628	0.214151117981235	-0.217448313766745	-0.187176927514778	-0.430716904093205	0.378338601991475	-0.128500508090213	-0.0453635489281606	-0.158407018251888	-0.152114694230606	-0.311646510559709	-0.470010502339633	-0.271957970802333	-0.372457285182751	0.0792863038557644	-0.123894406743751	0.535814787246331	0.149236196535413	-0.236429610832195	-0.273810743978909	-0.134237129977399	-0.246240982969546	-0.158819006461858	0.0608201119756602	-0.143321989773043	0.648738606076776	-0.211776769656447	0.473071721570603	0.0262068109158277	-0.243046848223302	0.0868720598105749	0.281134865333043	-0.0585388416439225	-0.263463470327395	-0.226075325046983	0.133202748969597	-0.17562179057284	-0.137784791254326	0.383605529279124	0.00984374430360111	-0.20517050382333	-0.20299123018012	0.269049908928054	0.560191267384726	-0.243922285636476	0.250914813030941	0.0201560921618822	-0.000978499885088149	-0.26296409233756	0.529854304954218	0.253018081898982	-0.0644521344352893	-0.0815716553452271	-0.200403081069564	-0.111717087997183	-0.193533502581882	-0.261023107400678	-0.126485451201102	-0.211504285869176	0.0362829818115291	0.260694203228918	-0.0883473087509244	-0.240442964256075	-0.390354055902128	0.463425525801474	-0.171407205054541	0.414837279046865	-0.254565891020005	-0.234824847632911	-0.131055061693813	-0.299223002998327	-0.0186280956388678	0.186224853227331	-0.0845551747014196	-0.181824729657403	-0.123455852209471	-0.230651442631495	0.0578135184513014	0.131466241232882	-0.0980429153433324	-0.218577065708333	-0.0257331970608117
COL8A1	0.736035198591303	0.855795119399642	0.905987186082493	0.465607349713809	0.944311397483293	-0.278889175304698	0.78752594842621	-0.0245089598397048	0.839337508346618	0.913351855931476	-0.459616949101655	0.863064561512693	0.846225373208921	0.936689244310515	-0.0312271631540155	0.675110220287865	0.550800271384277	0.872881096975331	0.260111927435639	0.945036234318887	0.92248882628008	0.811169793401414	0.379823934497968	0.86787914754403	0.965140222700741	0.718065731752008	0.209920785450744	0.795382819559334	0.879796127095425	0.904878105393385	0.499619595204161	0.599386258393413	0.594733482163894	0.868737556292398	-0.172767052976847	1	0.189479327070955	0.865262626373925	-0.297359254337862	0.778928539079189	-0.749384364708781	0.621536527623612	0.848024106103731	0.494874607831269	0.894714371218418	0.866766209526428	0.8875025411663	-0.105155153388479	0.922962667204619	-0.527881559731917	0.534254654672453	-0.0116075437453828	0.473216519568218	0.81724353776946	0.906967910935453	0.96422209022346	0.878063557864705	0.440979973622316	0.966474414687563	0.0487976388537087	0.921355501998862	-0.273714386596149	0.832703121244204	0.731474986269623	0.834553217030146	0.934688444168405	-0.307209407879637	0.560060044674759	-0.394788236411109	-0.0268146934302057	-0.167066436304349	-0.32858366084037	-0.807788588065524	0.856053991872627	-0.448181434481068	-0.376734903587844	-0.351772856872665	0.780879599160998	0.9319702498838	0.936377255586139	0.94121571739897	-0.55197401634781	0.937282252882295	0.0605914287984181	0.968471175301426	-0.121907571501494	-0.611989147364044	0.957346811835921	-0.3284734260826	-0.386763736035443	0.950735384879612	0.444470962129455	-0.0556098789165522	0.803000920829302	0.960326627050253	0.930151863663357	0.133246750622244	0.816969410527262	-0.267651947400682	0.945350663953958	-0.352150879061133	-0.014213952069809	0.935733145273145	0.641580559444777	-0.22629836897974	0.57162348318997	0.934003674246341	0.329767113084145	0.789496514850515	0.922162290785496	0.694910273572468	0.964370574441539	0.957122679704541	-0.290022799937434	0.834777351990255	-0.192424648471416	0.94318841809323	-0.576718206467756	-0.759306093038176	0.963808352402785	-0.0923879320025738	0.150603453260333	0.103584497122202	-0.372134869693459	0.0524324145471957	-0.142005133706858	0.961251308372463	0.846870264265028	0.390579247061757	0.705336866951659	0.437477227980973	0.894599850749009	0.974361834220958	0.841158698586016	0.342174788102583	0.733610497973407	0.673121241302157	0.957691695345114	-0.555772876161737	0.415911982464424
COL8A2	0.106998870255446	0.199944644026403	0.158522182543758	-0.362620751321048	0.232130060592368	0.202019085894705	0.361064910030477	-0.057981801749702	0.0584225137730225	0.172282253105735	0.0534254648557115	0.161639868537866	0.202778152806748	0.12094370443384	-0.41378212398605	0.104667307062581	0.08117382544783	0.188019267868439	-0.00739701112096526	0.188287074120638	0.0737352015715751	0.170595730296111	0.379270437830375	0.16616183743566	0.15617481346257	-0.00238700051767984	-0.095195865952422	0.168732706286191	0.0831642542716327	0.184774260951002	0.473101662066922	-0.119088278068266	0.116017998798285	0.215946058994179	-0.0254045099290296	0.189479327070955	1	0.137625152137279	-0.603026945877894	0.256253644852648	0.310235864065402	0.0988844137998749	0.163094149702675	0.615474828351172	0.250335976547575	0.169352291095586	0.167946729748995	-0.0531378279563547	0.218679596152664	-0.658507041988076	0.143011603109252	0.00706443742884322	-0.0262558248880799	-0.0823237277454307	0.242655961440401	0.208998072727737	0.288306725664596	0.139509897284762	0.166828968704866	-0.283027769171546	0.13678199339244	0.266830604990335	0.168394404278553	0.164393267902053	0.309627604535974	0.153143278088977	-0.0044165850824925	0.488144690141802	0.44914465655198	0.346171045085191	0.177834585301443	0.184747900506463	-0.245068114863239	0.151725984095167	-0.369844433830682	-0.00881539585218414	0.00766431765928232	0.212674373130656	0.16970433893971	0.176332118437912	0.158595549578108	-0.392151294406251	0.117242663159929	-0.0700385189024969	0.203091227056278	0.0708192708961086	-0.462394512919341	0.210285531859942	-0.22587742184639	-0.380673638195526	0.187905569935219	-0.0137841848400694	0.0367895692253216	-0.00830450189614445	0.165527866738991	0.28226280462216	0.166292305622288	0.115624792033838	-0.0484633307382628	0.186864326286653	-0.207465115225375	-0.15225864518976	0.179654300933864	0.296866469140242	-0.0952972604090637	0.183523658215493	0.170208446067142	0.121710646969102	0.198981148721169	0.16866437779441	0.146777217386327	0.169602373598472	0.214988961393093	0.14301816640593	0.148050133915713	-0.0346663573320725	0.186577531919838	-0.303598697064299	0.125197156022449	0.134707152892634	0.0100166532202945	0.55362837020396	0.0895350490703074	-0.235422728092367	0.131065318091479	0.0225991401158854	0.136985845932338	0.0910726578451626	0.679768381396548	0.0958953469372212	0.214905819213929	0.0379838341956359	0.192361944089052	0.046956792191001	0.390835682997139	0.184962564386564	0.14791081034571	0.194379871961361	0.0538076535701688	0.163949307457108
COL9A1	0.542398773711578	0.729071075986825	0.796692365393991	0.639426625141046	0.841850422702595	-0.245880647475865	0.653815199836377	0.144056238651593	0.810831352184462	0.8800953162982	-0.141935885050752	0.82099729062543	0.736709588912088	0.863382145074436	0.26769659731738	0.571305685051114	0.408660331119551	0.759952578207887	0.29815849399508	0.812859481482367	0.831051822061943	0.807181451518401	0.205984792308159	0.789751036213405	0.884966998871094	0.682547260129125	0.499709628664893	0.634207535562484	0.845705728363082	0.834881849069869	0.688649299314631	0.612833290949057	0.536396899154492	0.838049124021398	0.0527421891302246	0.865262626373925	0.137625152137279	1	-0.205827416366648	0.853030726880104	-0.844058286775564	0.518156165352995	0.769102315473407	0.330314862584923	0.704294115936616	0.730537126794776	0.792074898687522	0.173936456554145	0.851153674020645	-0.352803768882426	0.367286752564861	0.183907712731429	0.686665777557854	0.875717954253208	0.854375048451833	0.842722245712943	0.727632885869077	0.650171268964721	0.81123692801157	0.328363773855877	0.798937077990422	-0.46991882584801	0.723830057859148	0.741722931549706	0.747443920827611	0.912155482766013	-0.501400053784878	0.321180591260767	-0.661565133317426	-0.238045297826443	-0.409238187004787	-0.569033845276644	-0.698551546017038	0.794520078737229	-0.137279993838964	-0.0624881258646173	-0.476405105097335	0.498465623479496	0.853314462122676	0.841780737574681	0.892751110503432	-0.414453345703749	0.849555626671737	0.208921017652748	0.891200390537674	0.123935633993889	-0.425774526956226	0.810552705968899	-0.47455913177984	-0.0810850484749325	0.840812708888557	0.256277028347322	-0.291495530499805	0.889707937447501	0.884422385569733	0.839822865286677	0.135528454590861	0.750186502280723	-0.508180008673673	0.87759016850243	-0.203345733427034	0.163741377654846	0.83313538346379	0.81870125343744	-0.190490156389621	0.650097862111556	0.781081288311454	0.384430723639996	0.802382199079782	0.917555129547088	0.778939345669711	0.850492063274046	0.887663043891188	-0.499240443257533	0.657515859876231	-0.353680976604098	0.89583132369422	-0.588723064241868	-0.602118307429326	0.853834141191221	-0.30955865709394	-0.211893175160802	0.255569175868518	-0.520109832649286	0.192636303091088	-0.43587222175518	0.874649346651576	0.78947547743318	0.255415401934608	0.747400542191129	0.48256158977526	0.91944680905907	0.868092711842815	0.803902775454289	0.105326206294769	0.711150359568696	0.728672475068769	0.880893917898276	-0.668218281407858	0.397619132259798
COL9A2	-0.218219213218521	-0.0981120568625812	-0.27607018650819	0.356289600445299	-0.214639403340783	-0.104433090023633	-0.30854806761888	-0.0571069845710517	-0.289971597702263	-0.320234918267519	0.288907273482386	-0.461151716040683	-0.355417586178536	-0.282325478428437	0.305781049591655	-0.161135519336801	-0.161369491333972	-0.368232887936916	0.0957654506365155	-0.314812421357079	-0.280578929025146	-0.326314583450537	-0.384032109909411	-0.283977645242732	-0.320326955991866	-0.290694294660888	0.466053978656686	-0.172424802933193	-0.219833538293224	-0.244266251582837	-0.552827749054614	-0.0484097934268711	-0.183613627486207	-0.155855875297196	0.097942237988879	-0.297359254337862	-0.603026945877894	-0.205827416366648	1	-0.131748582381975	-0.118116471601606	-0.353878602400194	-0.159340467664816	-0.264629556094003	-0.347168695109922	-0.286253097826931	-0.258389019897993	0.488073364879845	-0.149883063962317	0.499308823313856	-0.198848110801946	0.0164034878754412	-0.200993175482737	-0.212761475591442	-0.251967823588707	-0.34063690661931	-0.265886125981729	-0.170129272604149	-0.274247631320778	0.174045219065858	-0.360182956400255	-0.172996946582601	-0.4053949003435	-0.205266366149978	-0.0755059509596274	-0.301286949138865	0.233013976945584	-0.582935939210685	-0.221577836716796	-0.171894730693937	-0.0656963630199639	0.168025074113525	0.563087385360821	-0.150466645732716	0.689660693904186	0.268111097292895	0.0431434187687157	-0.401046130995018	-0.241273527892037	-0.207415229653845	-0.278871012404362	0.327389027941543	-0.201446047610401	-0.163589719127914	-0.322919514861354	0.411595557978666	0.357590171238915	-0.280433716522332	0.515771178136568	0.645741597931588	-0.306023779164285	-0.275165976829435	-0.182895923656485	-0.118931546900889	-0.331292778007906	-0.382925575605299	-0.128444771514558	-0.288271132077391	0.0626768790104401	-0.296505913073338	0.675350664662948	0.233794068278199	-0.206464994101477	-0.095158514047931	0.140846624150516	-0.243482359069465	-0.207009152965658	-0.293579151883082	-0.248500538772471	-0.182226180006055	-0.305435544493079	-0.267371778306524	-0.22803491573626	-0.0500845290012029	-0.156012738846192	0.0971916356988532	-0.32112812270927	0.398236425572442	0.106127584312762	-0.294396411303649	-0.204565004375148	-0.587578162717976	0.0120785762593186	0.413992869793859	-0.0885155045007753	-0.180942135575611	-0.302684053483731	-0.292117704668757	-0.433891553292668	-0.296828187751337	-0.0168620023295339	-0.102622328385599	-0.322400060933637	-0.321339634903886	-0.338652243208333	-0.220822772245963	0.00120028602425732	-0.263907537676474	-0.144708503889118	-0.391716985124286
COL9A3	0.480057625287528	0.7431630364048	0.751443317587464	0.504493227621101	0.86158587576747	0.0196705637272872	0.59736620794222	-0.0723178762050212	0.668726746884068	0.843930101602462	-0.161712798247234	0.707680545058448	0.752271072713967	0.779169624129347	0.219325289704338	0.568551528537635	0.199804267122016	0.709007193251869	0.27103472934583	0.79246779568555	0.741797119887257	0.673037538199895	0.142090409144781	0.730259134645014	0.760893647174544	0.521950569179726	0.45124895822237	0.57928265698303	0.848642259826325	0.811727566652289	0.681505848693193	0.332893839166857	0.509491594503347	0.835730723291705	-0.0625852708573322	0.778928539079189	0.256253644852648	0.853030726880104	-0.131748582381975	1	-0.68430724879752	0.379585771573358	0.782555644655282	0.558255726274362	0.71099734678232	0.725167459255259	0.759808506228204	-0.0456773654812763	0.812648509897642	-0.480754269420911	0.395171355555528	0.0369942691516724	0.622077372127108	0.811258175343981	0.873116966874737	0.78374491363105	0.703562673763437	0.631745731594919	0.765953553012524	0.209668055582611	0.697482484926712	-0.327381399262162	0.668676795571737	0.655843724253676	0.828074164243555	0.826370577641998	-0.202686427227079	0.363823237234817	-0.429376664750694	-0.111124742201656	-0.173239747130822	-0.443529508718363	-0.470885236562075	0.80838660883558	-0.127799816285342	0.0610276112771494	-0.428365428011605	0.442494656614879	0.798318478929812	0.80277528840417	0.820293333284649	-0.130562719268416	0.770113386823035	-0.0623309227311688	0.834378129194218	0.0357562067854342	-0.530841185836846	0.758225131157603	-0.348527993376435	0.0547159851323605	0.814570761845948	0.0239591886016215	-0.496578814230454	0.780364464638457	0.817845562274423	0.726148539561002	-0.0562689417688195	0.555858593937991	-0.280635152857293	0.83191238267974	-0.186258458419374	0.0510025023854819	0.809890221475229	0.759999921191084	-0.2992740316297	0.610989017715851	0.779716153401832	0.350526432642415	0.652015700272904	0.890130985865003	0.717162251101379	0.790094240862493	0.861587466218135	-0.61869432200219	0.633680713817968	-0.0954614759683154	0.839985004440315	-0.298307218376722	-0.415373111724567	0.773581668243467	-0.547063199602078	-0.168186404367727	0.157307611931509	-0.531916340660576	0.0630802401244546	-0.488329946639323	0.816505366749953	0.659533464655106	0.445747621299813	0.662431086862594	0.430496611473542	0.864265854911436	0.81386578509204	0.676985081212515	-0.0124980919955106	0.555110716770213	0.894114204328383	0.839169434196973	-0.803865713773683	0.31880587338381
COLGALT1	-0.457596984040225	-0.563771094780878	-0.611358006111724	-0.837325948137272	-0.693358533269421	0.374972299963825	-0.44816253314009	-0.0117865242828194	-0.75256598409547	-0.769693759583053	0.251741290244679	-0.725605825579848	-0.68609572257913	-0.789451419559395	-0.364974852181055	-0.647720981380112	-0.250356796245969	-0.722129469990856	-0.112137826212385	-0.690373570234067	-0.723741955312734	-0.659419793318494	-0.122445001133921	-0.628399540684618	-0.763072723171057	-0.669064364124544	-0.516431661473119	-0.468808934361624	-0.778808108727756	-0.676295294890827	-0.345064859080882	-0.591214356892584	-0.556342392011689	-0.652439353210736	-0.00847960940195429	-0.749384364708781	0.310235864065402	-0.844058286775564	-0.118116471601606	-0.68430724879752	1	-0.519179458881134	-0.749523002190163	-0.0772759261947116	-0.57392091154377	-0.652749554733231	-0.758680874187113	-0.1745317259407	-0.687644264517487	0.0356463186658702	-0.243171099771543	-0.10311861197787	-0.61761385359927	-0.857600683822116	-0.749731681900311	-0.759783707279319	-0.657480928852852	-0.533030320195139	-0.696156037379814	-0.363565509166022	-0.740189757986418	0.484012926348652	-0.616155146707039	-0.532732854714492	-0.567591269576022	-0.79283266797181	0.489797547090737	-0.00883673480551504	0.739202240542336	0.183186014578943	0.458465710798562	0.470456420633257	0.516408481442256	-0.628972909694793	-0.0410971050740172	-0.00492131034873359	0.426533612955926	-0.372394388927558	-0.783468156327248	-0.73370774597406	-0.78175576971765	0.199362328993332	-0.811568867971786	-0.310222768771851	-0.73038584045906	-0.0879590944777037	0.312520232856289	-0.697886919973631	0.364108379593192	0.0102117190263343	-0.684257715603766	-0.301131360590626	0.276279690847258	-0.886222004215503	-0.796868769413294	-0.659828316802655	-0.12098550249552	-0.711924554036439	0.426379534396505	-0.711147319848243	0.104003561778658	-0.195870604265711	-0.664390810279219	-0.655988552719829	0.197601583744492	-0.438769369889937	-0.625783649171159	-0.25437307738287	-0.722879831756603	-0.774063843702828	-0.661541213738162	-0.742151078986945	-0.708574737707912	0.469578852296574	-0.497140163539764	0.300031219522106	-0.774978931354212	0.252050910223821	0.749670364639601	-0.758928971630358	0.277045288840329	0.355437004599631	-0.151680177092543	0.409888570270973	-0.169924323557146	0.364607449420058	-0.751404950167627	-0.725034690122706	-0.0156189456777939	-0.656663063954423	-0.279567292169855	-0.820624628379361	-0.724070624720513	-0.773756661820003	-0.00600004772143171	-0.624050461269711	-0.624087322312522	-0.741666403557805	0.612881329972646	-0.297475846092234
COLGALT2	0.627812220770813	0.451159813750858	0.497713749158516	0.152424101246463	0.594216085848878	-0.115249745829484	0.466463658635775	-0.150766737047941	0.648559357311438	0.606481981361058	-0.32731782142723	0.718553189290886	0.595645873915608	0.681906210000048	-0.228403040396443	0.681090901229846	0.254160620154575	0.718299890482722	-0.216814286603852	0.644996028197414	0.658935931421452	0.502858191709232	0.190101998343391	0.626019633020043	0.624576834764162	0.650614085384335	-0.0226488946796863	0.417246012838483	0.510110937407347	0.571591373632822	0.191673387830978	0.337744252032467	0.326633556294758	0.503635975723454	-0.0251496374161533	0.621536527623612	0.0988844137998749	0.518156165352995	-0.353878602400194	0.379585771573358	-0.519179458881134	1	0.670336378236874	0.281541662642381	0.557028069247368	0.720315053447108	0.72524703973457	-0.277299006904808	0.506951298826804	-0.26593141550956	0.363534194606649	0.0653777144292194	0.267472400178276	0.614021847550539	0.606728379257093	0.690595710350167	0.661171982956866	0.345093769191414	0.65938117065566	-0.221832586779599	0.694306394289897	-0.161879780108812	0.584617904210193	0.502562123624466	0.431320012477484	0.514953173773186	-0.357373806774591	0.385393670428575	-0.31915677371744	-0.0550367463532366	-0.415831929966061	0.0143554405370797	-0.531754659626577	0.44127777268217	-0.367362431001505	-0.298356706151997	-0.101784661963527	0.570288853247461	0.69516886217196	0.605300088792099	0.609133597386001	-0.438223535748701	0.676061193654351	0.228587173685267	0.580730611242322	-0.019617310569675	-0.460522927399077	0.677386236506079	-0.569530994517073	-0.569184111756285	0.606817139714181	0.569415078216457	0.254940100720786	0.446696200496801	0.676262759789886	0.552304384094228	0.129708417506508	0.665635670561204	-0.415198590250318	0.593474808659975	-0.161005940766286	-0.00562526323562772	0.528335127027135	0.461063155201702	-0.0845322444592852	0.196585140063055	0.541708919541961	0.439548876962506	0.590269063340614	0.593120729844757	0.292447216994557	0.601793011470282	0.59856767643631	0.0767868340188455	0.491459055382279	-0.47780636582931	0.589743482825906	-0.421193647236124	-0.570982934986147	0.695748865372879	0.267498644531328	0.255707586590596	0.117242382169991	-0.177750847100626	0.0265589415773266	-0.0495357688035043	0.59932893756611	0.645735751391097	0.314768829431153	0.519306039994546	0.22607134613287	0.494282342147472	0.645901556412321	0.637637843612548	0.27121723145531	0.457428240817731	0.388429023410366	0.557283520387677	-0.244461687482595	0.378087756423043
COMP	0.461981050719754	0.779734347074259	0.614812408397569	0.572112344640705	0.883077756727495	-0.170986471634242	0.538927173718041	-0.0462861078309676	0.648545386476191	0.869959241206378	-0.288273625143221	0.793991402974699	0.936814273368143	0.831896936744729	-0.0467461405097494	0.938735240400681	0.296415116846905	0.868074850880217	0.00339088946409497	0.866115989283336	0.728485905328042	0.644803945700715	0.191315126945072	0.761308753101427	0.759359306709108	0.50873068651538	0.261366531149457	0.520371842299056	0.861590268745282	0.844694840718436	0.358752303825037	0.52064890655399	0.607226230432943	0.795209402754068	-0.130212018679692	0.848024106103731	0.163094149702675	0.769102315473407	-0.159340467664816	0.782555644655282	-0.749523002190163	0.670336378236874	1	0.539046814688532	0.862252688881119	0.882366625807252	0.986067079081814	-0.0849982827458842	0.747216967076136	-0.585713865459042	0.368351165658056	0.00801686472496941	0.350279622286864	0.840729282010055	0.943437003092171	0.922363411019058	0.966835857255074	0.641485428675714	0.863644208555202	0.103250992223339	0.77846320254821	-0.237495585742548	0.638004868055888	0.645958282542518	0.788458987153512	0.854999364033834	-0.216876121053149	0.386574275433497	-0.352274378575631	0.153703091491996	-0.162298885694422	-0.148485066857913	-0.58207867873271	0.777639243137033	-0.203182242260878	-0.0391255185243521	-0.265026603688653	0.614794462244018	0.97329590398315	0.844328745446989	0.856639757243446	-0.403905272128465	0.902094602336888	0.137813329935729	0.83973214097821	-0.0215943514999356	-0.538895227746165	0.882688109499153	-0.361933699168134	-0.239298655442724	0.836727302849484	0.183760431530617	-0.15099426284504	0.789185037261409	0.906930758866524	0.687318341188191	0.0478289819638432	0.624073042322928	-0.233127020403239	0.824438609368842	-0.157294320335058	0.0465677753929927	0.806004223110921	0.776827428239728	-0.120061445726921	0.38625117568095	0.797167315216195	0.416167328744709	0.786055738342205	0.869165937934224	0.486177033290509	0.804564530265408	0.839833316123361	-0.302465622153536	0.575066280276078	-0.152411500572704	0.848708021857567	-0.285562496831729	-0.624470846395539	0.906227884592051	-0.181809171753648	0.0601081522036253	0.124840527597481	-0.444114528829806	0.0911285574531251	-0.257507234154219	0.807156086749756	0.668013583743821	0.374571213240656	0.820011048320294	0.364093952602023	0.801742808716037	0.832448039851367	0.670191897211049	0.177033747369422	0.50399208816964	0.75496427694558	0.837060684120399	-0.530516150892868	0.228890765874732
CRTAP	0.2870672985001	0.668459140509412	0.471908977087917	-0.0501945996214221	0.602320544798268	0.177138104713269	0.605274425958081	-0.120109439223308	0.348214624386926	0.471909091219099	-0.264969640125921	0.364047382258746	0.514983352976027	0.469359136609665	-0.465596080737225	0.417751635296965	0.337570418689194	0.468116364932734	0.298980128576414	0.497377056417089	0.411925363448206	0.266006447465405	0.354411544112271	0.416605511737274	0.458914798291749	0.124083211799526	-0.0782024452028722	0.53143598161861	0.47161284976913	0.538883913056393	0.30008378799842	0.117935616336769	0.115482314826198	0.614537543234039	-0.37207082286865	0.494874607831269	0.615474828351172	0.330314862584923	-0.264629556094003	0.558255726274362	-0.0772759261947116	0.281541662642381	0.539046814688532	1	0.575946995303491	0.471941870228206	0.523757823646186	-0.150280032281311	0.562480561282729	-0.74817799082036	0.239548765148677	-0.229120683765396	-0.0128139660474412	0.265077500756865	0.633315462789574	0.531165608951389	0.575789532252533	0.250789202926629	0.561596791719876	-0.100328642541028	0.416971312694003	0.252902817860641	0.530754720922505	0.358460405480818	0.68136286858597	0.374884145921213	0.172934503834502	0.689899436445904	0.280401940763523	0.226344469975568	0.0125869216430119	0.24694712990942	-0.245311788885921	0.600973051649282	-0.319806243650875	-0.240014410574824	0.181404369205463	0.365188895988899	0.519762834503259	0.619064164373015	0.540775895462681	-0.334352663457939	0.475934349517974	-0.374041818304411	0.542200464753777	-0.0156937650419822	-0.639472262304224	0.562716379174673	-0.232030042600251	-0.242554676604821	0.449011938799411	0.114327322132227	0.00136368057473372	0.135231081180208	0.506345749251416	0.432665514646938	-0.136511251951286	0.18578152774929	-0.196922135263278	0.599827555375826	0.024415035322203	-0.148518613473346	0.636659191376583	0.456417132008979	-0.238210294596089	0.125311509958282	0.605691147486964	0.167734135474425	0.357044840027837	0.450490009951874	0.234299836431681	0.518203548347586	0.557540017866013	0.0312612804839046	0.518677791004239	-0.21436046496962	0.545665628085528	-0.253177942689603	-0.135823073451462	0.462340666253626	-0.0489066300686769	0.474669079400003	0.0563278612725767	-0.0760334434961888	-0.127989644475244	-0.216754538607182	0.510983740395179	0.341891115264097	0.868853682678621	0.311045615964175	0.382377760555099	0.334322086511268	0.556874710022839	0.264356521272175	0.433801261762041	0.187030626177307	0.406533644760472	0.431660854240638	-0.0733468350280376	0.222014773265479
CYP1B1	0.584878451953669	0.83488437291731	0.780720677845552	0.327244189754048	0.923957563941581	-0.0315018537868632	0.612025079826148	-0.0393518393843752	0.663562115739565	0.884823337453355	-0.426052981883297	0.74782705462967	0.836779748200654	0.83086824305905	-0.193656290846635	0.746387584114866	0.565593444335673	0.865391258777376	0.179542721960394	0.905189628331104	0.773798555895359	0.577776285160227	0.243251897221364	0.764321994320943	0.768870952825172	0.518968398593034	0.0277468531782526	0.663626752536114	0.887356578008506	0.819400242616938	0.421060356159502	0.523680845248901	0.57838543422662	0.855702066479355	-0.310423784346502	0.894714371218418	0.250335976547575	0.704294115936616	-0.347168695109922	0.71099734678232	-0.57392091154377	0.557028069247368	0.862252688881119	0.575946995303491	1	0.850036569080549	0.891975141039836	-0.226985229650151	0.78301264687229	-0.642416861934915	0.469870255121003	-0.0850540221547579	0.303905785529799	0.725731853202105	0.865901782040209	0.886353656494476	0.889516189883441	0.4955651494846	0.883492571599312	-0.10596899883349	0.804669087198458	-0.116970224171104	0.726251594183917	0.631170858550601	0.77142843911145	0.827122116284247	-0.154291162762212	0.593621918470938	-0.138669407956804	0.125561977929164	0.121768216513147	-0.158036044639163	-0.713879416983681	0.761638516649546	-0.551274093092831	-0.308375422143225	-0.143293609221742	0.805350614086175	0.887362433882875	0.862021875061486	0.8573629512722	-0.522894570167325	0.818937703874293	-0.0900480230105013	0.911472723258982	-0.212473262934574	-0.574273074075568	0.899091780729501	-0.197526523954707	-0.41442410501592	0.905403356402554	0.318470661513367	0.108901722183178	0.657122983567707	0.903006394008789	0.769854220935786	-0.0156044341068371	0.574172980027036	0.00711173245356908	0.849048385088307	-0.430100662094197	-0.073296331780669	0.878651927051305	0.520963043109183	-0.292915860764292	0.520421019559558	0.8699859636183	0.331125495190595	0.685355555305625	0.826799334119058	0.583399258887614	0.804978993949427	0.87118921835771	-0.116274575833102	0.70831094418669	0.0289096399674849	0.891415280251468	-0.514531961503408	-0.558804316075658	0.892815340081544	0.053718281171547	0.297032575547441	0.0621916159164548	-0.302402048946048	-0.0664291885120916	0.0581358032589023	0.884903732169868	0.661684736927796	0.403049173953115	0.70498653511256	0.395726146961092	0.73601816364095	0.875294571244032	0.699584402619669	0.249366056782235	0.493516046309381	0.558229394583339	0.874540361123064	-0.432013278866436	0.326271640528946
DDR2	0.657736548801496	0.689921313665906	0.756746013877731	0.373361456244844	0.870977517710762	-0.0436069721444147	0.499119015832933	-0.104117639597823	0.699279438619423	0.906969905278315	-0.4502475312829	0.851700915859688	0.816011129644715	0.834109792944765	-0.0253603945239362	0.78966191765175	0.410044318433148	0.910276245652661	-0.038766895811364	0.96265978450233	0.836427300147631	0.651465983066997	0.0885295139986823	0.821608112930629	0.804589181028391	0.654382572450355	0.150771691781248	0.504954367602703	0.838549673101935	0.876246380621033	0.39609591339371	0.496979188140176	0.565107643443594	0.735848870881584	-0.0876678429956505	0.866766209526428	0.169352291095586	0.730537126794776	-0.286253097826931	0.725167459255259	-0.652749554733231	0.720315053447108	0.882366625807252	0.471941870228206	0.850036569080549	1	0.920809792070945	-0.246254932995289	0.725210933042041	-0.560441192567549	0.707040458116271	-0.03063435907447	0.443963290021081	0.825553598302686	0.852864179945453	0.90468004129806	0.889921045858565	0.511035731259876	0.921253030334753	-0.0121148955730559	0.831574702886142	-0.345262412991938	0.692574321268067	0.638727716952602	0.677071292047802	0.859363654776664	-0.0943696544172323	0.511140861916919	-0.350310119928414	0.0743347093934024	-0.190036247462685	-0.237371805443181	-0.642340061015217	0.699822516872795	-0.351788205574762	-0.180517288609898	-0.47332948024993	0.843321995618806	0.912691051251479	0.758603519999346	0.78264883849387	-0.520219906693744	0.809588198360649	0.0833904515597668	0.864520272013657	-0.145881060111499	-0.605547383128284	0.921893856732909	-0.351457849637664	-0.279997709432499	0.867749228835243	0.22302497027709	-0.107721615366283	0.706421006850021	0.911943733380367	0.75132415078959	-0.0640472814994277	0.620152265998645	-0.261562394546483	0.817283002995918	-0.336156844505434	-0.0564479523428123	0.786427113132219	0.638659548614933	-0.102544597877793	0.614632822788477	0.804518578364912	0.472122358145167	0.694836792017585	0.810657268081687	0.48926034777073	0.789119651611026	0.846959680245621	-0.282374829985117	0.675316799309732	-0.17703491048395	0.814871864817609	-0.424096959514236	-0.522249168854657	0.945372990726804	-0.153283557119099	0.10275877768434	0.0224712964833596	-0.521169702248414	-0.0612024049154601	-0.213070412563824	0.838465606981774	0.718942045741396	0.407157223725637	0.70898581506464	0.245868106070283	0.790293434436054	0.891733564446436	0.726674797460562	0.0806741509848132	0.517003339255408	0.705974651635554	0.82014783418738	-0.528324783749739	0.383010693268625
DPT	0.529367403613091	0.764017219390496	0.676909455526329	0.537780412296253	0.893162013434669	-0.151850943077412	0.565452259960241	-0.0299018584230626	0.721201463108636	0.91411953472147	-0.384300329189767	0.852787226791984	0.936570504563403	0.877659568584897	-0.0683244995185285	0.925419474725906	0.366052088839826	0.927340991881704	-0.00907646166168152	0.906907726958065	0.785674187179817	0.668618851756712	0.213706191556582	0.789301523828147	0.810790949872736	0.596136150634396	0.187300710060562	0.545006131474206	0.891028798144051	0.862851821878997	0.39930102788958	0.539356108336957	0.618416063023448	0.794567014799916	-0.159899093706213	0.8875025411663	0.167946729748995	0.792074898687522	-0.258389019897993	0.759808506228204	-0.758680874187113	0.72524703973457	0.986067079081814	0.523757823646186	0.891975141039836	0.920809792070945	1	-0.13497751044053	0.762649358813598	-0.571824800268736	0.424496004898515	-0.0267586118108359	0.402549862450513	0.861248173608754	0.947317008307858	0.95538227649826	0.970814944869908	0.634541083587439	0.898302406545959	0.071965359875106	0.843514700403865	-0.241098708096172	0.71272319710384	0.640842506699639	0.754464109863755	0.879523679532585	-0.250245427892063	0.443298375842237	-0.350661784125001	0.138728254453749	-0.194706626749688	-0.182150269131336	-0.655663898423077	0.76197380906644	-0.304253725282249	-0.122976657327712	-0.284135889981095	0.687935176834144	0.985157293118229	0.862240692782952	0.884506013582517	-0.474702177424249	0.913054846104222	0.147683078992098	0.882942469351633	-0.0880070075653347	-0.568772730792444	0.920131362409866	-0.411159207688513	-0.330172097200467	0.861400350022276	0.277390333416078	-0.0818801234750547	0.792305468455492	0.950853504832163	0.747438529068908	0.0341662194167331	0.672625486716867	-0.270098589053221	0.851766799915316	-0.265188945918281	-0.00556942096969949	0.824301680838153	0.744145951859905	-0.150697491957999	0.444499735547332	0.811765834494609	0.434118214494046	0.790793486855022	0.866309820274246	0.543583624624456	0.834624222192392	0.854804632355883	-0.258095953085534	0.609087963512899	-0.204752707505815	0.890500396162912	-0.371782533092004	-0.658573797737158	0.940489529995888	-0.105589553531698	0.122784873858116	0.0853380391455598	-0.472868383127989	0.0528525266628444	-0.208442104264529	0.856893393250587	0.729960099555464	0.406856456073595	0.812346211465313	0.323462503239791	0.803897368390318	0.88004440232262	0.74548287689656	0.204989979613128	0.546306502597985	0.700379218155253	0.854796884620085	-0.481558978911679	0.329308938448199
EFEMP2	-0.165235498687393	0.00660367437860674	-0.141512764419502	0.405315846889602	-0.0902512946228921	-0.344110838437747	-0.018204501378429	0.373686004671287	-0.0551643392455733	-0.133674760987054	0.485412017599545	-0.187291713637713	-0.254142657321826	-0.0897310964079886	0.324101498461747	-0.141429051736918	0.0579941055843454	-0.194496356905417	0.236039920434274	-0.177233105299748	-0.11261617202379	-0.135179299258039	-0.10773256332657	-0.236143435687189	-0.0851682659064676	-0.0868216909151153	0.70213654029808	-0.0366412288041343	-0.142115288127178	-0.0488813720411607	-0.102971051561051	0.351775084929749	-0.0899125849178919	0.0474243708596896	0.170314144812476	-0.105155153388479	-0.0531378279563547	0.173936456554145	0.488073364879845	-0.0456773654812763	-0.1745317259407	-0.277299006904808	-0.0849982827458842	-0.150280032281311	-0.226985229650151	-0.246254932995289	-0.13497751044053	1	0.0413361847281995	0.18764328108583	-0.165939273800963	0.332286332755493	-0.0118024457702706	-0.124316870706552	-0.0926234832524791	-0.179488971812158	-0.0812695119636322	0.104197176542426	-0.146470561907158	0.472207169267112	-0.150739003727369	-0.283285513642968	-0.1644101685022	-0.0690678108385816	0.0182811158524152	-0.0299309416495812	-0.408008395624261	-0.427374216404775	-0.2942938095956	0.0208957185826769	-0.272828316768194	0.0372622715735297	0.123638482218466	-0.075972228820925	0.578546169668514	0.43270937638562	-0.169100867717338	-0.281514865598793	-0.0768181887984401	-0.0574023351021195	-0.0817018519896285	-0.229906592712281	-0.0338285899209383	0.245094479843799	-0.101583165211864	0.762259652877244	0.255698842288377	-0.106279907664902	0.0925853531924434	0.378689159656529	-0.202721905225847	-0.137474936362853	-0.134096033526219	0.0909701282969388	-0.139725162973915	-0.0549337107762198	0.280323340819896	-0.0180662255888573	-0.32642218243578	-0.0884500550452226	0.571473832805481	0.501125094565767	-0.0691395224650481	0.279637077153569	0.238366257292716	0.0295397980294599	-0.113010439321916	-0.411042591267545	0.152585000885154	-0.00574899977615665	-0.0527541787102488	-0.100650733231268	-0.0604087829497136	-0.0316913580273041	-0.0639674923316211	-0.234998487263523	-0.102238731269712	-0.0959183111713179	0.0630407921894112	-0.142961511745675	-0.124687966854229	-0.419015788232308	0.430838041996367	0.065657828160151	0.410841893886946	-0.260467441886229	-0.129393949453364	-0.0545338055067651	-0.226176809792148	-0.0732149592236128	0.359568683291377	0.0524648123703987	-0.153127437097963	-0.126544191522741	-0.0585643157016548	0.103085470558138	-0.0761436038604912	-0.0767541082880466	0.0301392023358134	-0.192350868117926
EMILIN1	0.772558531639672	0.909387977238166	0.907100477144736	0.499970212441914	0.885788914607624	-0.266814442873903	0.88257859842623	0.0236342432752916	0.866024889147488	0.787634880677159	-0.376410183438363	0.776989290637893	0.713463042793719	0.926116378913211	0.0103101255181608	0.531588708320858	0.478374963372282	0.753217144277461	0.390487490996803	0.840542950321946	0.910124366347018	0.714250681438922	0.263896006455735	0.862370830129678	0.913878867084314	0.721745513161986	0.322752562111835	0.911755188606409	0.792156741066105	0.885901143357965	0.459941617076745	0.557922914535763	0.562276869962322	0.895829489252857	-0.148318981185432	0.922962667204619	0.218679596152664	0.851153674020645	-0.149883063962317	0.812648509897642	-0.687644264517487	0.506951298826804	0.747216967076136	0.562480561282729	0.78301264687229	0.725210933042041	0.762649358813598	0.0413361847281995	1	-0.476873325919213	0.394428843763523	0.0205868650130978	0.51823149106788	0.695847520654118	0.881689481530578	0.844347264500792	0.754425957206587	0.381997261121167	0.892527278946569	0.125805130147995	0.877557459667986	-0.133542470209271	0.842164914354078	0.75624434372906	0.936203071114337	0.816967057022443	-0.321757046700106	0.601149366672812	-0.356409970010319	-0.106304227233553	-0.136661915025891	-0.236947563249572	-0.730987572153461	0.860456234073822	-0.339573028409209	-0.381302532369142	-0.295255189561744	0.603519979483197	0.842207371793336	0.955154265183504	0.933752431368746	-0.518083541341857	0.912818985701814	-0.070976717454833	0.930004221221083	0.0432523476659721	-0.571734756678712	0.90450957187275	-0.198701018343232	-0.251656846158564	0.903381945560416	0.47965788077663	-0.162616935881267	0.754453333386489	0.857950163571379	0.934037955269502	0.033177414180904	0.814830637843089	-0.275410183508197	0.929339429993032	-0.151184025638922	0.0477199852527037	0.9401449671502	0.695355977128776	-0.271093255484177	0.447013266809803	0.935767435619736	0.241100879030175	0.726352912267742	0.921149334152212	0.637546172419549	0.959103396141973	0.941502461775424	-0.345577115544507	0.913364596684916	-0.184878491162393	0.901574376539689	-0.558939540910892	-0.64791022812235	0.846397158203514	-0.182231490058824	0.116529847837084	0.184091325429945	-0.275783928021035	-0.00368423509701586	-0.18481924444328	0.935281808668015	0.880359691878811	0.458854023087247	0.604495739649159	0.577098078926034	0.877099654298396	0.932326151651424	0.818816874544419	0.249040374217077	0.813015706393857	0.720017832081354	0.939174890515606	-0.590146151573268	0.498013504834071
EXT1	-0.252030484113329	-0.641433492560675	-0.392418906385209	0.0359191679045544	-0.590243809010497	-0.0248186492428342	-0.534041472979023	-0.0308741989050055	-0.222697373877327	-0.466734300244681	0.102138967547609	-0.519365005919523	-0.621601426006886	-0.428777794498676	0.458532850911983	-0.506779923944045	-0.214108745024543	-0.456291416868692	-0.0927037184643871	-0.5926174239687	-0.415206975672577	-0.364942281053244	-0.259131260576167	-0.488822163687755	-0.446762586755738	-0.0806478631641158	0.124582732547949	-0.438369516317559	-0.39518708329129	-0.609944131623425	-0.28733051340552	-0.297297804820468	-0.333522158838875	-0.531496439478342	0.252085070866482	-0.527881559731917	-0.658507041988076	-0.352803768882426	0.499308823313856	-0.480754269420911	0.0356463186658702	-0.26593141550956	-0.585713865459042	-0.74817799082036	-0.642416861934915	-0.560441192567549	-0.571824800268736	0.18764328108583	-0.476873325919213	1	-0.392350014302568	0.0845969470261824	0.101275598440187	-0.341783430539081	-0.612007395226089	-0.548240459016674	-0.679993492958987	-0.267417724142286	-0.610910575868257	0.0157093891545773	-0.41225279074521	-0.122924226566974	-0.41497477843849	-0.457974605854209	-0.628554388955137	-0.533539858134046	-0.120286864240346	-0.69525883921355	-0.201167267069409	-0.406492639889664	-0.224203538534724	-0.123637809762252	0.537412299496491	-0.604922571448285	0.423620066928115	0.0834337274291712	0.103679760521841	-0.564063604294948	-0.581504055085052	-0.503428436332366	-0.482876245390539	0.492681230044993	-0.495766782269697	0.138241930224681	-0.544574320842642	0.190552146181091	0.541036625288951	-0.603947377801116	0.28017000447707	0.237317351025381	-0.550042416588168	0.0533530388711684	0.0666874330915251	-0.273702030818376	-0.502992634165453	-0.449124957801799	0.0473315673192209	-0.223141118870965	-0.00348939554675577	-0.591733466492697	0.154996775597818	0.11445966586743	-0.588007468223391	-0.476249863811654	-0.0338703755602159	-0.214814111468635	-0.619244282437419	-0.216930063550155	-0.440708660395349	-0.499057665280985	-0.0680678983835345	-0.497498606971586	-0.567578249323556	0.124305270636189	-0.477362308968452	-0.0491425687742257	-0.4682603437456	0.298635359245662	0.122891523433482	-0.553554862886747	0.12416297844156	-0.440805526316201	-0.0749647623317806	0.323705611212226	-0.0064599424442464	0.104175945046585	-0.465268220123736	-0.298435743433228	-0.563805658923332	-0.627193891970589	-0.361420574445823	-0.449374355897868	-0.53900473258612	-0.185331641814614	-0.311323181571368	-0.195642941425779	-0.46151678189206	-0.519427831738716	0.115091571510559	-0.00911460739584883
FKBP10	0.612551028912575	0.346502352286051	0.619335467994051	-0.0710415765633887	0.55820541453389	0.066958827275117	0.268337584132062	-0.0977020700703558	0.349212294220114	0.559833827197248	-0.331079801840833	0.490758744799033	0.301203109514491	0.41358252118369	0.0495692250335771	0.21792970811269	0.358221473482306	0.494145114724616	0.0414138365976482	0.702979672350012	0.606437209087832	0.360122432506068	0.0261891032665501	0.413395427627247	0.514173974489624	0.438278861775374	0.123581836407801	0.28425416363167	0.409696247971574	0.58501076484038	0.218400491656667	0.284398710494019	0.148398329292625	0.393519849863069	-0.127833066150831	0.534254654672453	0.143011603109252	0.367286752564861	-0.198848110801946	0.395171355555528	-0.243171099771543	0.363534194606649	0.368351165658056	0.239548765148677	0.469870255121003	0.707040458116271	0.424496004898515	-0.165939273800963	0.394428843763523	-0.392350014302568	1	-0.0570035222175727	0.193602211509452	0.4527174172445	0.349007679892704	0.478435832851178	0.447623165621527	0.118685468265899	0.636184129477492	-0.0890415230807925	0.47390804224909	-0.532104942755374	0.425243440806304	0.277400878177971	0.2943508981982	0.549637436930436	0.0949840684248223	0.318482350634729	-0.245038470929527	0.0832432245178856	-0.12551194195136	-0.21245250404631	-0.368053596175429	0.373219291222872	-0.298619990587458	-0.0981385077850023	-0.645309438763587	0.839743423979489	0.441313094756324	0.304218192989153	0.288005154943841	-0.401838951862764	0.334398723011232	-0.0713740953744986	0.505212118817437	-0.111349874889189	-0.401478881429046	0.577696670158809	-0.205909021012059	-0.109448236729443	0.509788218728725	0.00648021734898876	-0.100609363058866	0.260898508579298	0.496859517985912	0.468973574938894	-0.0275253574961781	0.276774099035019	-0.176516166986447	0.482022424864872	-0.274646654613317	-0.0539959932449637	0.454975758735325	0.162375393156828	0.126201341802585	0.738562542266504	0.530377526425977	0.0597690514774919	0.2870141669844	0.42413697554714	0.238604238049471	0.433990011075402	0.536984931008398	-0.217588222239916	0.567618908450983	-0.0752857080468165	0.369450468176768	-0.354775307804814	-0.179650836575968	0.597611772514625	-0.185593653944255	0.00983363812088562	-0.00889616093859784	-0.347310143323547	-0.0441231953688368	-0.182945188855263	0.484123596422687	0.381919229032249	0.218397337206928	0.246184951567047	0.119658419751667	0.515158184517082	0.562057860705955	0.355192471934641	0.0135687895521254	0.227839807457616	0.396956864635203	0.449673625402341	-0.388082583245622	0.13445425618656
FMOD	-0.0668469796986874	0.0399073267650757	-0.0411500137595391	0.0476895775398595	0.0130392893508888	-0.56185564744436	-0.10336557195065	-0.0945675388904167	-0.0349835699011312	-0.0312546264938737	0.530967243375791	-0.0183023890564736	-0.0220957939184506	-0.0251230682308518	0.455458678314406	-0.0650071571067968	0.166210807607493	-0.108113534088803	0.306879009473884	-0.0210820498338217	0.0190197126811404	0.224701357237769	0.0324516753719845	0.137504320840621	0.0301622436275587	-0.00363547601731036	0.600719183323743	-0.050697074460855	-0.0471149015339342	0.0225793391635022	0.222649079603601	0.551299889490047	-0.0715819796893136	0.205051498434813	0.792569490882338	-0.0116075437453828	0.00706443742884322	0.183907712731429	0.0164034878754412	0.0369942691516724	-0.10311861197787	0.0653777144292194	0.00801686472496941	-0.229120683765396	-0.0850540221547579	-0.03063435907447	-0.0267586118108359	0.332286332755493	0.0205868650130978	0.0845969470261824	-0.0570035222175727	1	0.225369808902411	0.102393097932761	-0.0408476524433528	-0.0127993807330937	-0.0700096576918502	-0.0692769758005308	-0.0295516211498523	0.357460708381256	-0.0759321607070673	-0.25072385091983	-0.220119414274587	0.475127396908958	0.0459422370628845	0.10447308145427	-0.51931936614083	-0.0591793939323069	-0.342232160854344	-0.357087051235904	-0.212129362331286	-0.311138769649793	-0.0665818692426375	0.0675682736275108	0.454854575664028	0.174932937884304	-0.159298092703421	-0.100417963144956	0.00872737129596416	-0.0394633713570232	0.00293196596646586	-0.0347895372207824	0.0291673775399793	0.714226669546788	-0.0377815112182448	0.690053200953881	-0.00327705465037919	-0.0867406682430163	-0.00984852235860231	0.114775493569249	0.0902567351714569	-0.146255131805098	-0.107445766523289	0.177591002404935	-0.0321415758137607	-0.0195227440562711	0.639374483998709	0.0918142628665583	-0.182353736035756	0.0181871382504195	0.353378728494013	0.908999259532169	-0.022810287532516	0.287376670254512	0.00971692489951787	0.0478469486255989	-0.023400377024744	0.253769737792243	0.50627823748828	0.125037694982563	-0.00952881949677166	-0.0455561073881522	0.0900083671497975	-0.19139541843069	-0.0340202609032149	-0.119644355719996	-0.0435276407825603	-0.0700800989941275	0.172221780465054	0.0663647961406186	-0.141621913994527	-0.288691239186125	0.890013356060446	-0.0902259804974654	0.744225247335186	-0.200798732201679	-0.0525025713107848	-0.0141606870942349	-0.289489134673782	0.0890160982598392	0.64819481224107	0.0490947454233664	-0.0399606943513208	-0.0398539697786598	-0.0577368922252845	0.0966305058658017	0.136135576379844	0.0739114520343086	-0.238154582888683	-0.0853882818763474
FOXC1	0.425200799826942	0.221449817456992	0.553370836363536	0.522154905946959	0.389371507013969	-0.0700953465024905	0.263136554069935	0.00167158084391176	0.717422732365282	0.588104723161052	-0.293724429554109	0.592866690614781	0.372168495240721	0.622537613231967	0.593784676268984	0.230032580803703	0.088180808600167	0.565840560353077	0.0765917636390305	0.481898205703565	0.591853072435063	0.48753352215384	-0.120408149341148	0.562722053823617	0.551593013675597	0.740045113915374	0.413468082002518	0.279235499753781	0.610629231965105	0.48387396775705	0.668796016431671	0.302554972208506	0.510645110720852	0.426784147889644	0.29351706581831	0.473216519568218	-0.0262558248880799	0.686665777557854	-0.200993175482737	0.622077372127108	-0.61761385359927	0.267472400178276	0.350279622286864	-0.0128139660474412	0.303905785529799	0.443963290021081	0.402549862450513	-0.0118024457702706	0.51823149106788	0.101275598440187	0.193602211509452	0.225369808902411	1	0.604666685143302	0.506547279588217	0.471878369576601	0.256048929345857	0.43444963932938	0.402226094017075	0.358993806072165	0.608510931055738	-0.256928339684064	0.546527306849772	0.442046890868825	0.334969536000308	0.551901211810683	-0.457526217708311	0.172258954229503	-0.481130181133601	-0.303060004842271	-0.303591354018875	-0.635439196330832	-0.409689619736679	0.301674591074634	-0.0139309866384568	0.0196773297826959	-0.573200588051782	0.180201411354292	0.439296033794858	0.451201136436084	0.563872078691428	-0.0767898415842214	0.475113612996273	0.30959610262857	0.562482157629401	0.0655123037171282	-0.292379061897204	0.440371051984357	-0.227972354486404	0.0300140603592768	0.517646485306367	0.213343591833624	-0.493920926684365	0.71646555017532	0.562985232101668	0.617274339921912	-0.0663902271389224	0.573012773327037	-0.325222091357362	0.466703365844706	-0.376334037970158	0.142404448031664	0.384227595647017	0.538933475834094	-0.381445119310493	0.54245240124145	0.339730220099099	0.376195027078688	0.486083478080891	0.53717523960337	0.720857434787868	0.509655964825043	0.467181961316406	-0.599447536928166	0.340605278898339	-0.145756620403478	0.601361257000606	-0.221851035749058	-0.255037404549639	0.468583952965453	-0.456050573967101	-0.255506181242237	0.152794032877525	-0.691826762391145	0.0817727100088035	-0.296360934048895	0.595169024390925	0.679882703817122	0.20927365604302	0.322087343410921	0.150355055150455	0.547117472064275	0.548463448011251	0.76518189050398	-0.334559569222797	0.657630056719852	0.535993531274864	0.559823188097909	-0.574278927492811	0.737918517855144
FOXC2	0.460185193126576	0.654536113900932	0.70435578175691	0.584571320572824	0.826890578019434	-0.181365201049793	0.454306938240373	0.100119382081744	0.713970405656923	0.904731322235962	-0.263974223277355	0.831328717122279	0.846908371366623	0.813016430490268	0.305950445588868	0.710132352584635	0.299977416277986	0.788259425638459	0.160464418848653	0.847078219711694	0.802832145341998	0.762044783643281	0.128067025224521	0.743294507437045	0.817989060410763	0.613131886352346	0.332706857172626	0.471351546808601	0.879928092973798	0.843000661803608	0.564066965294896	0.541925723829954	0.454321717904574	0.753892148050549	-0.0304157027933494	0.81724353776946	-0.0823237277454307	0.875717954253208	-0.212761475591442	0.811258175343981	-0.857600683822116	0.614021847550539	0.840729282010055	0.265077500756865	0.725731853202105	0.825553598302686	0.861248173608754	-0.124316870706552	0.695847520654118	-0.341783430539081	0.4527174172445	0.102393097932761	0.604666685143302	1	0.840608708205274	0.868111870361454	0.75968961246288	0.703350255287487	0.827363276583893	0.336970789900532	0.762325529126161	-0.552216005888587	0.677704098228889	0.660803735591687	0.62343778754045	0.912061608863537	-0.352621812870787	0.265157247688914	-0.694606549090245	-0.183107081550982	-0.402300852658422	-0.585628663610267	-0.582275478932091	0.782845149524816	-0.126226590815992	-0.0135393618496505	-0.474448413606195	0.56198572550899	0.880333941476697	0.766569729113301	0.828157854630749	-0.193271171064408	0.819297909932296	0.223537298341499	0.83720909061829	-0.0882057438670616	-0.341141504588282	0.79020631110608	-0.53338523646489	-0.0740263761695145	0.815564789056652	0.128405420612277	-0.327756365732339	0.838501966902649	0.893679386812394	0.685982064228535	0.0507672588365321	0.62417181695649	-0.416247470516249	0.844023596832718	-0.263759426162805	0.114134642127459	0.774512602679282	0.698682909945106	-0.0692109755441809	0.600498188009415	0.754573033288174	0.44818224553609	0.72718110918658	0.869093426609674	0.663607389632308	0.790703991945673	0.830075603169183	-0.579286989570235	0.553364824347783	-0.274426282909202	0.841559859466854	-0.356803302997604	-0.601860701395395	0.893419979225662	-0.34797861876903	-0.259735560666325	0.162080238380235	-0.570394242256294	0.156791546842383	-0.472592855887398	0.828766028720155	0.696929661893449	0.152736087161809	0.800201433644068	0.315709142228793	0.884103881578479	0.834582839188036	0.736003610787434	0.0170368820412762	0.482899252458666	0.760632034935009	0.808422804752451	-0.678250139190725	0.278678147446792
GREM1	0.566270289820007	0.85176709218204	0.758651921101033	0.580772351592009	0.908132714040505	-0.151903066570124	0.715787319803664	-0.00650648486689337	0.798166446034251	0.89670151752924	-0.379925234521652	0.867537978134556	0.920662738430069	0.928373600907343	-0.0324003896860958	0.821122557665791	0.33221795311782	0.88810606606846	0.147164891920484	0.891090072782148	0.835661773117257	0.701975510532757	0.226241973556872	0.84306705493865	0.865039643294454	0.630805551618651	0.241379025756291	0.689696984991086	0.899911387675299	0.906279971317051	0.497031675139022	0.520600573736066	0.646760015270544	0.863099404707421	-0.172191191996235	0.906967910935453	0.242655961440401	0.854375048451833	-0.251967823588707	0.873116966874737	-0.749731681900311	0.606728379257093	0.943437003092171	0.633315462789574	0.865901782040209	0.852864179945453	0.947317008307858	-0.0926234832524791	0.881689481530578	-0.612007395226089	0.349007679892704	-0.0408476524433528	0.506547279588217	0.840608708205274	1	0.941040293640509	0.916706716991991	0.61005332134257	0.906936015868232	0.174847533586622	0.873318707084194	-0.136634722408727	0.802667036353483	0.704681955807979	0.881799692696399	0.886431822822847	-0.258884182810805	0.54885393805359	-0.329256323476121	0.0753134003913041	-0.168427609762453	-0.224464806260545	-0.685214496144881	0.850780687555318	-0.296239403970475	-0.159319716882363	-0.285444170865409	0.591657084764939	0.966519922729295	0.938934891358089	0.956084277516878	-0.43296380125151	0.947912386657218	0.0442609691833396	0.933418582500758	-0.070093248707543	-0.61886700265892	0.930451549219084	-0.383589164197918	-0.238869306201615	0.89195350878053	0.296464056308717	-0.235261680156762	0.826615928743412	0.947821924139136	0.832412469522142	-0.0404544835353466	0.715939415684655	-0.292645632604274	0.92369204722443	-0.225167033221864	-0.0102259454587181	0.899902393098889	0.814818597288973	-0.249142814725418	0.421567805155486	0.87767408990548	0.403930865532953	0.787098564881232	0.919267002680301	0.612823466712208	0.912042413001477	0.907332648668988	-0.392825519946292	0.711347404523779	-0.192306687478564	0.943280513169071	-0.381281715776298	-0.626300953289601	0.911750466058683	-0.25180315067328	0.115955573160196	0.109093118797057	-0.494945792199057	0.0153305270613654	-0.28766181101252	0.915010531844997	0.808358671351865	0.525500129452763	0.805836099267524	0.419852764341311	0.863144051077442	0.925685384183791	0.790748734024045	0.185377464464224	0.656186745372684	0.78979241184127	0.911318962037718	-0.545803444926543	0.42900012671675
ITGA1	0.615611691332185	0.795947149156366	0.805246270876444	0.477160207637427	0.921661380954225	-0.2484954882818	0.687315952287131	-0.0385942344254483	0.796419006482587	0.937573695040513	-0.468073715570581	0.869871105783051	0.934178715006477	0.914215003092071	-0.0279281359870246	0.802670510857843	0.477324495595683	0.912099418856884	0.151490009546916	0.930604269352682	0.860583445717584	0.815671235188306	0.391642808617807	0.846151822391077	0.927241968834014	0.665075037030542	0.172757379708585	0.664646808986306	0.908060400342525	0.892686903782408	0.521189507251423	0.548703224675574	0.574957416878374	0.82565649709158	-0.134079306071771	0.96422209022346	0.208998072727737	0.842722245712943	-0.34063690661931	0.78374491363105	-0.759783707279319	0.690595710350167	0.922363411019058	0.531165608951389	0.886353656494476	0.90468004129806	0.95538227649826	-0.179488971812158	0.844347264500792	-0.548240459016674	0.478435832851178	-0.0127993807330937	0.471878369576601	0.868111870361454	0.941040293640509	1	0.931064598508142	0.548291111681835	0.944736873151467	0.075760742342974	0.895182033576763	-0.269767410635273	0.788374863432885	0.70320721326867	0.785357333935865	0.933699773837884	-0.278255676012668	0.528011505215232	-0.384086348055742	0.0284192167131485	-0.241150884591397	-0.318339546792163	-0.730672289080502	0.833442614093888	-0.379736896604616	-0.292850736691309	-0.319588855104747	0.727591341882271	0.970651979720955	0.909749166135802	0.931651652422921	-0.484371946937181	0.935815383229936	0.151240135392088	0.934462878868034	-0.135156793931366	-0.613523098523648	0.937110616704124	-0.421475752050244	-0.40389352583117	0.909227357980178	0.361673104156825	-0.0913758037917942	0.80711286840301	0.9791744961109	0.85595658519324	0.14092605707393	0.768065981472354	-0.323623195229453	0.914811876684425	-0.347911312105335	-0.0240377539606573	0.884317581235109	0.705647388620269	-0.183499056902289	0.518200198827146	0.872117270337082	0.438759894493878	0.810548937716202	0.896124578086024	0.670400903356529	0.925270415209101	0.91173270917144	-0.298555724544889	0.705515690526846	-0.251832265012543	0.936719462125037	-0.469501174072278	-0.744731869195618	0.97176495870455	-0.117934853993609	0.152358769093884	0.0877785502740335	-0.460083928479234	0.0963920970511995	-0.224268471741654	0.919611806682473	0.798775002824819	0.442824518731411	0.745783963692262	0.35634327599713	0.846637527974045	0.946259998970418	0.811576182278407	0.349412988800984	0.646509876121887	0.698491614389538	0.906151190337188	-0.516880295958885	0.400998968550345
ITGA10	0.520459111482625	0.780408265443915	0.637821941564267	0.477978750232428	0.876780627907757	-0.190287459750321	0.604915309241838	0.00118608211732687	0.642956203893058	0.852324173301879	-0.366236675016913	0.801384366343744	0.921116645326507	0.825202352968013	-0.173201508531415	0.912368642191753	0.360713253016299	0.877030423539693	-0.0220834657896971	0.885807159384256	0.736624660331938	0.6395763617449	0.280620869367333	0.74513421126025	0.778113293353725	0.519183217199177	0.158109415384604	0.561893756237782	0.81529419976668	0.851656975769496	0.327255125053427	0.517156115131889	0.616688083675447	0.757787372792499	-0.214055298849065	0.878063557864705	0.288306725664596	0.727632885869077	-0.265886125981729	0.703562673763437	-0.657480928852852	0.661171982956866	0.966835857255074	0.575789532252533	0.889516189883441	0.889921045858565	0.970814944869908	-0.0812695119636322	0.754425957206587	-0.679993492958987	0.447623165621527	-0.0700096576918502	0.256048929345857	0.75968961246288	0.916706716991991	0.931064598508142	1	0.572555896327933	0.888690502049765	0.0186193597501848	0.803591392104292	-0.186917739447149	0.665883902404815	0.596489749175631	0.776985092718517	0.85607470623826	-0.191984965072986	0.467829068035229	-0.236944541195877	0.284477395827039	-0.0886849705428253	-0.0620063900703198	-0.666349518051538	0.750363970979742	-0.341044948976347	-0.126699963078554	-0.276026521452644	0.723164076259574	0.963970275260838	0.83260097728525	0.83443156092807	-0.565191613048129	0.893738975343481	0.109947331678137	0.847153921837117	-0.0832942435145519	-0.572665289841653	0.916038122661664	-0.341053375686923	-0.377224941794533	0.833050871068234	0.252444719493607	-0.0470270349259138	0.735576060570846	0.900776329317149	0.740374902353844	0.0865505107087877	0.654897715821765	-0.19355441088409	0.818129915338654	-0.239273689672808	-0.0464361284555459	0.805351883476843	0.718436373343553	-0.0554087781259329	0.403850909538953	0.812654721423174	0.334514538516738	0.759907186611367	0.835006157919692	0.45161042995458	0.82078479621396	0.831612233050342	-0.190569428239601	0.619686303057876	-0.131821627711382	0.832153430239452	-0.371374585751378	-0.657334234062412	0.911473807784131	-0.0760694140812884	0.219815981959842	0.0595151512368583	-0.428213085679275	0.0748628518118444	-0.139164754472758	0.80539569937746	0.67911087033918	0.432275975152946	0.782076880036967	0.331856539601384	0.772918036698855	0.843725796922379	0.660747891474201	0.304366371976671	0.541021308080355	0.667126758978622	0.838020815881167	-0.41478064049714	0.242049417400444
ITGA2	0.0423623011958485	0.37122934625575	0.308856174590985	0.482904562172902	0.535732250776963	0.203059903628768	0.129094869358126	0.492413436138505	0.383593622896188	0.664867581957005	-0.0294692007322134	0.46722285373374	0.616156392282352	0.48268354795915	0.298880185125718	0.609705632518226	0.0745682079722536	0.538471911291281	-0.00293686799486147	0.495880031057776	0.380168526487201	0.361636302808029	-0.113953324491787	0.359314844881734	0.384562940401329	0.26551996247398	0.264185770737498	0.109776003418165	0.681587456049941	0.578465958231265	0.540074590385088	0.15993855481987	0.237340740120721	0.485019855486607	-0.144729621320667	0.440979973622316	0.139509897284762	0.650171268964721	-0.170129272604149	0.631745731594919	-0.533030320195139	0.345093769191414	0.641485428675714	0.250789202926629	0.4955651494846	0.511035731259876	0.634541083587439	0.104197176542426	0.381997261121167	-0.267417724142286	0.118685468265899	-0.0692769758005308	0.43444963932938	0.703350255287487	0.61005332134257	0.548291111681835	0.572555896327933	1	0.434823274979789	0.318713795385774	0.402604537215586	-0.445492238802441	0.378494892488888	0.277456239111219	0.378018099006341	0.587133490497133	-0.248566276049599	0.0127237072256383	-0.454747358850953	0.0172727632923311	-0.273977867802849	-0.381063089175092	-0.203070200698011	0.454788871099836	0.0400711938734877	0.334028237590501	-0.287585811580894	0.201500267941177	0.626727439949047	0.475815984692417	0.536696021937429	-0.106825764612034	0.48445299920047	0.045105328143547	0.543627907836527	0.0434517706893387	0.0712311756162978	0.478460045151888	-0.419936254031592	0.044060084098968	0.448843316037873	-0.161078134601113	-0.323144680266167	0.565370408466843	0.596100936149482	0.358193745795188	-0.119969786478219	0.25116406975685	-0.331772406893251	0.492920851557398	-0.181875382153492	-0.0601360802796642	0.450963073560391	0.657485538431156	0.178040459372597	0.478918990002328	0.390178057442146	0.286681885138627	0.36372294413491	0.602475946320825	0.498967496085645	0.418814156763851	0.485550070700556	-0.413528873728486	0.136835802100183	-0.197446353497382	0.580007565275936	-0.272352360766094	-0.23807000539562	0.528880087387966	-0.292665010484181	-0.278594488919809	0.0213569667522774	-0.544681142434103	0.0884399787193269	-0.451810819005724	0.495370010779677	0.347618068814201	0.15981959339867	0.572443351170767	0.101319918873352	0.553038440986461	0.472208878336124	0.414841702431312	-0.133653976311367	0.174808148597041	0.540047871827521	0.476527029600416	-0.434422237229992	0.174841969184643
ITGA2B	0.743308972883319	0.876095305050881	0.88657415132917	0.408772033378753	0.943642114507323	-0.22591912033365	0.75362153787712	-0.00116120514341988	0.798696016511564	0.894961294607858	-0.461771466851548	0.873809573968787	0.839487381256121	0.916344623444425	-0.0634529384740485	0.697715353576559	0.525564839941343	0.861895999291272	0.243292176673308	0.97320437709908	0.937986553456546	0.746126512795318	0.269903763225987	0.865959196256821	0.935230283106586	0.684368165638724	0.176145846120916	0.772652644339648	0.84580820362232	0.953570080807434	0.405415427449587	0.612208361223734	0.518914110005864	0.863803152327718	-0.205039223393628	0.966474414687563	0.166828968704866	0.81123692801157	-0.274247631320778	0.765953553012524	-0.696156037379814	0.65938117065566	0.863644208555202	0.561596791719876	0.883492571599312	0.921253030334753	0.898302406545959	-0.146470561907158	0.892527278946569	-0.610910575868257	0.636184129477492	-0.0295516211498523	0.402226094017075	0.827363276583893	0.906936015868232	0.944736873151467	0.888690502049765	0.434823274979789	1	0.0936026355697284	0.897934249232915	-0.290866803633437	0.82948339585484	0.729586233268169	0.833042871341577	0.911247915104522	-0.20422540873315	0.621033389723976	-0.386768673102253	0.00665984372712533	-0.194590460080762	-0.252106416814839	-0.759228371345964	0.874896700423764	-0.407075206532818	-0.347874658816903	-0.377985598173696	0.826860948611778	0.937752713110562	0.908552655045502	0.901937961070215	-0.560753576916369	0.9157814193683	0.00668897503617105	0.951626467721071	-0.122976145033409	-0.606791708484555	0.978012368755034	-0.354364343853342	-0.317422468081329	0.931682125264701	0.370913372211687	-0.0896932374275371	0.727408255642205	0.942062096551054	0.87221747535922	0.0269656438963785	0.734126201663014	-0.302592351472637	0.958595268084631	-0.252634628741136	-0.0016139740521716	0.942073303512912	0.648385631442061	-0.118286727408586	0.544352482947551	0.959632653300981	0.333610870432657	0.753474562451853	0.901864556463839	0.549542619186543	0.938913384094964	0.955773225442439	-0.315580189961757	0.864034536281085	-0.226791417858714	0.898130111324608	-0.533559907049237	-0.660806412194144	0.976370598843379	-0.131527914918579	0.143727532303297	0.116079842443429	-0.378702366532525	-0.00060931754316106	-0.222619028014935	0.939119246930331	0.820286282717596	0.427582894329502	0.729026118234452	0.449788126882441	0.888637748136185	0.976140252280965	0.773515637152836	0.275320842993936	0.636298777129338	0.708332263968153	0.915242250053321	-0.524846736400987	0.375874310769564
ITGA3	-0.201271873858534	0.124748963913518	0.00755198701413684	0.545569546516628	0.0134629377181367	-0.458554787460324	-0.0108715190671	0.523981089185775	0.144207618367214	0.094713475450449	0.147217019678601	0.153121118852043	0.164541266918535	0.129123674901791	0.665794853278123	0.0380004274876557	-0.0516331851595242	-0.0194581681413656	0.369929859448829	0.0514715031520957	0.147052648454288	0.16808466001822	-0.163943941079724	0.0548969442414084	0.151883180890408	0.0699960016254675	0.514252691256067	0.0208050500550196	0.143016247327938	0.282474417790826	0.155308499553544	0.487362337785062	-0.0297811126541976	0.146500940474393	0.214151117981235	0.0487976388537087	-0.283027769171546	0.328363773855877	0.174045219065858	0.209668055582611	-0.363565509166022	-0.221832586779599	0.103250992223339	-0.100328642541028	-0.10596899883349	-0.0121148955730559	0.071965359875106	0.472207169267112	0.125805130147995	0.0157093891545773	-0.0890415230807925	0.357460708381256	0.358993806072165	0.336970789900532	0.174847533586622	0.075760742342974	0.0186193597501848	0.318713795385774	0.0936026355697284	1	0.0641946859841506	-0.333406360428263	0.104240354570639	0.181726790513377	0.0995692827381244	0.273899940527002	-0.348904765491327	-0.109441414882179	-0.51979324423375	-0.103584213694706	-0.372538713314308	-0.429664549641688	-0.0366223966038721	0.24717147475961	0.57990742571746	0.351687134409302	-0.391829335014054	-0.223984138782587	0.142993485995592	0.0948938469225896	0.164477836273208	0.0786613628608275	0.169777989304241	0.408639677669195	0.118036414814854	0.326102222529369	0.26015650022917	0.0528538163285958	-0.142824963089125	0.486814423512072	0.0145473541704618	-0.292632577461651	-0.635619325096555	0.342622021174096	0.103487769530381	0.062896554138242	0.0774032949153563	0.0522653338892543	-0.394075549610375	0.201007718608868	0.33387808039869	0.509885526994854	0.119598735499663	0.442691597649121	0.3228505181025	0.0514614178468578	0.102320202196797	-0.0577706055470106	0.28450577606364	0.177886087524788	0.0556081819944923	0.142311092326042	0.0969074393987693	-0.677007237036562	0.0189042728844118	-0.201383664753915	0.115986837297013	0.135688451168065	0.0208313929037282	0.116307072288794	-0.58570400077501	-0.542546737541738	0.427025269847234	-0.439919245550787	0.435624964887143	-0.615368587773583	0.106804930904172	0.162951624554839	-0.162420497505819	0.272846985889211	0.310785109022065	0.290403339707717	0.0952773043165896	0.0714886056441097	-0.247155999180041	0.100097421930079	0.28301516636981	0.0955338329412706	-0.149950260620339	0.0310844423970098
ITGA4	0.828032988667364	0.722090325805667	0.855206078343268	0.491636967676862	0.817592724849401	-0.229300181365594	0.763380770702332	-0.025321878415673	0.955708437418881	0.850304756520985	-0.626456638877025	0.928346826916543	0.77381394217678	0.981658786103782	-0.0107558242249901	0.669204003663014	0.381432298125705	0.929258003120694	0.0585547819782959	0.895424929287054	0.94702628443349	0.656620041446634	0.232100824533169	0.82504298266969	0.913460461533429	0.902249811730464	0.13026794767915	0.755451280648702	0.820075316893413	0.857321607352435	0.414838162941146	0.538874717148086	0.688616354080768	0.74836754050379	-0.217448313766745	0.921355501998862	0.13678199339244	0.798937077990422	-0.360182956400255	0.697482484926712	-0.740189757986418	0.694306394289897	0.77846320254821	0.416971312694003	0.804669087198458	0.831574702886142	0.843514700403865	-0.150739003727369	0.877557459667986	-0.41225279074521	0.47390804224909	-0.0759321607070673	0.608510931055738	0.762325529126161	0.873318707084194	0.895182033576763	0.803591392104292	0.402604537215586	0.897934249232915	0.0641946859841506	1	-0.111892053101627	0.930785272768781	0.598389372360224	0.735647478856825	0.833212626765814	-0.419343525954283	0.570571838112824	-0.311309238488311	0.0833950969213337	-0.165566897024625	-0.208196421477509	-0.820879735237946	0.6799895189307	-0.503338192014769	-0.361018227932204	-0.390588859250278	0.727031062973961	0.872337332838301	0.887427469553148	0.910136831681543	-0.557066718567461	0.921149785296397	0.111409463081059	0.922927933070548	-0.155933386382361	-0.624242130165053	0.93871936476739	-0.351447995900511	-0.475679660835557	0.875358306899708	0.621079187024166	-0.0773260957653184	0.792637235672826	0.924936688238703	0.948099116368539	0.00075698825608733	0.889472740995729	-0.2579509193202	0.870068940566215	-0.42598836201727	-0.063092603691303	0.824545169944349	0.601007275875463	-0.299743791950069	0.464294808913984	0.836961962524316	0.249835561450912	0.732450460529034	0.83975403723538	0.651648924324222	0.932551021333139	0.848039982197494	-0.282233939010141	0.811615023813879	-0.192535377084341	0.913404445118183	-0.469862042995365	-0.738127207814104	0.885929246249415	-0.0640128329511655	0.256366998771267	0.0516937440371753	-0.474069666027718	-0.0270735167843005	-0.0280558177569846	0.945931368015301	0.967548477845769	0.468239453617029	0.632636951921877	0.329609249927784	0.811111924525522	0.938958137719291	0.957384759857937	0.195237683987788	0.837403920707226	0.601837237490993	0.904795674388118	-0.44603381196255	0.668051552044334
ITGA5	-0.0839476161799433	-0.0960700990389215	-0.278804816923348	-0.264535290332469	-0.336116851405161	0.129262675796852	0.0942664334694272	-0.241381203655743	-0.108919709601435	-0.41490094130442	-0.224593919663128	-0.200759940591555	-0.171258269100457	-0.141662477463117	-0.578865647901824	-0.0970040549749906	-0.207738045807113	-0.153244404199976	-0.193181114315557	-0.343052055955592	-0.282749740288899	-0.414711926948084	0.0224622299756191	-0.128233840870132	-0.305760676370583	-0.146030910006898	-0.551219404775116	0.0632202412008419	-0.316803778233748	-0.329069814137126	-0.32416936223617	-0.290866090130516	0.144757633792797	-0.249157952102153	-0.187176927514778	-0.273714386596149	0.266830604990335	-0.46991882584801	-0.172996946582601	-0.327381399262162	0.484012926348652	-0.161879780108812	-0.237495585742548	0.252902817860641	-0.116970224171104	-0.345262412991938	-0.241098708096172	-0.283285513642968	-0.133542470209271	-0.122924226566974	-0.532104942755374	-0.25072385091983	-0.256928339684064	-0.552216005888587	-0.136634722408727	-0.269767410635273	-0.186917739447149	-0.445492238802441	-0.290866803633437	-0.333406360428263	-0.111892053101627	1	-0.0367348221517518	-0.204103979789913	-0.0263241228596635	-0.46639119392547	0.208166514098693	0.370128352001709	0.816500622627277	0.341175970337724	0.548838413912727	0.649560529559086	0.0267092529849645	-0.285753341785543	-0.329375742322074	-0.327331907752177	0.606110278927312	-0.27694806713313	-0.276938173530073	-0.0955023721428601	-0.130954788615181	-0.0321891340952119	-0.159757710312254	-0.250118590534542	-0.239135809064127	-0.240933860891527	-0.200279989108241	-0.194861346829663	0.340013236650604	-0.320593052702041	-0.229599530430568	0.325263114154686	0.292545543709198	-0.346758412494658	-0.292460181104234	-0.127967732094047	-0.264741096297316	-0.104971144684391	0.467021655020366	-0.260925564463876	-0.0554370318463516	-0.273365042099359	-0.21147653081552	-0.255564421215824	-0.382259040701668	-0.689097907291737	-0.205409468664171	-0.0784834126157027	-0.250183322045791	-0.348479146000951	-0.335457735703565	-0.179605470368015	-0.324264991174952	0.433317299539923	-0.103129927140488	0.302904010354246	-0.189483656160318	0.256846277525598	0.184457704598628	-0.37379573210575	0.348884217305739	0.714898227380185	-0.201679832727005	0.27487872970848	-0.345012293362094	0.590235048840128	-0.211667449340217	-0.0790709139396925	0.379975458557673	-0.241500315644842	-0.115095805717327	-0.47663314486633	-0.242983594102001	-0.129620876732356	0.114003942404933	0.00937963640471814	-0.338486368874912	-0.221447057493748	0.535932927343724	0.258313187634142
ITGA6	0.787171786774836	0.708320113214983	0.859112230239224	0.351512006565887	0.757873527876978	-0.0903497357493397	0.814608816937555	0.0759510668587131	0.933059470369762	0.774489965233516	-0.656934603106553	0.845873493435224	0.663738663831115	0.918191822261829	-0.0744626267988479	0.493870441992938	0.380698635860313	0.824563256645678	0.210289297977205	0.801095119787943	0.910259715047799	0.534191928067744	0.265952194581618	0.687772380597855	0.861618672982297	0.836682402184027	0.0135575803106621	0.799961126121552	0.752712175807521	0.804908578732622	0.427967990794421	0.423088862805375	0.489081047058461	0.724728083103085	-0.430716904093205	0.832703121244204	0.168394404278553	0.723830057859148	-0.4053949003435	0.668676795571737	-0.616155146707039	0.584617904210193	0.638004868055888	0.530754720922505	0.726251594183917	0.692574321268067	0.71272319710384	-0.1644101685022	0.842164914354078	-0.41497477843849	0.425243440806304	-0.220119414274587	0.546527306849772	0.677704098228889	0.802667036353483	0.788374863432885	0.665883902404815	0.378494892488888	0.82948339585484	0.104240354570639	0.930785272768781	-0.0367348221517518	1	0.466155134590788	0.689692200169559	0.721631574422754	-0.385653739193193	0.625289412399935	-0.220434093753599	0.0657911516303527	-0.183012942018729	-0.165768278970105	-0.731954770724552	0.668873936335033	-0.561093340980574	-0.397707768169712	-0.259389735966414	0.636562212208568	0.750044300191072	0.8625271478855	0.860584158095307	-0.460971917111875	0.819302131361972	-0.095786970528823	0.876695494535041	-0.20860604563423	-0.570148011229456	0.857219932200477	-0.423004878341616	-0.450744791502621	0.761016843767464	0.635596958682067	-0.0664131951758534	0.616283749110932	0.841804196782141	0.889154882792761	-0.111501344003103	0.767578929592727	-0.309156594580047	0.862616149643736	-0.400093253720313	-0.143528880390125	0.818243922517224	0.483251419116081	-0.320895800011478	0.41932078570997	0.816632359847606	0.0876522448147082	0.575471959958782	0.749015821617279	0.649449179988944	0.885852092832206	0.788102529445293	-0.261657215515862	0.825340185285173	-0.265359950427674	0.875313576398544	-0.47893772815489	-0.640138217597637	0.767126678479874	-0.0454511965011872	0.310784363399641	0.0172720580457687	-0.376761720828017	-0.10509000778868	-0.0779605440371175	0.913964497404497	0.917760273940179	0.583255247050836	0.516579844713374	0.333901000151715	0.729526895614011	0.889831207588534	0.889641699987324	0.246612331302357	0.730079461589377	0.491351550144697	0.798399458772994	-0.322791233080476	0.682714447321836
ITGA7	0.48667295427556	0.777795603118101	0.678754565013477	0.340617870315985	0.725018069160517	-0.385570842270657	0.600213906431396	-0.0767845329277252	0.576693481222407	0.623566245582728	0.0188537940311329	0.64129356502438	0.639256760177238	0.6824367398084	0.0847192322110736	0.455763604330254	0.500418800452027	0.521364084741847	0.423652442206294	0.681208280642437	0.695300216187331	0.798692217307873	0.177162270543949	0.89918563543129	0.739157649321775	0.443116928776181	0.339974965368201	0.664167581774382	0.615898902095294	0.721796124258796	0.503745744812302	0.671593155112141	0.408208573903849	0.801878779559949	0.378338601991475	0.731474986269623	0.164393267902053	0.741722931549706	-0.205266366149978	0.655843724253676	-0.532732854714492	0.502562123624466	0.645958282542518	0.358460405480818	0.631170858550601	0.638727716952602	0.640842506699639	-0.0690678108385816	0.75624434372906	-0.457974605854209	0.277400878177971	0.475127396908958	0.442046890868825	0.660803735591687	0.704681955807979	0.70320721326867	0.596489749175631	0.277456239111219	0.729586233268169	0.181726790513377	0.598389372360224	-0.204103979789913	0.466155134590788	1	0.773790613704817	0.716291465695093	-0.254871355224998	0.590322904012893	-0.471187645177516	-0.436960859324606	-0.204651859383963	-0.432430745239227	-0.658888545630662	0.815261727182993	-0.110754298509643	-0.352776438160888	-0.211503947299021	0.458076291216241	0.713663819602596	0.729699347091379	0.757717967129696	-0.406673895765821	0.722265649514518	0.222542539486417	0.726793926751033	0.141522555895157	-0.457369651838529	0.678812497180374	-0.20419746363404	-0.0898716763082277	0.828380683194657	0.207734822558411	-0.122449557101741	0.657966285359106	0.677941331830292	0.668547231835767	0.198127481344648	0.607773767080862	-0.293201636291627	0.77675828024445	0.00597248443281286	0.338550667375079	0.774670616669365	0.705205836242764	-0.178214916111802	0.338407302659927	0.759470079592572	0.668492711522742	0.783617191806463	0.796782558368633	0.415161717293593	0.719521744263567	0.819642973112694	-0.351778610164329	0.664104122447058	-0.222296073183649	0.685401126475738	-0.555878100161059	-0.371277346789865	0.758376757579481	-0.171348868571148	-0.0576691437546484	0.438016280804534	-0.234871646163464	0.171542592988792	-0.287702987936547	0.701089366980845	0.600455995714603	0.174993513485042	0.688375187302756	0.670424568697531	0.723718325049162	0.74082523993894	0.54315980847244	0.150404273570328	0.555094293930602	0.690751377706344	0.775170188630201	-0.591171121023595	0.257421643661117
ITGA8	0.616818879105501	0.950333757736642	0.762653325942213	0.453790261117994	0.867497617108995	-0.22378343808077	0.829204899730378	-0.0394685350811553	0.67873406936037	0.695207370855326	-0.207158415406176	0.672250706996988	0.742732781650694	0.816326565306439	-0.0933648820533001	0.592489651333953	0.355476731105712	0.650590331139622	0.369900252382091	0.771236192816039	0.771842055495764	0.64188242082079	0.233522015521059	0.82098854116381	0.786056647467127	0.494678374295016	0.323227050814163	0.849817119780116	0.719933327191839	0.84440605668367	0.377073878730138	0.486836143475202	0.536559353163332	0.888799432443334	-0.128500508090213	0.834553217030146	0.309627604535974	0.747443920827611	-0.0755059509596274	0.828074164243555	-0.567591269576022	0.431320012477484	0.788458987153512	0.68136286858597	0.77142843911145	0.677071292047802	0.754464109863755	0.0182811158524152	0.936203071114337	-0.628554388955137	0.2943508981982	0.0459422370628845	0.334969536000308	0.62343778754045	0.881799692696399	0.785357333935865	0.776985092718517	0.378018099006341	0.833042871341577	0.0995692827381244	0.735647478856825	-0.0263241228596635	0.689692200169559	0.773790613704817	1	0.745906619915028	-0.16857446812847	0.604940357005753	-0.234497325443421	-0.0180980501225316	0.00393897345597845	-0.0969255935027328	-0.614047579613515	0.890623485758002	-0.24618924130688	-0.265430395368177	-0.176234564116192	0.508013812528855	0.823028529267461	0.910152472297207	0.868300070315739	-0.420422934475922	0.869911419091553	-0.139681698795328	0.842374247750072	0.0801068115427653	-0.569889157456542	0.840416369188004	-0.126044757980192	-0.145497795809388	0.860976030323183	0.286192737155016	-0.21886528927534	0.680350514224075	0.769484928371532	0.7923038308677	0.00863212801788352	0.665720026524152	-0.149038630356848	0.875340773359855	0.00624284889086137	0.0783448163700171	0.90681646790186	0.732965886810654	-0.224185055975817	0.294732867847905	0.911813208810914	0.272374355730452	0.695628928088673	0.896192786137036	0.462884573807769	0.876717808041077	0.902778577814864	-0.352213050318873	0.833184827993829	-0.0583020325272552	0.810705813357321	-0.408135542311948	-0.521838969008506	0.781897002696625	-0.25824677307847	0.127708584133277	0.220299190921542	-0.212183151848528	0.008228696188365	-0.220258068283848	0.824446576605135	0.718962141344803	0.475979137871038	0.653334936502154	0.631817032831011	0.820222655628856	0.837830862263198	0.627183412071686	0.23380828012506	0.66384489487469	0.794645138256567	0.884888467768712	-0.602213867759555	0.293476739027456
ITGA9	0.553852434545172	0.758756169760408	0.803364743629589	0.557242032423115	0.898983516760748	-0.297231397224607	0.619269633238084	0.0784816963368625	0.73776519615675	0.930621998844984	-0.304734499376174	0.86309946858661	0.876557889715825	0.85938080570942	0.190269879279136	0.687192506236253	0.427111074050353	0.827017851459698	0.22697548573863	0.925426756125613	0.851757510173823	0.839122662782599	0.293169846936534	0.807663782146048	0.908248333431149	0.63073219798506	0.349730399227085	0.607451947908451	0.884999215240865	0.904619715614354	0.606512965403281	0.634556451871781	0.586527437606546	0.814758941362543	-0.0453635489281606	0.934688444168405	0.153143278088977	0.912155482766013	-0.301286949138865	0.826370577641998	-0.79283266797181	0.514953173773186	0.854999364033834	0.374884145921213	0.827122116284247	0.859363654776664	0.879523679532585	-0.0299309416495812	0.816967057022443	-0.533539858134046	0.549637436930436	0.10447308145427	0.551901211810683	0.912061608863537	0.886431822822847	0.933699773837884	0.85607470623826	0.587133490497133	0.911247915104522	0.273899940527002	0.833212626765814	-0.46639119392547	0.721631574422754	0.716291465695093	0.745906619915028	1	-0.344048224571545	0.406790311747205	-0.54326662805684	-0.019275196078692	-0.231750313806909	-0.525668341717954	-0.753861637742929	0.836393993972998	-0.261471381188298	-0.105630090859431	-0.541952298560267	0.708585962632311	0.922452691814931	0.828841046086559	0.87712244622806	-0.435082561619158	0.879717296267317	0.222972203220248	0.919731672658946	-0.0813752829049859	-0.497862790618783	0.885131236707116	-0.41419450549931	-0.186386956503466	0.90252103640179	0.174147485558524	-0.28560959684798	0.883709124164077	0.936349917850745	0.840723365141386	0.168050064717182	0.719079325935146	-0.318186573745567	0.900643588359138	-0.346180116527424	0.0930802612039688	0.854891816198578	0.726822633962177	-0.0960852989599104	0.67587473686727	0.849385005369096	0.366236040208554	0.814125979571946	0.913763858123276	0.698748896112334	0.884106448460114	0.908615687300341	-0.515949378389354	0.679728936694863	-0.162379048133303	0.891902689803533	-0.473696659242334	-0.657311755181318	0.950727144934528	-0.325337811771687	-0.0796069371985304	0.171179262161358	-0.593869161809002	0.207458074292322	-0.338735692396769	0.890053243339952	0.752570292478555	0.25928144597935	0.802538300365484	0.403029322308489	0.931645741852952	0.908832271230485	0.762268877062367	0.184135047168126	0.63782238227529	0.754211907615146	0.91753553289208	-0.643127672606731	0.297670986582874
ITGAE	-0.289586745453126	-0.164907922014969	-0.239346428739275	-0.347174275998875	-0.223902484390321	0.522172513312136	-0.317162895638954	-0.176904302990914	-0.505716318840859	-0.274819131022371	-0.0695496409720206	-0.395005403584804	-0.219997142487125	-0.416756731655503	-0.341607431774789	-0.169741362921886	-0.10292330610032	-0.308878778313379	-0.131397554127436	-0.205915474417733	-0.374908554225105	-0.28621517592556	-0.247982425581923	-0.166267249227696	-0.369858052921132	-0.523252590753163	-0.4669881241836	-0.268604679873651	-0.240703229602419	-0.241061618913675	-0.329762955186589	-0.531041565264823	-0.227207422665618	-0.333555724510568	-0.158407018251888	-0.307209407879637	-0.0044165850824925	-0.501400053784878	0.233013976945584	-0.202686427227079	0.489797547090737	-0.357373806774591	-0.216876121053149	0.172934503834502	-0.154291162762212	-0.0943696544172323	-0.250245427892063	-0.408008395624261	-0.321757046700106	-0.120286864240346	0.0949840684248223	-0.51931936614083	-0.457526217708311	-0.352621812870787	-0.258884182810805	-0.278255676012668	-0.191984965072986	-0.248566276049599	-0.20422540873315	-0.348904765491327	-0.419343525954283	0.208166514098693	-0.385653739193193	-0.254871355224998	-0.16857446812847	-0.344048224571545	1	0.0736612873027816	0.413663048631044	0.0480488701631729	0.331464719659057	0.246801920705418	0.430949806700591	-0.141173500914883	-0.0095941024950716	-0.118319531387587	0.205136289600047	-0.0571736244406807	-0.283035687668035	-0.327714879542787	-0.372379553471564	0.21568181378735	-0.405835466255778	-0.627564782224494	-0.297955242091897	-0.45098039499512	0.0790244126292779	-0.238947670484242	0.407638337945405	0.32223311475177	-0.257345216084189	-0.443288207314846	0.0103192942148585	-0.473350165228241	-0.323898926868243	-0.407727134901965	-0.570568849660384	-0.574915697150944	0.337035969245213	-0.29956039753625	0.040427559855885	-0.554180252976581	-0.204688184488107	-0.353995666666565	0.139768730118924	-0.147817597544896	-0.186991863522115	0.133364323995023	-0.600135488578859	-0.373208127984087	-0.426399351408607	-0.33754782604949	-0.279468982703779	0.168502522448662	-0.208563920405986	0.287524799408005	-0.359644884888773	0.25392093635072	0.400984431713432	-0.270865315039529	-0.0419374859648658	0.0535617553339998	-0.622050630946676	0.251242410224828	-0.655304778814827	0.0261460987128365	-0.334438721961695	-0.489260616098233	0.0699317396403368	-0.250945009536644	-0.515048243235908	-0.320233667849162	-0.265474761296848	-0.500360676146181	-0.148354492475711	-0.538216352208807	-0.094234603868825	-0.361383292852678	0.171092028855557	-0.309665241379062
ITGAL	0.544515959308948	0.641537169960612	0.614152397461065	-0.154010501246782	0.513363363347875	-0.0120023899187533	0.667389885277358	-0.0369798669860078	0.513543444926623	0.42086329927717	-0.460203881713336	0.541130929612252	0.468672109528532	0.565078124922596	-0.425755164008599	0.276039539119057	0.476507056862547	0.485979076965152	0.288412797895616	0.560649364316638	0.589032031777827	0.397770121119405	0.224197837648505	0.675900272873209	0.560194962447116	0.394690846432993	-0.339921371871362	0.684268415458379	0.408305416785316	0.588150197918513	0.305388039673978	0.320596077275665	0.276468741450492	0.550729743341794	-0.152114694230606	0.560060044674759	0.488144690141802	0.321180591260767	-0.582935939210685	0.363823237234817	-0.00883673480551504	0.385393670428575	0.386574275433497	0.689899436445904	0.593621918470938	0.511140861916919	0.443298375842237	-0.427374216404775	0.601149366672812	-0.69525883921355	0.318482350634729	-0.0591793939323069	0.172258954229503	0.265157247688914	0.54885393805359	0.528011505215232	0.467829068035229	0.0127237072256383	0.621033389723976	-0.109441414882179	0.570571838112824	0.370128352001709	0.625289412399935	0.590322904012893	0.604940357005753	0.406790311747205	0.0736612873027816	1	0.240953522784993	0.0167644150402432	0.150535617153931	0.0602441442655673	-0.627647165615881	0.56592251774027	-0.611805085088304	-0.654488081709513	0.0684975913029524	0.558791010119425	0.481037726647442	0.596013732252685	0.579601921031495	-0.553473707162528	0.49715353075013	-0.206499040968231	0.607941772826502	-0.283142642918821	-0.586350567203236	0.616811201393307	-0.118714939368143	-0.458578018546817	0.604134935824208	0.416704011632161	0.145238793288733	0.191079808755284	0.510018068366597	0.612192230688162	-0.169645451008956	0.405698395371927	-0.046259456045561	0.632178513068902	-0.277493492650389	-0.154837475110817	0.642874585711001	0.317885903857788	-0.234790569030423	0.11663791029422	0.660227140096358	0.388762019468894	0.384637641692628	0.449690953690576	0.183800886270944	0.591389703415358	0.575538415949957	0.0152891154804958	0.681407013243128	-0.0969332720780944	0.545423389677465	-0.494383927992472	-0.1593520317879	0.53143080476433	0.135136419690433	0.62979710091328	0.0577231029168359	-0.145748530503529	-0.235434269893347	0.105932601165441	0.597660201520983	0.545591815272373	0.6664859327328	0.372357173987869	0.379291413840433	0.347901215169565	0.64139308203865	0.44163690262834	0.322054291313914	0.411210590608794	0.307371356048087	0.534135689736685	-0.0146071956461002	0.526439342364268
ITGAM	-0.202998912056971	-0.271076211062231	-0.369219221799367	-0.583186311923932	-0.378305688343714	0.361483185964845	-0.14356048075676	-0.258200910790613	-0.391291530710702	-0.442267692841822	-0.183923813748509	-0.409607300405841	-0.306728169643254	-0.380659255536698	-0.615922648027209	-0.213558502982129	-0.153687014078501	-0.24038625451741	-0.246077173506269	-0.371915730655311	-0.456963580928597	-0.587738612802862	0.0639658650603282	-0.392140740121913	-0.486213340564297	-0.374195330631587	-0.603189592023536	-0.192999362770504	-0.400224533090968	-0.439860377617303	-0.321874935266756	-0.467502817133168	-0.0799181287101981	-0.376245518289532	-0.311646510559709	-0.394788236411109	0.44914465655198	-0.661565133317426	-0.221577836716796	-0.429376664750694	0.739202240542336	-0.31915677371744	-0.352274378575631	0.280401940763523	-0.138669407956804	-0.350310119928414	-0.350661784125001	-0.2942938095956	-0.356409970010319	-0.201167267069409	-0.245038470929527	-0.342232160854344	-0.481130181133601	-0.694606549090245	-0.329256323476121	-0.384086348055742	-0.236944541195877	-0.454747358850953	-0.386768673102253	-0.51979324423375	-0.311309238488311	0.816500622627277	-0.220434093753599	-0.471187645177516	-0.234497325443421	-0.54326662805684	0.413663048631044	0.240953522784993	1	0.560537996008541	0.67916924687779	0.708832821635982	0.236744348635778	-0.459856392877156	-0.368333450686592	-0.148951887104177	0.516653432924947	-0.121948296851287	-0.420668468208067	-0.330790017490594	-0.392451778730305	-0.0181619620620755	-0.416414236286237	-0.357854131839763	-0.376756809515612	-0.244849522048741	-0.154573029698899	-0.312784031971783	0.397374488181545	-0.329991935645004	-0.380988505114405	0.0336560986971661	0.369728625827783	-0.590889594326781	-0.411664718732062	-0.308175985264353	-0.197400645143468	-0.402101599099621	0.59234919647458	-0.435618428668966	-0.16077785437612	-0.347883095509213	-0.367578018051626	-0.482925901753298	-0.225825463319058	-0.447154223676879	-0.341095502752153	-0.270528803814433	-0.435096281927785	-0.52696920782479	-0.398846058828093	-0.396707374340512	-0.452793595111337	0.571586033136007	-0.254313588486246	0.43490708761064	-0.364566534835591	0.294727495284897	0.398949745919607	-0.468117403318037	0.373280081810512	0.758418556009805	-0.269458019723401	0.274949861600064	-0.289614571790358	0.629551810923791	-0.381449101591235	-0.366005593462275	0.389875372302671	-0.459007110459421	-0.252436240531679	-0.642222353828404	-0.3896480278884	-0.372403970560222	0.157740972576397	-0.289437979334422	-0.489561014339469	-0.398605610700092	0.614473084322998	0.0295561656366909
ITGAV	-0.0207748416656912	-0.0724950883964203	-0.226396298295165	-0.0175427569693826	-0.046156741582356	0.047817957633426	-0.0100836947297592	0.0292743707650433	-0.100932845688089	-0.039686462350294	-0.289192333193984	0.0583834454896159	0.158886599122562	-0.00745663488853614	-0.32281864231225	0.32240331549978	-0.331423098498774	0.178291687616523	-0.497921553520405	0.0554659693460472	-0.101700561116475	-0.342744649074716	0.0567874057324686	-0.245878150371703	-0.148466962079988	-0.0384897902293369	-0.203184731426539	-0.140532975577815	-0.068494963380589	0.0230677827274128	-0.308389656432697	-0.120698124254197	0.285588689579763	-0.183713902179518	-0.470010502339633	-0.0268146934302057	0.346171045085191	-0.238045297826443	-0.171894730693937	-0.111124742201656	0.183186014578943	-0.0550367463532366	0.153703091491996	0.226344469975568	0.125561977929164	0.0743347093934024	0.138728254453749	0.0208957185826769	-0.106304227233553	-0.406492639889664	0.0832432245178856	-0.357087051235904	-0.303060004842271	-0.183107081550982	0.0753134003913041	0.0284192167131485	0.284477395827039	0.0172727632923311	0.00665984372712533	-0.103584213694706	0.0833950969213337	0.341175970337724	0.0657911516303527	-0.436960859324606	-0.0180980501225316	-0.019275196078692	0.0480488701631729	0.0167644150402432	0.560537996008541	1	0.456568585816491	0.59959714416144	-0.03985958908699	-0.216969431756776	-0.228436431732395	0.301137593188694	-0.0845084462980705	0.188504743163186	0.073164404231702	-0.0714736217581596	-0.0999636887637305	-0.218392427215678	0.0467542102278113	0.0048907428144341	-0.0530090713039905	-0.142949345217592	-0.169584281233509	0.106886340447412	0.0718973157065281	-0.309255326930338	-0.109136255287857	-0.0276025593716207	-0.0157640319836918	-0.0442682492927588	-0.000785485713991577	-0.00710893720478793	-0.0354523015816086	-0.0266856258169228	0.378940310574491	-0.121241008990709	-0.178272477280237	-0.221207316123595	-0.141475545267463	-0.0452856786111551	0.149621743311305	-0.166380267963146	-0.0603682131756719	-0.483828553273273	-0.039477621922758	-0.117132825671194	-0.258126883205832	-0.0349029425170217	-0.151602331811976	0.139723570308608	-0.0878439822781859	0.389345777948257	-0.067273414511447	0.383333596786053	-0.0446200138464839	-0.0324168823258973	0.0121849599499666	0.502396524939652	-0.193716253183362	-0.253402431694492	0.0535704070728126	0.344668197732767	-0.0825121928492939	-0.0105395085651908	0.304700243385621	0.0162374240474011	-0.199588246777142	-0.127008970853289	-0.0734861608741352	-0.0591305586321523	0.096605438041047	0.00925646837780355	-0.0833730334568191	-0.0306878566855685	0.325853252408076	-0.0293373413286808
ITGAX	-0.053547775443906	-0.0204964817468755	-0.159218719335561	-0.250887915927957	-0.131259759990966	0.232997168453197	-0.109046362479095	-0.112300221405114	-0.305587220253574	-0.249895692053336	-0.0936409417694081	-0.255573902610208	-0.109834884767675	-0.201349221106726	-0.279277824747388	-0.0985508897957381	-0.159592320287641	-0.154403971971728	-0.141761302101188	-0.128103824388802	-0.243626679930404	-0.405824346641059	-0.181440611484536	-0.14021796242543	-0.348156138040952	-0.266746686536183	-0.362499666181675	-0.011110930452641	-0.153370887612168	-0.188564679401924	-0.260752177962953	-0.237926346051038	0.247988144326277	-0.143962235265141	-0.271957970802333	-0.167066436304349	0.177834585301443	-0.409238187004787	-0.0656963630199639	-0.173239747130822	0.458465710798562	-0.415831929966061	-0.162298885694422	0.0125869216430119	0.121768216513147	-0.190036247462685	-0.194706626749688	-0.272828316768194	-0.136661915025891	-0.224203538534724	-0.12551194195136	-0.212129362331286	-0.303591354018875	-0.402300852658422	-0.168427609762453	-0.241150884591397	-0.0886849705428253	-0.273977867802849	-0.194590460080762	-0.372538713314308	-0.165566897024625	0.548838413912727	-0.183012942018729	-0.204651859383963	0.00393897345597845	-0.231750313806909	0.331464719659057	0.150535617153931	0.67916924687779	0.456568585816491	1	0.376939910981106	0.00135913618315732	-0.211253638453377	-0.376771089112913	-0.0493376419276141	0.213039017976208	0.0694230635603502	-0.215012481487495	-0.168702590707025	-0.202685619335371	0.0488249394705282	-0.201368482926104	-0.371398389255965	-0.141237719169384	-0.34188211202733	0.0358621258619519	-0.128736900595476	0.656295669171162	-0.113609643777771	-0.0257305540526808	-0.0928936459862607	0.126602681445191	-0.204301752302388	-0.241589286552784	-0.121914872340414	-0.232474360263287	-0.240690941804663	0.955426891659619	-0.246727516396247	-0.307803850509624	-0.235138689389121	-0.149259297878889	-0.399004683526139	-0.168936337156736	-0.196285600607681	-0.0743195761395689	-0.265784172852575	-0.302155762808592	-0.17811207181065	-0.24991574858034	-0.196342496898123	-0.188220544307814	0.163454224571729	-0.0438160945629186	0.916260393895061	-0.191079867632762	0.247750421954667	0.25166867635199	-0.235117782412163	0.106344367324031	0.426336237925669	-0.215426498989648	0.139917239617301	-0.267712911118586	0.70848710721999	-0.157957975851485	-0.233012323217086	-0.0550284169336376	-0.144136994451725	-0.0919141098758602	-0.250844984710987	-0.216637008552141	-0.219408022791365	-0.177235661468973	-0.113628875481219	-0.151729841595824	-0.034165564163987	0.103339834773202	-0.0940196696632599
ITGB1	-0.0237779778478002	-0.117001552709764	-0.394507437677166	-0.305756461457565	-0.28804278232411	0.15509455833949	-0.0345635180327314	-0.158914021257791	-0.274562875278413	-0.447638302608007	-0.0793517865769433	-0.307321768779044	-0.273583617339403	-0.247076969591618	-0.64984852220458	0.0307526036800674	-0.234783768828816	-0.175132495592691	-0.371735562058416	-0.29981136118246	-0.319958694545144	-0.633978581655478	-0.0943347012625882	-0.355026379059854	-0.416849402057271	-0.241358250956109	-0.3448097907081	-0.078504873146787	-0.439209775719374	-0.299322793181773	-0.716411342826032	-0.276708076444943	-0.0860069322297287	-0.292272015444735	-0.372457285182751	-0.32858366084037	0.184747900506463	-0.569033845276644	0.168025074113525	-0.443529508718363	0.470456420633257	0.0143554405370797	-0.148485066857913	0.24694712990942	-0.158036044639163	-0.237371805443181	-0.182150269131336	0.0372622715735297	-0.236947563249572	-0.123637809762252	-0.21245250404631	-0.311138769649793	-0.635439196330832	-0.585628663610267	-0.224464806260545	-0.318339546792163	-0.0620063900703198	-0.381063089175092	-0.252106416814839	-0.429664549641688	-0.208196421477509	0.649560529559086	-0.165768278970105	-0.432430745239227	-0.0969255935027328	-0.525668341717954	0.246801920705418	0.0602441442655673	0.708832821635982	0.59959714416144	0.376939910981106	1	0.262649677205009	-0.374127634461848	-0.121175841844008	-0.0414171627961534	0.48743603058111	-0.105424632566112	-0.244070094880002	-0.200934743589158	-0.319441865099222	-0.172686467380147	-0.201363633877388	-0.298508555071636	-0.351501170183303	0.0777813877237418	-0.0644392341486153	-0.155810685408183	0.292645071538844	-0.264949685485566	-0.359612617019211	0.204999584567912	0.425499276295705	-0.512102651133823	-0.352149966598634	-0.300466543179185	-0.173866023798782	-0.227210383249274	0.333679286070124	-0.343418274494149	0.316353604956984	-0.176149828645568	-0.280316577500604	-0.28440551012013	0.0495087749563495	-0.635036554632607	-0.221839707359077	-0.424447088333719	-0.309273818421584	-0.382059415220888	-0.636670545370777	-0.287788289701789	-0.35094687796635	0.630210042975713	-0.0997544192715796	0.156661227445827	-0.358180093158816	0.302218287965735	0.176648725647321	-0.354098868300722	0.451547513492521	0.585004606256114	-0.140129154269386	0.464584751660697	-0.246539400130014	0.491031495563453	-0.343257121600887	-0.218756861166261	0.259882254294806	-0.328363217814236	-0.0890504397393237	-0.476636076684507	-0.326624608137528	-0.329582119409404	0.145754314228232	-0.198259694369388	-0.37485437912999	-0.344892138721703	0.570056552626212	-0.106908522534184
ITGB2	-0.674258945777233	-0.644337796016686	-0.71885590524012	-0.330297411974613	-0.657557518440166	0.337569876809305	-0.744118569895755	-0.050225684862936	-0.746948571701652	-0.65277143946432	0.359544482087747	-0.85666258548289	-0.643041707012372	-0.790708090579846	0.179417161040874	-0.477860456645686	-0.408855865465646	-0.704215360946595	-0.08333177242256	-0.74563288069573	-0.782517044365887	-0.672966969227092	-0.292196442493547	-0.774266637865588	-0.800753330105926	-0.699500396058021	0.0145751476396423	-0.710371741138452	-0.579534742945773	-0.693153665425084	-0.412499805239061	-0.624143906600198	-0.688744271666839	-0.616017676929791	0.0792863038557644	-0.807788588065524	-0.245068114863239	-0.698551546017038	0.563087385360821	-0.470885236562075	0.516408481442256	-0.531754659626577	-0.58207867873271	-0.245311788885921	-0.713879416983681	-0.642340061015217	-0.655663898423077	0.123638482218466	-0.730987572153461	0.537412299496491	-0.368053596175429	-0.0665818692426375	-0.409689619736679	-0.582275478932091	-0.685214496144881	-0.730672289080502	-0.666349518051538	-0.203070200698011	-0.759228371345964	-0.0366223966038721	-0.820879735237946	0.0267092529849645	-0.731954770724552	-0.658888545630662	-0.614047579613515	-0.753861637742929	0.430949806700591	-0.627647165615881	0.236744348635778	-0.03985958908699	0.00135913618315732	0.262649677205009	1	-0.608776455716775	0.617594041299517	0.417434039437854	0.315321479485999	-0.691107090849114	-0.709113126953069	-0.715795776730019	-0.766681374155083	0.681563001548274	-0.766186905589224	-0.201549257683055	-0.787710768491191	0.258951450804742	0.537696652907799	-0.781232198957554	0.346783864594438	0.483295657466887	-0.8018908314997	-0.568032755008964	-0.0827691225262282	-0.689643795865246	-0.742342278248969	-0.857382195790224	-0.114781473810776	-0.801923473168915	0.133826557360493	-0.755032297271858	0.485146087700144	0.0414402877948663	-0.711817540591552	-0.477213285738026	0.234504685053739	-0.382911947251311	-0.726878124871867	-0.295999889453666	-0.689933577392651	-0.702175072660843	-0.49070068521567	-0.783567910700703	-0.731082444041645	0.172275865855421	-0.705622828000377	0.0955428664012007	-0.739778462202111	0.632683685266265	0.618507732381595	-0.754734728434112	-0.083091352653292	-0.325396470561649	-0.090409501099886	0.393449117523292	-0.0285468642397473	-0.141856998578323	-0.77786186346114	-0.788242433476771	-0.248433831141582	-0.720281627106982	-0.360624991312401	-0.702926760860017	-0.782288244948146	-0.749724815268986	-0.26530852160405	-0.761876427478153	-0.396983294512583	-0.812336277771308	0.269112655976181	-0.46268702385422
ITGB3	0.492000630774045	0.934459191085568	0.785765716494753	0.408178029645418	0.888408944097422	-0.277139382938682	0.755942129801816	0.0862867041896337	0.623801512399131	0.760811165668454	-0.179226644327074	0.685594204031998	0.803370563315303	0.767065550201254	4.33959661681462e-05	0.554061016611944	0.485701027113155	0.602605328148478	0.528143125758582	0.792951543947226	0.780658477578744	0.797481931239848	0.344965531842769	0.804879837832288	0.849803202592802	0.404647095831102	0.25554935433254	0.790841416333085	0.764535702882314	0.871696982501235	0.476702818291038	0.55428130407497	0.324127497757237	0.888937965334632	-0.123894406743751	0.856053991872627	0.151725984095167	0.794520078737229	-0.150466645732716	0.80838660883558	-0.628972909694793	0.44127777268217	0.777639243137033	0.600973051649282	0.761638516649546	0.699822516872795	0.76197380906644	-0.075972228820925	0.860456234073822	-0.604922571448285	0.373219291222872	0.0675682736275108	0.301674591074634	0.782845149524816	0.850780687555318	0.833442614093888	0.750363970979742	0.454788871099836	0.874896700423764	0.24717147475961	0.6799895189307	-0.285753341785543	0.668873936335033	0.815261727182993	0.890623485758002	0.836393993972998	-0.141173500914883	0.56592251774027	-0.459856392877156	-0.216969431756776	-0.211253638453377	-0.374127634461848	-0.608776455716775	1	-0.205449246121122	-0.30983259154349	-0.188340207807206	0.539672820865141	0.835805654479657	0.884441263934119	0.865799065906299	-0.311965903658311	0.83601867809734	-0.0788446910242293	0.851358501780682	-0.0469474720045292	-0.438606554449004	0.806418946826086	-0.326610202539134	-0.0832103039338778	0.851427076236039	0.167295181040285	-0.216232470583059	0.658845264408613	0.804539545732728	0.724068816866546	0.081828655378322	0.581268049405856	-0.323084605276	0.936953497490521	-0.0265529436553309	0.0953979792494628	0.943458680626578	0.680348723037362	-0.0709120271390545	0.399697618185838	0.931337753563508	0.378270687925661	0.691044519313543	0.889867458797333	0.519081457060276	0.873653190159623	0.92373595167373	-0.442149468214096	0.776499544723446	-0.231794285460721	0.817695287973181	-0.484766623142542	-0.56461755876097	0.847080129710128	-0.269003589252043	-0.0440254486690504	0.220351792763903	-0.219901347370646	0.0844413545318939	-0.424356775855521	0.828060961858975	0.634889050703681	0.325494000467357	0.733979930318107	0.58715115838159	0.865950136014759	0.857648536062875	0.563789023089541	0.327476411955221	0.484816054089448	0.760705130594327	0.838710583765854	-0.597236836606516	0.138249450591791
ITGB4	-0.545001397012146	-0.302320702879798	-0.491345214251601	0.295630588171541	-0.368512015491638	-0.258829123833919	-0.50797083530222	0.125879597778382	-0.406338229624589	-0.352840470910447	0.574536175917247	-0.445605186755472	-0.303368122966051	-0.41390138166246	0.601762853822972	-0.180838185067795	-0.289667443262419	-0.461436196606148	0.111065073171899	-0.426950774570543	-0.416294314712467	-0.192398348881324	-0.32122219441001	-0.3430436695245	-0.386235014179341	-0.400566023668834	0.63771332853672	-0.475529373161626	-0.299103698904817	-0.268748491076951	-0.202757817993815	0.0495429575529393	-0.35220746910225	-0.247193028606118	0.535814787246331	-0.448181434481068	-0.369844433830682	-0.137279993838964	0.689660693904186	-0.127799816285342	-0.0410971050740172	-0.367362431001505	-0.203182242260878	-0.319806243650875	-0.551274093092831	-0.351788205574762	-0.304253725282249	0.578546169668514	-0.339573028409209	0.423620066928115	-0.298619990587458	0.454854575664028	-0.0139309866384568	-0.126226590815992	-0.296239403970475	-0.379736896604616	-0.341044948976347	0.0400711938734877	-0.407075206532818	0.57990742571746	-0.503338192014769	-0.329375742322074	-0.561093340980574	-0.110754298509643	-0.24618924130688	-0.261471381188298	-0.0095941024950716	-0.611805085088304	-0.368333450686592	-0.228436431732395	-0.376771089112913	-0.121175841844008	0.617594041299517	-0.205449246121122	1	0.580646531851718	-0.133572180999194	-0.617390568642756	-0.287671372092118	-0.385549582089194	-0.371808855158464	0.40323849745234	-0.309355636857798	0.346265701625443	-0.44537972464012	0.657443537645731	0.442517895060319	-0.445447086408965	0.173294970233876	0.730566813204867	-0.443146927500013	-0.591915262056424	-0.467297573227047	-0.0841834210768543	-0.395653206294081	-0.507122127974272	0.159307107569351	-0.379652663608864	-0.273141540497666	-0.369137709392483	0.75254001197355	0.565477811312933	-0.382694248553441	0.168014508294036	0.362402434735604	-0.211109373857242	-0.40918363265091	-0.0482725349921889	-0.0735555529858964	-0.248961377716187	-0.320775793392218	-0.405657385632022	-0.34329484050633	-0.304203331469786	-0.455353065082166	-0.154922466286647	-0.418754555472921	0.460246148191338	0.356866904553088	-0.34748490640631	-0.461340209370472	-0.739461377818364	0.374024899680556	0.0140499566027733	0.392543833561313	-0.571759844138049	-0.461822591104813	-0.40335336925771	-0.401942059302001	-0.20753216194296	0.0874623840920759	-0.186205611347564	-0.440943159965903	-0.444720983476418	-0.359049694173412	-0.327454227523194	0.0574670015125957	-0.401259391887437	-0.0936985021097974	-0.3944647417263
ITGB5	-0.489407622589969	-0.368964363408622	-0.478428940066525	0.216816608977958	-0.227957551911848	0.172513074824095	-0.50554863109631	0.105332243631127	-0.384004477644993	-0.136837517975142	0.54657052179926	-0.194717951574898	-0.137791860385571	-0.324372988526872	0.412771177960758	0.031462727296811	-0.60619333642785	-0.197957746165232	-0.338846583400331	-0.230978959924069	-0.372326546259486	-0.326658714502222	-0.367652643337028	-0.438023261529376	-0.407383734395748	-0.311293270346597	0.491562495622439	-0.607517793513574	-0.166643776892428	-0.203954625571235	0.00784679986068537	-0.153659375116364	-0.0226634195453423	-0.245641012344263	0.149236196535413	-0.376734903587844	-0.00881539585218414	-0.0624881258646173	0.268111097292895	0.0610276112771494	-0.00492131034873359	-0.298356706151997	-0.0391255185243521	-0.240014410574824	-0.308375422143225	-0.180517288609898	-0.122976657327712	0.43270937638562	-0.381302532369142	0.0834337274291712	-0.0981385077850023	0.174932937884304	0.0196773297826959	-0.0135393618496505	-0.159319716882363	-0.292850736691309	-0.126699963078554	0.334028237590501	-0.347874658816903	0.351687134409302	-0.361018227932204	-0.327331907752177	-0.397707768169712	-0.352776438160888	-0.265430395368177	-0.105630090859431	-0.118319531387587	-0.654488081709513	-0.148951887104177	0.301137593188694	-0.0493376419276141	-0.0414171627961534	0.417434039437854	-0.30983259154349	0.580646531851718	1	-0.352157981471041	-0.36660890339773	-0.167797465310211	-0.389988776177062	-0.345329293803388	0.375420167963781	-0.266719738770257	0.245843518389153	-0.322007728020986	0.374136938369576	0.272990951482704	-0.312994484335682	-0.125765175828651	0.556548095061609	-0.339607864428372	-0.681203190598327	-0.528901576946324	0.0396856134732337	-0.245235264716573	-0.406363064112958	0.0119466214468801	-0.372343604217858	-0.0159884926706921	-0.333180177315332	0.25287116628209	0.268230061111455	-0.396316570410687	0.153656521871084	0.232726235584767	0.0888328840655078	-0.400131933110919	-0.255726011008128	-0.0884220936620658	-0.154689373619035	-0.156383266920359	-0.397397491041955	-0.296824036165627	-0.360536860182733	-0.512155001462481	0.163018616704465	-0.297492726184492	0.491397408885398	0.381669621327692	-0.271117872344673	-0.537074394714788	-0.527785981972425	0.166841194849356	-0.380332722590031	0.346851362024661	-0.377869536403888	-0.368369882850687	-0.364404920536902	-0.240463329626231	0.0413950890068966	-0.105000650775665	-0.0826337097991752	-0.379607169938281	-0.329512960419109	-0.509148844441119	-0.31008715990967	0.120271183644531	-0.264797175414698	-0.159586757925464	-0.398327171426073
ITGB7	-0.374611957867405	-0.079058238577705	-0.360466590267445	-0.396638622145395	-0.285464206589885	0.163056617757371	-0.0856410687257941	-0.116611518014926	-0.346853142187675	-0.412794791409685	0.111348359630603	-0.482086558351403	-0.244865176370622	-0.346140989397535	-0.583390326006585	-0.166628672076296	0.12542334435163	-0.355220388271604	0.148250834237215	-0.480557457047313	-0.459101198095904	-0.375884098923493	0.21382782190535	-0.332514345239972	-0.389882657425356	-0.503271510470662	-0.508682941261168	-0.0473801079624276	-0.305559315476729	-0.475309446992589	-0.325712986948391	-0.274862320633822	-0.402462063839775	-0.162754440750179	-0.236429610832195	-0.351772856872665	0.00766431765928232	-0.476405105097335	0.0431434187687157	-0.428365428011605	0.426533612955926	-0.101784661963527	-0.265026603688653	0.181404369205463	-0.143293609221742	-0.47332948024993	-0.284135889981095	-0.169100867717338	-0.295255189561744	0.103679760521841	-0.645309438763587	-0.159298092703421	-0.573200588051782	-0.474448413606195	-0.285444170865409	-0.319588855104747	-0.276026521452644	-0.287585811580894	-0.377985598173696	-0.391829335014054	-0.390588859250278	0.606110278927312	-0.259389735966414	-0.211503947299021	-0.176234564116192	-0.541952298560267	0.205136289600047	0.0684975913029524	0.516653432924947	-0.0845084462980705	0.213039017976208	0.48743603058111	0.315321479485999	-0.188340207807206	-0.133572180999194	-0.352157981471041	1	-0.396334376257896	-0.33740231972589	-0.129654211166197	-0.210719006007243	0.181019166877096	-0.30108839494372	-0.33052265183626	-0.346552707826432	-0.0749631359238779	0.126835591290511	-0.374009297273082	0.170002184427341	-0.238352703874884	-0.356226436977065	0.185575117655545	0.652859015003945	-0.567074898991092	-0.355525109369598	-0.422522450632692	-0.022070361768168	-0.379694912627339	0.225089969495357	-0.287796063675217	0.210405362242096	-0.121228427236234	-0.18903067334685	-0.402430680892894	-0.230398294911648	-0.65499106004193	-0.256190081159289	-0.031222757963359	-0.312897099619281	-0.396203391906367	-0.284363658687199	-0.336173230519271	-0.33693305674886	0.690719214734111	-0.279212443700769	-0.0444455942579048	-0.250618675383195	0.055986158925368	0.150932400619053	-0.412566277778862	0.65950177866015	0.416101213855331	-0.058193404999928	0.755914244565173	-0.203324226486837	0.386493640502832	-0.324790045888729	-0.415358456243709	0.0580753242364362	-0.307910476868841	-0.0100686591031637	-0.560057392711586	-0.367096533439027	-0.391306735618167	0.384552221432707	-0.439527165020004	-0.549771808775478	-0.404566589602375	0.566076918337645	-0.213842596907268
ITGB8	0.737326207715289	0.600427612657207	0.75325857076027	0.0398392422328348	0.755055803718395	-0.050019990926139	0.499057240268586	-0.0750196656447195	0.557315380215641	0.730406755265005	-0.511226632789234	0.689810647241422	0.582358795195957	0.668365243928632	-0.200800488394062	0.507502739365036	0.554849168650673	0.744727901328216	0.0370403608251575	0.869681645071998	0.75969362836967	0.484369375506869	0.192253381492292	0.634419044735536	0.692919927059453	0.57213738574545	-0.0693325937730464	0.538621435980381	0.626921772755206	0.726982937361303	0.236884948824825	0.468749262179806	0.417279023604275	0.603374137558358	-0.273810743978909	0.780879599160998	0.212674373130656	0.498465623479496	-0.401046130995018	0.442494656614879	-0.372394388927558	0.570288853247461	0.614794462244018	0.365188895988899	0.805350614086175	0.843321995618806	0.687935176834144	-0.281514865598793	0.603519979483197	-0.564063604294948	0.839743423979489	-0.100417963144956	0.180201411354292	0.56198572550899	0.591657084764939	0.727591341882271	0.723164076259574	0.201500267941177	0.826860948611778	-0.223984138782587	0.727031062973961	-0.27694806713313	0.636562212208568	0.458076291216241	0.508013812528855	0.708585962632311	-0.0571736244406807	0.558791010119425	-0.121948296851287	0.188504743163186	0.0694230635603502	-0.105424632566112	-0.691107090849114	0.539672820865141	-0.617390568642756	-0.36660890339773	-0.396334376257896	1	0.691612813498343	0.596238010362502	0.582030633573362	-0.637894454206869	0.613313569068584	-0.0458509463750968	0.743055940175267	-0.265135183374132	-0.533316122106935	0.811183090332371	-0.187870569120444	-0.475450380147069	0.760422523072798	0.33270801742414	0.188918104621164	0.437934421295403	0.733578883142363	0.69624702493621	0.0296642506050258	0.521509029606175	-0.0137685440043377	0.682221867786943	-0.476502940695409	-0.120948317664605	0.682596996017073	0.248479991688429	-0.0521012957918535	0.627145868472628	0.74408855198006	0.170478973356725	0.507614060886973	0.6172250635565	0.366667999883787	0.663346740080931	0.721532655824088	-0.0262332939467283	0.719437909177233	0.00355497880612781	0.639200183532157	-0.534680242060986	-0.463166664198145	0.804950029596682	0.123664019565626	0.333904979426004	-0.0142553325565799	-0.287090697899392	-0.08222809992165	0.138979600371926	0.723174079814955	0.590514890013485	0.295731100531565	0.478597661799892	0.234243926032063	0.614132898601223	0.766033612853623	0.585148131617699	0.233148286874799	0.428141387208544	0.380140206333602	0.700738519502409	-0.307874252890891	0.283857944795433
ITGBL1	0.584846750625636	0.829607785804002	0.745193296909712	0.572335231021578	0.921958910146842	-0.226147901563666	0.65190016008787	0.0414596774661831	0.767072700931185	0.916883678199113	-0.365545171725728	0.874743871128492	0.935927146956766	0.913688056447193	-0.0144766065240116	0.873273690319098	0.397875964772091	0.90272040952396	0.0941673250048304	0.928138824713659	0.845005427747991	0.73845052048822	0.22648157850327	0.845180642497579	0.87261814547865	0.63382271199407	0.246942928294102	0.642393304680825	0.89434116895033	0.921191012179023	0.432682950086901	0.589321795631667	0.617094177189069	0.840959947694034	-0.134237129977399	0.9319702498838	0.16970433893971	0.853314462122676	-0.241273527892037	0.798318478929812	-0.783468156327248	0.69516886217196	0.97329590398315	0.519762834503259	0.887362433882875	0.912691051251479	0.985157293118229	-0.0768181887984401	0.842207371793336	-0.581504055085052	0.441313094756324	0.00872737129596416	0.439296033794858	0.880333941476697	0.966519922729295	0.970651979720955	0.963970275260838	0.626727439949047	0.937752713110562	0.142993485995592	0.872337332838301	-0.276938173530073	0.750044300191072	0.713663819602596	0.823028529267461	0.922452691814931	-0.283035687668035	0.481037726647442	-0.420668468208067	0.073164404231702	-0.215012481487495	-0.244070094880002	-0.709113126953069	0.835805654479657	-0.287671372092118	-0.167797465310211	-0.33740231972589	0.691612813498343	1	0.907182785556686	0.926483197133705	-0.506652805786692	0.953771841968196	0.136842524723119	0.924978599275735	-0.0568253974297767	-0.541892107713132	0.950494290627575	-0.392618504902252	-0.294391994564815	0.906768306179152	0.297243916852907	-0.139992232882807	0.833278824439998	0.962976403546454	0.814838234274567	0.0566625044802743	0.734912699230825	-0.305336260365054	0.908673377347096	-0.228587595980581	0.0243746150726291	0.882787051485378	0.786678492233616	-0.105809889505021	0.468717798119938	0.876217383022879	0.418559635150382	0.814086367395859	0.925483534664409	0.56717440971061	0.899920094209654	0.912226026092421	-0.334321225096055	0.695668999217197	-0.217851688581919	0.915709515978433	-0.437669584030959	-0.688013259302366	0.966894794486327	-0.160502335257817	0.0766897420641589	0.123627500067252	-0.469744456056412	0.0751048106905286	-0.254281123597003	0.89921823547455	0.785391798175995	0.385222519172923	0.828045905533756	0.400065267250062	0.8771957831723	0.923757290882528	0.772449734995478	0.218057607291096	0.623307807362846	0.754088350962527	0.91058901424608	-0.541579848582194	0.343690134492523
LAMA1	0.678667979761209	0.923152428546883	0.85765964082521	0.505922361448699	0.918754697528123	-0.228234142744273	0.843664230063615	0.0122372924717661	0.857446540009716	0.845240317243538	-0.416626147694594	0.800797323701759	0.823912637904548	0.944334605623127	-0.0876605226536337	0.674898447170903	0.505324833293181	0.822369323921904	0.347943493925274	0.850419953802154	0.881007697662502	0.707318378252612	0.334385547599191	0.838701706029023	0.909546011060563	0.668290916170516	0.204995902701757	0.86576527824284	0.865473281776565	0.874807905934155	0.449102852799958	0.556416574170675	0.537547185088425	0.918320048717948	-0.246240982969546	0.936377255586139	0.176332118437912	0.841780737574681	-0.207415229653845	0.80277528840417	-0.73370774597406	0.605300088792099	0.844328745446989	0.619064164373015	0.862021875061486	0.758603519999346	0.862240692782952	-0.0574023351021195	0.955154265183504	-0.503428436332366	0.304218192989153	-0.0394633713570232	0.451201136436084	0.766569729113301	0.938934891358089	0.909749166135802	0.83260097728525	0.475815984692417	0.908552655045502	0.0948938469225896	0.887427469553148	-0.0955023721428601	0.8625271478855	0.729699347091379	0.910152472297207	0.828841046086559	-0.327714879542787	0.596013732252685	-0.330790017490594	-0.0714736217581596	-0.168702590707025	-0.200934743589158	-0.715795776730019	0.884441263934119	-0.385549582089194	-0.389988776177062	-0.129654211166197	0.596238010362502	0.907182785556686	1	0.981870073314377	-0.468954998201974	0.948736213198057	-0.0569359805338366	0.946707086728215	-0.0393727124455976	-0.579700440455667	0.918518295341855	-0.308719713558595	-0.342240504183775	0.900846794190282	0.50107588403211	-0.0479306228113574	0.74548332524592	0.918584940864616	0.881115344921839	0.0339140889429831	0.775887572156231	-0.287769154962792	0.953602657375159	-0.188580167055257	0.0124580737047836	0.961345175290168	0.68908347187492	-0.311771384500634	0.375147818500527	0.935001501092492	0.303737848149132	0.757294378878408	0.918095685401509	0.657155122454635	0.955913941771819	0.93756651503715	-0.256064763632284	0.836284525966379	-0.244529321598365	0.956549824376711	-0.526641480326825	-0.711976226174793	0.883330962896152	-0.0647126313350681	0.178871549840551	0.155917579091411	-0.243423726556775	-0.00665934131452266	-0.168739604193802	0.952912407877956	0.847716759693261	0.483006576658251	0.682852533120899	0.533003626311353	0.842863262146852	0.94144503009159	0.820787769260452	0.334626701577112	0.709472120885683	0.668991711585759	0.921756170535976	-0.503215266887658	0.45707955137672
LAMA2	0.640671040347287	0.871419924336002	0.846085326951146	0.56855157791483	0.89878818581485	-0.237332530100956	0.793467460126735	0.0377351633319825	0.884423179154217	0.883230361822566	-0.41641940894504	0.860598076005242	0.860469387360263	0.96285801387575	-0.0051789418792058	0.701619006512785	0.472390456838903	0.858767836261635	0.290934845796108	0.863824779482623	0.887063918557279	0.760122290551198	0.296822201064245	0.87532836116159	0.925257205273998	0.709304316481897	0.212256079885451	0.805205343788774	0.900633306811706	0.880830157279621	0.535763710137038	0.583210120235503	0.609226046275196	0.893178388347448	-0.158819006461858	0.94121571739897	0.158595549578108	0.892751110503432	-0.278871012404362	0.820293333284649	-0.78175576971765	0.609133597386001	0.856639757243446	0.540775895462681	0.8573629512722	0.78264883849387	0.884506013582517	-0.0817018519896285	0.933752431368746	-0.482876245390539	0.288005154943841	0.00293196596646586	0.563872078691428	0.828157854630749	0.956084277516878	0.931651652422921	0.83443156092807	0.536696021937429	0.901937961070215	0.164477836273208	0.910136831681543	-0.130954788615181	0.860584158095307	0.757717967129696	0.868300070315739	0.87712244622806	-0.372379553471564	0.579601921031495	-0.392451778730305	-0.0999636887637305	-0.202685619335371	-0.319441865099222	-0.766681374155083	0.865799065906299	-0.371808855158464	-0.345329293803388	-0.210719006007243	0.582030633573362	0.926483197133705	0.981870073314377	1	-0.461204076291187	0.955622869429428	0.0482039656028891	0.962382824448212	-0.082288670658055	-0.568387292547383	0.916255940611623	-0.359625836134162	-0.319850518564659	0.917551653142271	0.470653735494378	-0.113529827041512	0.826857015545903	0.94842152260562	0.899691187630539	0.0255550581393587	0.801725597808635	-0.315289804904932	0.951429352163287	-0.27586114765539	0.0146839743381343	0.937348643873487	0.73777026959225	-0.322900918455856	0.42388248073764	0.901746790781386	0.398487090219605	0.79323597877507	0.926890061212046	0.710899520519544	0.953893273848153	0.928107065010283	-0.334677196286253	0.779366068999807	-0.247712519107141	0.979718684426143	-0.528256422755558	-0.708261897579839	0.904341806896193	-0.119886147134972	0.125895290389578	0.1436941753492	-0.378639153281263	0.0142804126012337	-0.199348819659962	0.964467207234756	0.872649549227125	0.445964818262522	0.749390151760673	0.476745118248175	0.865169693814447	0.950825614172764	0.867768107495169	0.260148849244812	0.739234089391991	0.69152914800649	0.937991456885884	-0.525497037143542	0.513086611880689
LAMA3	-0.533270888442117	-0.478548039150334	-0.472251231445988	-0.141516292504035	-0.439452580935932	0.222736074283212	-0.514882175764736	-0.200505216291764	-0.485177647923819	-0.411405302956234	0.26372755764607	-0.514365046407544	-0.311737643167666	-0.520855027872779	0.347366482869314	-0.370873865397464	-0.570815111079656	-0.529733722204366	-0.0169446511539932	-0.537031455619015	-0.515610271566468	-0.302213190460649	-0.117199003386897	-0.507780891410602	-0.504647272048269	-0.463701066679618	0.0014540614520912	-0.488262138093226	-0.314870757303499	-0.511370777922846	-0.0833521591315512	-0.5695944903099	-0.392188162656044	-0.422913814183065	0.0608201119756602	-0.55197401634781	-0.392151294406251	-0.414453345703749	0.327389027941543	-0.130562719268416	0.199362328993332	-0.438223535748701	-0.403905272128465	-0.334352663457939	-0.522894570167325	-0.520219906693744	-0.474702177424249	-0.229906592712281	-0.518083541341857	0.492681230044993	-0.401838951862764	-0.0347895372207824	-0.0767898415842214	-0.193271171064408	-0.43296380125151	-0.484371946937181	-0.565191613048129	-0.106825764612034	-0.560753576916369	0.0786613628608275	-0.557066718567461	-0.0321891340952119	-0.460971917111875	-0.406673895765821	-0.420422934475922	-0.435082561619158	0.21568181378735	-0.553473707162528	-0.0181619620620755	-0.218392427215678	0.0488249394705282	-0.172686467380147	0.681563001548274	-0.311965903658311	0.40323849745234	0.375420167963781	0.181019166877096	-0.637894454206869	-0.506652805786692	-0.468954998201974	-0.461204076291187	1	-0.485121859053156	-0.111282817407506	-0.534328696701476	-0.0936479315637481	0.39910543263318	-0.628164476687139	0.0902716415462925	0.457695358447245	-0.480262719493872	-0.468941586482587	-0.363107811102685	-0.305395386291675	-0.487521307764368	-0.605992345838609	-0.0729957053653988	-0.502889098470169	0.228279347727193	-0.469381942310409	0.139996657861144	0.0157565954429455	-0.486596599912464	-0.408420929669646	-0.0542739631584656	-0.270787663275614	-0.492649558708983	-0.137976983456412	-0.484449167661637	-0.391755826939328	-0.118106265382276	-0.478999890680409	-0.477884747798003	-0.284772158428857	-0.543688195982986	0.266946243416497	-0.452017500238902	0.693691861546819	0.308346922748852	-0.529597496313713	-0.366559706672682	-0.440087245154634	-0.100910787403891	0.145179939330343	0.0446515830012057	-0.20709026214994	-0.490949912704121	-0.527340692736622	-0.343414806510618	-0.362256146580415	-0.311850886066847	-0.356872512728902	-0.539434827155991	-0.436154967749687	-0.311913202201259	-0.520395822199573	-0.0785710324486722	-0.479206395007718	-0.133412507762763	-0.386452177014946
LAMA4	0.684046795246278	0.851892734153692	0.774561579465535	0.618111053514764	0.877575012594886	-0.374303066288703	0.788908169135109	0.00825089374771579	0.856230912206925	0.832736336678548	-0.408921636982054	0.881490264884189	0.886427464471412	0.955384161240224	-0.00807466631923512	0.786004725824868	0.344687421044416	0.855567569542566	0.151483064237448	0.870873338494761	0.88658051931517	0.747935011825747	0.296012572318775	0.852715576598948	0.911459770050033	0.728976690692777	0.273816415746145	0.778441737168647	0.826543362743173	0.893910260681256	0.374029759158374	0.60752373846638	0.661313019775672	0.8311869025405	-0.143321989773043	0.937282252882295	0.117242663159929	0.849555626671737	-0.201446047610401	0.770113386823035	-0.811568867971786	0.676061193654351	0.902094602336888	0.475934349517974	0.818937703874293	0.809588198360649	0.913054846104222	-0.0338285899209383	0.912818985701814	-0.495766782269697	0.334398723011232	0.0291673775399793	0.475113612996273	0.819297909932296	0.947912386657218	0.935815383229936	0.893738975343481	0.48445299920047	0.9157814193683	0.169777989304241	0.921149785296397	-0.159757710312254	0.819302131361972	0.722265649514518	0.869911419091553	0.879717296267317	-0.405835466255778	0.49715353075013	-0.416414236286237	0.0467542102278113	-0.201368482926104	-0.201363633877388	-0.766186905589224	0.83601867809734	-0.309355636857798	-0.266719738770257	-0.30108839494372	0.613313569068584	0.953771841968196	0.948736213198057	0.955622869429428	-0.485121859053156	1	0.153322190806467	0.912335847051727	-0.0291734775583466	-0.561230780085072	0.934810868219478	-0.352022137582599	-0.345512513232727	0.900135610348456	0.477420882487153	-0.152654533931095	0.854982053749669	0.924182119635288	0.881669406213822	0.114774865315053	0.866057600185844	-0.287127483569277	0.915774797343742	-0.184700488871681	0.0643491360154022	0.886138065148923	0.753309407170018	-0.18468685690306	0.338820732160865	0.892080291179958	0.306902445731292	0.827241878971007	0.930888064800614	0.576307266661053	0.960700786057022	0.905776704672958	-0.354709446192508	0.781137384575555	-0.206703351198625	0.911995916896756	-0.406703603199476	-0.790676710226996	0.917438554959631	-0.152852695449051	0.120175259371325	0.166234604030175	-0.389571547373472	0.105010033694597	-0.181501934140547	0.914200221359529	0.884975614922712	0.377035987325501	0.771516503460456	0.472666389694806	0.886359337545085	0.920935526695537	0.840215902252321	0.271636350072955	0.776722504776005	0.736131338867945	0.937717996469121	-0.540428545625508	0.421373544696588
LAMA5	-0.099343748769753	-0.173169755323417	-0.149304973442183	0.278764588123258	-0.0688993253899662	-0.679102891817783	-0.149822061532083	-0.0519186607944326	0.103890349756183	0.0731143340541926	0.172005835567424	0.205528930289619	0.184932783438675	0.0791071193878765	0.424908858113073	0.21731632387891	-0.0359951790570158	0.129747843500571	-0.146215016644575	0.0317122433258884	0.0371430313604873	0.305028410987381	0.192613987241923	0.0828321738836742	0.123110141383953	0.197506978004515	0.41837770381729	-0.227811595344424	0.0177353902083894	0.0203055496680015	0.171126008208048	0.493853561824637	0.179654769556178	-0.0317481947753868	0.648738606076776	0.0605914287984181	-0.0700385189024969	0.208921017652748	-0.163589719127914	-0.0623309227311688	-0.310222768771851	0.228587173685267	0.137813329935729	-0.374041818304411	-0.0900480230105013	0.0833904515597668	0.147683078992098	0.245094479843799	-0.070976717454833	0.138241930224681	-0.0713740953744986	0.714226669546788	0.30959610262857	0.223537298341499	0.0442609691833396	0.151240135392088	0.109947331678137	0.045105328143547	0.00668897503617105	0.408639677669195	0.111409463081059	-0.250118590534542	-0.095786970528823	0.222542539486417	-0.139681698795328	0.222972203220248	-0.627564782224494	-0.206499040968231	-0.357854131839763	0.0048907428144341	-0.371398389255965	-0.298508555071636	-0.201549257683055	-0.0788446910242293	0.346265701625443	0.245843518389153	-0.33052265183626	-0.0458509463750968	0.136842524723119	-0.0569359805338366	0.0482039656028891	-0.111282817407506	0.153322190806467	1	-0.0247032246912442	0.399048763158725	-0.0609824111598223	-0.00668650620113928	-0.264857289372398	-0.136938918283436	0.0269649658423069	0.0112633728225038	-0.138656198923546	0.36605740226751	0.105719811092476	0.0616371612052847	0.674882003993911	0.297462584056271	-0.293508148517527	-0.0235698684880406	0.0468446087565893	0.632334735396065	-0.143916499143033	0.31533420566789	0.0958730450592503	0.00745050855918035	-0.140633460710947	0.217825907251454	0.548069863848682	0.0624581764446641	0.0746491816059727	0.0255718575092483	-0.0217408530830059	-0.190013343705	-0.211638442556035	-0.222143899813765	0.0204542005798517	0.104025358979178	-0.180757379857509	0.146289454846622	-0.107935611428376	-0.174177190493103	0.554603653888475	-0.415764797186718	0.762783767749161	-0.145572464133015	-0.0307101276817107	0.134199295952716	-0.240275578962197	0.198198413373556	0.206589010558593	0.056801014179877	-0.00625551094298457	0.153946329864822	0.0593995216521734	0.23445634289665	0.0514191168290249	0.0637542325236531	-0.0349193488712579	0.0592718985351627
LAMB1	0.71102911796833	0.866465781178172	0.920845917816062	0.481599798272133	0.94482953538113	-0.132623837505891	0.758275335833881	0.063423491198724	0.867192939674602	0.9393561511323	-0.453407814529815	0.876072676133703	0.826592979022952	0.956534799426354	0.0109498859534705	0.658742532372831	0.539282545343564	0.891486062727731	0.286911696191646	0.948793684073644	0.933316891683672	0.731617856911437	0.228522600094206	0.872492791461086	0.93256380655107	0.72858911361264	0.20007954330962	0.786787824821279	0.925986360820548	0.931126982727458	0.562517255865778	0.585429174280662	0.594491540904389	0.905092481187013	-0.211776769656447	0.968471175301426	0.203091227056278	0.891200390537674	-0.322919514861354	0.834378129194218	-0.73038584045906	0.580730611242322	0.83973214097821	0.542200464753777	0.911472723258982	0.864520272013657	0.882942469351633	-0.101583165211864	0.930004221221083	-0.544574320842642	0.505212118817437	-0.0377815112182448	0.562482157629401	0.83720909061829	0.933418582500758	0.934462878868034	0.847153921837117	0.543627907836527	0.951626467721071	0.118036414814854	0.922927933070548	-0.239135809064127	0.876695494535041	0.726793926751033	0.842374247750072	0.919731672658946	-0.297955242091897	0.607941772826502	-0.376756809515612	-0.0530090713039905	-0.141237719169384	-0.351501170183303	-0.787710768491191	0.851358501780682	-0.44537972464012	-0.322007728020986	-0.346552707826432	0.743055940175267	0.924978599275735	0.946707086728215	0.962382824448212	-0.534328696701476	0.912335847051727	-0.0247032246912442	1	-0.124572350920442	-0.577087192019654	0.9598848969498	-0.329357240593242	-0.303688593896126	0.952137526662193	0.400555015800714	-0.112437935466781	0.79704973251555	0.969070893246231	0.925723497180158	-0.0312191029499664	0.751200925641302	-0.270310054942892	0.963646507264538	-0.370330679493751	-0.0293241245458296	0.95469607009154	0.680586473555726	-0.271637815778709	0.60831352649874	0.936018736134979	0.350416437066959	0.750070375628262	0.929727269668472	0.719011012547549	0.943135010803365	0.959502751019345	-0.343205164715545	0.833272935571792	-0.181798728152972	0.977387705293018	-0.599672977745386	-0.633229368766075	0.945037549732571	-0.139943019475084	0.126286199676307	0.104959948340617	-0.437911208364529	-0.0351328944147887	-0.178951966842181	0.991011030914521	0.860197284990305	0.44767388940348	0.726949440717278	0.448405134731265	0.893669554618485	0.985814794299211	0.861764727727258	0.195552963733692	0.704181329634807	0.69118724506063	0.955755124257066	-0.55650213912617	0.509102916993833
LAMB2	-0.0777469837947262	0.0302281174645182	-0.122445018126779	0.147315080818261	-0.0250592186869929	-0.356041412110822	-0.0695929504598696	0.0506342900983594	-0.0563393789712603	-0.116661071664802	0.543873666235537	-0.215404438396617	-0.212440839520445	-0.0792104923860164	0.37397552563528	-0.0905406478884406	0.0874614342868328	-0.161036797657662	0.280680045328446	-0.142225801544973	-0.0782823101311755	-0.0839356075628916	-0.0613000958004831	-0.123175647001912	-0.0932856088339938	-0.0609199402586169	0.780593258787165	-0.059513082658251	-0.122371986747286	-0.0301836726753771	-0.0037978301510632	0.341798160612883	-0.235006770003104	0.168285501262574	0.473071721570603	-0.121907571501494	0.0708192708961086	0.123935633993889	0.411595557978666	0.0357562067854342	-0.0879590944777037	-0.019617310569675	-0.0215943514999356	-0.0156937650419822	-0.212473262934574	-0.145881060111499	-0.0880070075653347	0.762259652877244	0.0432523476659721	0.190552146181091	-0.111349874889189	0.690053200953881	0.0655123037171282	-0.0882057438670616	-0.070093248707543	-0.135156793931366	-0.0832942435145519	0.0434517706893387	-0.122976145033409	0.326102222529369	-0.155933386382361	-0.240933860891527	-0.20860604563423	0.141522555895157	0.0801068115427653	-0.0813752829049859	-0.45098039499512	-0.283142642918821	-0.244849522048741	-0.142949345217592	-0.34188211202733	0.0777813877237418	0.258951450804742	-0.0469474720045292	0.657443537645731	0.374136938369576	-0.0749631359238779	-0.265135183374132	-0.0568253974297767	-0.0393727124455976	-0.082288670658055	-0.0936479315637481	-0.0291734775583466	0.399048763158725	-0.124572350920442	1	0.079364674614254	-0.11529051140513	0.0652769003671271	0.244069269233454	-0.131610897490716	-0.140390346643056	-0.107324390525826	0.0131704886111663	-0.126661674608698	-0.101794510386211	0.477926882930492	-0.0158198703763832	-0.356117664928732	-0.0747228157308754	0.698298532303167	0.790150715930114	-0.0694014844950142	0.336854242805397	0.119371172375369	-0.0213075534375302	-0.094216194593408	-0.152602908517993	0.309831187636168	0.045154661960634	-0.0869438400265332	-0.113819096373731	0.00256602766748818	-0.00809848557689151	-0.0384430954009992	-0.299968931304748	-0.109864745160455	-0.0085381029858415	0.205922888399698	-0.0931298330920764	-0.123343013879549	-0.327158885682407	0.772928828537577	0.108958330899006	0.610792327981944	-0.318962476359993	-0.135654871828445	-0.0591693053716863	-0.0752268261412092	-0.173604282684244	0.603487961196826	-0.0292579311916263	-0.13206523751767	-0.125703415110861	-0.0306490756534404	0.0547587067689468	0.0661490883445962	-0.0716715095735237	-0.118253597040629	-0.112674095336744
LAMB3	-0.536648050178298	-0.490836791212953	-0.566048306117108	-0.0746904836239999	-0.585750181001814	0.0632804139960939	-0.598659464454884	0.647279877567399	-0.542893873459873	-0.554125113655688	0.357288469489469	-0.610098254308407	-0.501634662367188	-0.598829139731087	0.378721679636946	-0.438206822398244	-0.274532197329516	-0.659745538007296	0.0157777703079681	-0.6104969614054	-0.550471685489622	-0.452202302553945	-0.433596616208209	-0.56856692512215	-0.611901145068579	-0.477008603196396	-0.0435455623941363	-0.475920396539515	-0.480477807028415	-0.449659244727241	-0.353150448189853	-0.296193672518357	-0.534867831121534	-0.537843591727415	0.0262068109158277	-0.611989147364044	-0.462394512919341	-0.425774526956226	0.357590171238915	-0.530841185836846	0.312520232856289	-0.460522927399077	-0.538895227746165	-0.639472262304224	-0.574273074075568	-0.605547383128284	-0.568772730792444	0.255698842288377	-0.571734756678712	0.541036625288951	-0.401478881429046	-0.00327705465037919	-0.292379061897204	-0.341141504588282	-0.61886700265892	-0.613523098523648	-0.572665289841653	0.0712311756162978	-0.606791708484555	0.26015650022917	-0.624242130165053	-0.200279989108241	-0.570148011229456	-0.457369651838529	-0.569889157456542	-0.497862790618783	0.0790244126292779	-0.586350567203236	-0.154573029698899	-0.169584281233509	0.0358621258619519	-0.0644392341486153	0.537696652907799	-0.438606554449004	0.442517895060319	0.272990951482704	0.126835591290511	-0.533316122106935	-0.541892107713132	-0.579700440455667	-0.568387292547383	0.39910543263318	-0.561230780085072	-0.0609824111598223	-0.577087192019654	0.079364674614254	1	-0.614746944909833	0.303346559771878	0.381341971221871	-0.574687498372715	-0.366567045158488	-0.0329017806961111	-0.410086282653069	-0.604461498919108	-0.607443225781528	-0.0794572765533738	-0.503031155633879	0.161757456545704	-0.565849169741251	0.269601979115734	0.026749737382355	-0.546738639008754	-0.396705204203799	0.634468410504633	-0.277687041682153	-0.533543526115838	-0.310191208244587	-0.606964557868424	-0.459696200107492	-0.41700221255765	-0.573315748624934	-0.572905299382279	-0.0120244353709474	-0.532757273416235	0.156836124896452	-0.594035696976619	0.214789791910443	0.355396739186386	-0.561093352028171	0.0417931903330332	-0.468166892422223	-0.0832026786236298	0.279784608337194	0.0225048800240703	0.0010469166958074	-0.580405495602008	-0.546182898140439	-0.716159993782433	-0.380795122919679	-0.274320458035149	-0.409801289178124	-0.626901439656137	-0.54969061530998	-0.335932424922593	-0.518629853154227	-0.398074959824005	-0.558823153409648	0.213655419258896	-0.40513870584245
LAMB4	0.769678335202701	0.855392069890557	0.861171366304095	0.466239716454277	0.923416203878075	-0.169142091433766	0.756123154214247	0.023937049996667	0.842441471467698	0.893024926352964	-0.502906447541123	0.896629970448412	0.834117271771296	0.951538617723877	-0.0982760959048911	0.751246938582911	0.46680152015193	0.915227461576153	0.126426888520423	0.967169184974291	0.932537779532658	0.670899856052992	0.191107562159143	0.864061999689648	0.906206083128681	0.742477502761356	0.162238730898109	0.764692823601685	0.853455858458317	0.945123272949902	0.376351951399977	0.579804994723993	0.626826764988851	0.842085357695746	-0.243046848223302	0.957346811835921	0.210285531859942	0.810552705968899	-0.280433716522332	0.758225131157603	-0.697886919973631	0.677386236506079	0.882688109499153	0.562716379174673	0.899091780729501	0.921893856732909	0.920131362409866	-0.106279907664902	0.90450957187275	-0.603947377801116	0.577696670158809	-0.0867406682430163	0.440371051984357	0.79020631110608	0.930451549219084	0.937110616704124	0.916038122661664	0.478460045151888	0.978012368755034	0.0528538163285958	0.93871936476739	-0.194861346829663	0.857219932200477	0.678812497180374	0.840416369188004	0.885131236707116	-0.238947670484242	0.616811201393307	-0.312784031971783	0.106886340447412	-0.128736900595476	-0.155810685408183	-0.781232198957554	0.806418946826086	-0.445447086408965	-0.312994484335682	-0.374009297273082	0.811183090332371	0.950494290627575	0.918518295341855	0.916255940611623	-0.628164476687139	0.934810868219478	-0.00668650620113928	0.9598848969498	-0.11529051140513	-0.614746944909833	1	-0.312300489521396	-0.362552231122277	0.927263275138711	0.43566988448378	-0.0714677751571992	0.757101782560434	0.949709250699104	0.903075925871587	-0.0451105678849397	0.773049799544527	-0.252663995836823	0.929955772870577	-0.293283920158899	-0.0598111679611305	0.91660393913381	0.680367427168568	-0.157911229295629	0.512350101693903	0.931794098385704	0.302868436488991	0.74172320673101	0.899608787564317	0.547879198986256	0.935288317085515	0.930962064931738	-0.266737937936495	0.850134656121445	-0.180760840539672	0.91518987345051	-0.526912220341389	-0.66116049402573	0.956809941127417	-0.0933496665936129	0.211529213877598	0.0634795660285109	-0.418137015997102	-0.0626553370441005	-0.128116132644759	0.947716338077129	0.868448392020212	0.475613556945629	0.727952082431357	0.40510325182448	0.86856010898866	0.97106310794072	0.827406750413933	0.213827879989855	0.705599378463926	0.69174133788268	0.928996107268959	-0.486524562529894	0.473543350618307
LAMC1	-0.134096660063021	-0.148658954436457	-0.246256576958147	-0.0524333493360804	-0.33093533218544	-0.00805975233659329	-0.323071484310381	-0.0424399606064463	-0.367513619974429	-0.43804658896609	-0.0204280671497633	-0.557659499590616	-0.407737730245996	-0.350843644771176	0.1031699591876	-0.321173161351981	0.00980508110463406	-0.383576145714737	0.0812897895358572	-0.339960637573816	-0.353733697887602	-0.452064338357819	-0.372994746103441	-0.211415171113622	-0.448000880895113	-0.308880322353836	-0.0174371271028881	-0.108261252979496	-0.282896822852301	-0.316901382515055	-0.484001532498654	-0.139760651644963	-0.0151720855696436	-0.258338600771631	0.0868720598105749	-0.3284734260826	-0.22587742184639	-0.47455913177984	0.515771178136568	-0.348527993376435	0.364108379593192	-0.569530994517073	-0.361933699168134	-0.232030042600251	-0.197526523954707	-0.351457849637664	-0.411159207688513	0.0925853531924434	-0.198701018343232	0.28017000447707	-0.205909021012059	-0.00984852235860231	-0.227972354486404	-0.53338523646489	-0.383589164197918	-0.421475752050244	-0.341053375686923	-0.419936254031592	-0.354364343853342	-0.142824963089125	-0.351447995900511	0.340013236650604	-0.423004878341616	-0.20419746363404	-0.126044757980192	-0.41419450549931	0.407638337945405	-0.118714939368143	0.397374488181545	0.0718973157065281	0.656295669171162	0.292645071538844	0.346783864594438	-0.326610202539134	0.173294970233876	-0.125765175828651	0.170002184427341	-0.187870569120444	-0.392618504902252	-0.308719713558595	-0.359625836134162	0.0902716415462925	-0.352022137582599	-0.264857289372398	-0.329357240593242	0.0652769003671271	0.303346559771878	-0.312300489521396	1	0.218961672418852	-0.234938819454227	-0.150498260283039	0.0642313020531369	-0.286635070219146	-0.431160349333514	-0.282105398743596	-0.179173306936358	-0.325738201515024	0.701824196559728	-0.429501962774047	0.14626339665734	0.027334866197626	-0.289065404856542	-0.39050238182962	0.00767830493316184	-0.275293728820558	-0.239430638227124	-0.240198184996972	-0.388675434649905	-0.331971727284543	-0.363395370406738	-0.336491102300264	-0.336343815949604	0.175738830029155	-0.122324462639478	0.670768091127555	-0.379609708844799	0.296553609152306	0.320918740015832	-0.384828613868796	0.0591489743282656	0.0194179999224875	-0.101726808851507	0.369799259728653	-0.241974046120957	0.487248101511293	-0.323827432188007	-0.321290292294922	-0.297918458536165	-0.493258684852754	-0.0782094524440225	-0.365957605287474	-0.368651543636951	-0.328676809765877	-0.300270210302417	-0.149291944932615	-0.228029019346411	-0.238480738278923	0.0922745881689674	-0.0846093631705552
LAMC2	-0.460710662871691	-0.186212680671621	-0.292155073779569	0.274943973410759	-0.257928552132824	0.15236366161472	-0.420163612300889	0.113678160733772	-0.396606460166331	-0.258165046793558	0.546689782909864	-0.341959261558647	-0.335069013849029	-0.372597375027288	0.479704099638433	-0.307898922947489	-0.321012756415692	-0.447302555015011	0.148068730391867	-0.296614373137747	-0.319221928801943	-0.219419095351244	-0.56146576868522	-0.236397465913701	-0.346707206338059	-0.416013065996384	0.455011889997513	-0.352380586471393	-0.209358091664923	-0.188999906293561	-0.105153816267784	-0.0841035205661889	-0.195986166236945	-0.17764385988884	0.281134865333043	-0.386763736035443	-0.380673638195526	-0.0810850484749325	0.645741597931588	0.0547159851323605	0.0102117190263343	-0.569184111756285	-0.239298655442724	-0.242554676604821	-0.41442410501592	-0.279997709432499	-0.330172097200467	0.378689159656529	-0.251656846158564	0.237317351025381	-0.109448236729443	0.114775493569249	0.0300140603592768	-0.0740263761695145	-0.238869306201615	-0.40389352583117	-0.377224941794533	0.044060084098968	-0.317422468081329	0.486814423512072	-0.475679660835557	-0.320593052702041	-0.450744791502621	-0.0898716763082277	-0.145497795809388	-0.186386956503466	0.32223311475177	-0.458578018546817	-0.329991935645004	-0.309255326930338	-0.113609643777771	-0.264949685485566	0.483295657466887	-0.0832103039338778	0.730566813204867	0.556548095061609	-0.238352703874884	-0.475450380147069	-0.294391994564815	-0.342240504183775	-0.319850518564659	0.457695358447245	-0.345512513232727	-0.136938918283436	-0.303688593896126	0.244069269233454	0.381341971221871	-0.362552231122277	0.218961672418852	1	-0.301296481609839	-0.719973643380818	-0.59247575065844	-0.0656462636053972	-0.349675952600532	-0.427921419088311	-0.345816569428217	-0.498882238072452	-0.0737758799791546	-0.249359052189017	0.503269448719985	0.203082774839237	-0.229272347235769	0.0642001984309487	0.185868937081645	0.0296763667340447	-0.260403933273922	-0.0269931992305548	-0.286678189142935	-0.180436179911999	-0.235295610449494	-0.358599549105985	-0.227875010174212	-0.47353504919767	-0.291284617579989	0.0944958236537247	-0.333997818950099	0.33208783703997	0.494391556952696	-0.316018586067008	-0.629450657862914	-0.809061751684312	0.02159032241299	-0.0467927578853534	-0.0888536177355575	-0.557859892104331	-0.333185873143955	-0.398897231264367	-0.386655647707833	-0.041496923565864	-0.0664635178798097	-0.0196948730217442	-0.329681795283741	-0.425334010156083	-0.644509129342319	-0.369178638837581	0.169003064191915	-0.290552770206233	-0.254265630283182	-0.409185402354826
LAMC3	0.731041652647469	0.864042865072295	0.884960124593986	0.425932282667917	0.935616191691345	-0.190150597697516	0.719960551886269	-0.06400668675188	0.787303918558525	0.881864980778818	-0.355444611444139	0.848871699012497	0.82647018784618	0.909905290037471	0.00998006912083907	0.660763852811503	0.479426561175001	0.832876922727259	0.234458782725998	0.938025218844729	0.902766821116526	0.774324100820172	0.199771705177988	0.933799380881643	0.892092584163152	0.684742181718682	0.21175418568019	0.772572146721271	0.867234862497184	0.899389461390595	0.520974502798849	0.577192952704765	0.645532560249357	0.887648363308087	-0.0585388416439225	0.950735384879612	0.187905569935219	0.840812708888557	-0.306023779164285	0.814570761845948	-0.684257715603766	0.606817139714181	0.836727302849484	0.449011938799411	0.905403356402554	0.867749228835243	0.861400350022276	-0.202721905225847	0.903381945560416	-0.550042416588168	0.509788218728725	0.0902567351714569	0.517646485306367	0.815564789056652	0.89195350878053	0.909227357980178	0.833050871068234	0.448843316037873	0.931682125264701	0.0145473541704618	0.875358306899708	-0.229599530430568	0.761016843767464	0.828380683194657	0.860976030323183	0.90252103640179	-0.257345216084189	0.604134935824208	-0.380988505114405	-0.109136255287857	-0.0257305540526808	-0.359612617019211	-0.8018908314997	0.851427076236039	-0.443146927500013	-0.339607864428372	-0.356226436977065	0.760422523072798	0.906768306179152	0.900846794190282	0.917551653142271	-0.480262719493872	0.900135610348456	0.0269649658423069	0.952137526662193	-0.131610897490716	-0.574687498372715	0.927263275138711	-0.234938819454227	-0.301296481609839	1	0.360965230958193	-0.109242537670362	0.806992569124164	0.918434474952622	0.889856392078976	0.0394844779675074	0.76402311593943	-0.122613974705466	0.920214150612043	-0.359530055868054	0.0293917272605612	0.918850466366983	0.647010172650659	-0.26497404169494	0.563223193151745	0.929373035652922	0.447881375866853	0.767002540775498	0.947256624893683	0.635625647196726	0.914689785163728	0.961559871488273	-0.363137669046631	0.827443468930677	-0.034425104029768	0.909264984061059	-0.555136628279237	-0.613828910484122	0.942472028372112	-0.153270947444917	0.108952269037081	0.151817295148969	-0.391656385077806	-0.00303465375852635	-0.0992616737155658	0.93933829472129	0.808998687087079	0.317907030334023	0.753624147858852	0.486371344661315	0.892500064369063	0.94546066948123	0.805811858470799	0.148678413697365	0.701237044245017	0.756361762819063	0.978587904882006	-0.669674064759425	0.411958855861085
LOX	0.69537046959231	0.312376708305833	0.470718802221171	0.0920347046299736	0.263136593766378	-0.249661708721506	0.625522437649107	-0.104525093366419	0.686455691997208	0.234280034944988	-0.565412253264988	0.450414376806805	0.187053411065322	0.559050838435801	-0.340514005119823	0.179413328483555	0.317877707289072	0.445051639563582	-0.00694978508117088	0.295280747449778	0.522033318879648	0.224395439304741	0.307735151037537	0.38222213027574	0.486115794116968	0.692523487000341	-0.239287045306195	0.626595637076037	0.223506014723993	0.244047716395637	-0.0357499752955909	0.241359096961378	0.329923089115884	0.274354314846918	-0.263463470327395	0.444470962129455	-0.0137841848400694	0.256277028347322	-0.275165976829435	0.0239591886016215	-0.301131360590626	0.569415078216457	0.183760431530617	0.114327322132227	0.318470661513367	0.22302497027709	0.277390333416078	-0.137474936362853	0.47965788077663	0.0533530388711684	0.00648021734898876	-0.146255131805098	0.213343591833624	0.128405420612277	0.296464056308717	0.361673104156825	0.252444719493607	-0.161078134601113	0.370913372211687	-0.292632577461651	0.621079187024166	0.325263114154686	0.635596958682067	0.207734822558411	0.286192737155016	0.174147485558524	-0.443288207314846	0.416704011632161	0.0336560986971661	-0.0276025593716207	-0.0928936459862607	0.204999584567912	-0.568032755008964	0.167295181040285	-0.591915262056424	-0.681203190598327	0.185575117655545	0.33270801742414	0.297243916852907	0.50107588403211	0.470653735494378	-0.468941586482587	0.477420882487153	0.0112633728225038	0.400555015800714	-0.140390346643056	-0.366567045158488	0.43566988448378	-0.150498260283039	-0.719973643380818	0.360965230958193	1	0.48651682642281	0.220995883020923	0.37799679138138	0.576439371876556	0.0828621915708192	0.701290171630936	-0.118549265315551	0.370001890914912	-0.272307024261927	-0.148651515931009	0.363667570142051	0.0241625972500461	-0.378413970694089	-0.103438542773474	0.370534595251391	-0.0305753812204242	0.295470061490672	0.283249689667296	0.299321637065369	0.503902661959446	0.324311835953039	0.33773617794451	0.538101840228986	-0.266373670569136	0.432632320070139	-0.423204739487644	-0.620465383831603	0.315515424828792	0.550385194683197	0.540361091968496	-0.0380793398421495	0.181737922278632	-0.160392228260396	0.45951177805829	0.481246909052293	0.66800871891348	0.280517747292225	0.0738966003333087	0.160100816882816	0.207279177178067	0.439613671318505	0.646777625510675	0.401233766866584	0.64839673361453	-0.0908554476547296	0.391701687748333	0.121337062212372	0.618588572904362
LOXL1	0.0625667069450102	-0.046394430020058	-0.059983024113113	-0.453725719878965	-0.078532372444121	0.0766567843586755	0.00499602743615705	-0.122616025568658	-0.102095660998538	-0.143815381098504	-0.0902903773430768	-0.183409630696203	-0.206893960325666	-0.122538205578042	-0.652882518669112	-0.0600730958792047	0.480491602006004	-0.0304439422223334	-0.0349106405372806	-0.129123111790036	-0.14192812244116	-0.21181782012287	0.245515368770043	-0.141170279179235	-0.125554292341134	-0.115782525117881	-0.517081601137365	0.0481096090173907	-0.171630781279527	-0.284253524550261	-0.303692788593877	0.0201745352838787	-0.216877432511598	-0.069003944633349	-0.226075325046983	-0.0556098789165522	0.0367895692253216	-0.291495530499805	-0.182895923656485	-0.496578814230454	0.276279690847258	0.254940100720786	-0.15099426284504	0.00136368057473372	0.108901722183178	-0.107721615366283	-0.0818801234750547	-0.134096033526219	-0.162616935881267	0.0666874330915251	-0.100609363058866	-0.107445766523289	-0.493920926684365	-0.327756365732339	-0.235261680156762	-0.0913758037917942	-0.0470270349259138	-0.323144680266167	-0.0896932374275371	-0.635619325096555	-0.0773260957653184	0.292545543709198	-0.0664131951758534	-0.122449557101741	-0.21886528927534	-0.28560959684798	0.0103192942148585	0.145238793288733	0.369728625827783	-0.0157640319836918	0.126602681445191	0.425499276295705	-0.0827691225262282	-0.216232470583059	-0.467297573227047	-0.528901576946324	0.652859015003945	0.188918104621164	-0.139992232882807	-0.0479306228113574	-0.113529827041512	-0.363107811102685	-0.152654533931095	-0.138656198923546	-0.112437935466781	-0.107324390525826	-0.0329017806961111	-0.0714677751571992	0.0642313020531369	-0.59247575065844	-0.109242537670362	0.48651682642281	1	-0.420390459486332	-0.1027542888012	-0.115691964134287	0.145430735243475	-0.080866379726135	0.138241107827377	-0.145124584523732	-0.110436048254478	-0.144137329502765	-0.0624394693677004	-0.442091431786834	-0.158188928143654	-0.219045837158387	-0.0920098503081719	-0.0273584341164483	-0.108991858773397	-0.258774016965931	-0.151439971564646	-0.170326199754862	-0.134934106241305	0.920952804411138	-0.0313980054928137	-0.155488417108886	-0.0935939365846854	-0.391785722760852	-0.0796292624259522	-0.0993160343888769	0.983161447429567	0.554808872381296	-0.0716085510678352	0.649805051855948	-0.187374270102813	0.645247032157097	-0.098448127849746	-0.159840747089404	-0.032267392250363	-0.2208795073835	-0.0284914784841608	-0.380720990065877	-0.112753275212501	-0.10594280448246	0.473712331955401	-0.191297973212053	-0.648721038155752	-0.188158351893343	0.568569360949531	-0.0527552178962833
LOXL2	0.48347442787504	0.603015434130102	0.637180342065707	0.803041973153033	0.72314254821362	-0.365389123187729	0.513376312009897	0.0204601855665004	0.753596888208861	0.797255923300024	-0.228725945175288	0.81560513426695	0.784739116090848	0.829010607772847	0.352291524946296	0.683447860680523	0.160948228864867	0.766458347946931	0.0343213122595565	0.758581959846405	0.743047466161148	0.746416519786673	0.109218752641361	0.767223529043578	0.785481262676162	0.691720716798879	0.491879940363351	0.499955554827923	0.800638309672532	0.753911328587999	0.523632875910258	0.577442711472493	0.783382921214739	0.673835164518917	0.133202748969597	0.803000920829302	-0.00830450189614445	0.889707937447501	-0.118931546900889	0.780364464638457	-0.886222004215503	0.446696200496801	0.789185037261409	0.135231081180208	0.657122983567707	0.706421006850021	0.792305468455492	0.0909701282969388	0.754453333386489	-0.273702030818376	0.260898508579298	0.177591002404935	0.71646555017532	0.838501966902649	0.826615928743412	0.80711286840301	0.735576060570846	0.565370408466843	0.727408255642205	0.342622021174096	0.792637235672826	-0.346758412494658	0.616283749110932	0.657966285359106	0.680350514224075	0.883709124164077	-0.473350165228241	0.191079808755284	-0.590889594326781	-0.0442682492927588	-0.204301752302388	-0.512102651133823	-0.689643795865246	0.658845264408613	-0.0841834210768543	0.0396856134732337	-0.567074898991092	0.437934421295403	0.833278824439998	0.74548332524592	0.826857015545903	-0.305395386291675	0.854982053749669	0.36605740226751	0.79704973251555	0.0131704886111663	-0.410086282653069	0.757101782560434	-0.286635070219146	-0.0656462636053972	0.806992569124164	0.220995883020923	-0.420390459486332	1	0.828242460092257	0.784372935567197	0.124615700650338	0.787619376272822	-0.242066368152024	0.738066515526362	-0.289289861578722	0.149162967892378	0.682254062466302	0.774174660451032	-0.212894525341411	0.500567488056187	0.667194427045502	0.36891306049495	0.791574726021348	0.854556481179864	0.681411141734016	0.796084259509368	0.761826399851033	-0.595963767588021	0.526043283312979	-0.058093362135176	0.811948026218199	-0.278229354008766	-0.665631796488118	0.801204854626084	-0.417882421807917	-0.21794985140101	0.154850308590778	-0.646246602363666	0.202512482516504	-0.2715511115956	0.787445350419904	0.776103311912061	0.112709135989848	0.769114972173117	0.312727683082727	0.873656076450105	0.770352242432292	0.808187285272816	-0.055125207524315	0.76762179616928	0.764664561163534	0.869185321331989	-0.698363362018575	0.391602267343617
LUM	0.646907348007235	0.787555445207853	0.846539076904125	0.51694001137203	0.932235172045298	-0.153430052510422	0.669829806009981	-0.00925541697798456	0.851088943684097	0.975573750804853	-0.473401618453661	0.89948652419694	0.891185427018888	0.948554492180678	0.0209935245010897	0.774678637380848	0.485450539452038	0.949466375706558	0.152516255781964	0.950980830763455	0.896829506295706	0.753614904718045	0.279542831899353	0.838634996883798	0.923965928659637	0.726516072190118	0.201864692913994	0.664446775208869	0.949599044645922	0.900574574944085	0.55447490429572	0.566751668479836	0.604605451359255	0.854291923048629	-0.17562179057284	0.960326627050253	0.165527866738991	0.884422385569733	-0.331292778007906	0.817845562274423	-0.796868769413294	0.676262759789886	0.906930758866524	0.506345749251416	0.903006394008789	0.911943733380367	0.950853504832163	-0.139725162973915	0.857950163571379	-0.502992634165453	0.496859517985912	-0.0321415758137607	0.562985232101668	0.893679386812394	0.947821924139136	0.9791744961109	0.900776329317149	0.596100936149482	0.942062096551054	0.103487769530381	0.924936688238703	-0.292460181104234	0.841804196782141	0.677941331830292	0.769484928371532	0.936349917850745	-0.323898926868243	0.510018068366597	-0.411664718732062	-0.000785485713991577	-0.241589286552784	-0.352149966598634	-0.742342278248969	0.804539545732728	-0.395653206294081	-0.245235264716573	-0.355525109369598	0.733578883142363	0.962976403546454	0.918584940864616	0.94842152260562	-0.487521307764368	0.924182119635288	0.105719811092476	0.969070893246231	-0.126661674608698	-0.604461498919108	0.949709250699104	-0.431160349333514	-0.349675952600532	0.918434474952622	0.37799679138138	-0.1027542888012	0.828242460092257	1	0.876339807170699	0.0390880922577237	0.754313905092452	-0.332259368411041	0.928172523434901	-0.388043465093418	-0.0227537414081707	0.897165208704151	0.702598011332244	-0.260915272994419	0.595000470461207	0.872225312374779	0.406350806791492	0.794863986600531	0.905747862061481	0.729022170266071	0.916293064039169	0.921136504455246	-0.319944517875276	0.723546265585651	-0.250371695000555	0.973704110033871	-0.509075760412651	-0.695189649294925	0.967673647169037	-0.1276559844284	0.107989865173407	0.0866943940447887	-0.498294488491137	0.0341271685231671	-0.218798832680992	0.960347784335455	0.836193467957678	0.440881112336764	0.751917582274066	0.355868064109225	0.866959560913921	0.965370735334784	0.868701126380662	0.227358707964691	0.660819045176116	0.685031122656464	0.919508418496923	-0.535242369247265	0.477513234730014
MMP1	0.826425612410357	0.756746368286341	0.909031772029964	0.43917731764062	0.817252803155597	-0.257514095356733	0.846931660397944	0.0281384921998383	0.9225678182501	0.811246332562414	-0.515546853564328	0.86552754474831	0.704455321750815	0.93920019417618	0.0103719969985889	0.512150478650583	0.448328595771531	0.827919701642725	0.2136087829964	0.859177547805513	0.927615212442366	0.736470842422768	0.307955374199355	0.847706311738235	0.93354756953191	0.851742455881035	0.196957284031448	0.831536485082809	0.775166540077113	0.847657192037881	0.539363913891355	0.52528925922445	0.660646785637479	0.773947322368495	-0.137784791254326	0.930151863663357	0.28226280462216	0.839822865286677	-0.382925575605299	0.726148539561002	-0.659828316802655	0.552304384094228	0.687318341188191	0.432665514646938	0.769854220935786	0.75132415078959	0.747438529068908	-0.0549337107762198	0.934037955269502	-0.449124957801799	0.468973574938894	-0.0195227440562711	0.617274339921912	0.685982064228535	0.832412469522142	0.85595658519324	0.740374902353844	0.358193745795188	0.87221747535922	0.062896554138242	0.948099116368539	-0.127967732094047	0.889154882792761	0.668547231835767	0.7923038308677	0.840723365141386	-0.407727134901965	0.612192230688162	-0.308175985264353	-0.00710893720478793	-0.121914872340414	-0.300466543179185	-0.857382195790224	0.724068816866546	-0.507122127974272	-0.406363064112958	-0.422522450632692	0.69624702493621	0.814838234274567	0.881115344921839	0.899691187630539	-0.605992345838609	0.881669406213822	0.0616371612052847	0.925723497180158	-0.101794510386211	-0.607443225781528	0.903075925871587	-0.282105398743596	-0.427921419088311	0.889856392078976	0.576439371876556	-0.115691964134287	0.784372935567197	0.876339807170699	1	0.0722796290781933	0.898388430560996	-0.257508610568024	0.87496671488062	-0.42155968996346	-0.060691356894015	0.848325081807048	0.618257884017322	-0.288172555622144	0.539460512744722	0.853529747518917	0.244547323579297	0.715538969044982	0.85797550342354	0.708748213715244	0.944076313140016	0.876677939545656	-0.311356898717918	0.856190882226054	-0.165669917806187	0.896363585914983	-0.601428822352551	-0.691881218354681	0.847676637848527	-0.114353259984384	0.232913434649247	0.0819994769538304	-0.443174423228724	0.00728542793617804	-0.0497976756846819	0.934508977050291	0.940193420293198	0.466322955946324	0.584181876915879	0.40961293785711	0.834015350786228	0.931133968737391	0.913640118309432	0.256863052704182	0.89718203953938	0.614509436257107	0.930151593976473	-0.500557384885622	0.642367540523535
MMP10	-0.0252116281345243	0.0205580743012697	-0.012823120095017	-0.0720999887235386	0.0784767596060868	-0.700744155334421	0.102675396355736	-0.119534362742008	-0.0269103738063825	0.0163825915121483	0.266449727961753	-0.0414372767456715	0.11269886443862	-0.0201601364948769	0.172935423380604	0.0012080254392322	0.225847238601799	-0.0497166291917963	0.254658531372164	-0.0138368798866563	-0.0047622959030807	0.361811228771891	0.672580122611895	-0.0431413771860745	0.161482122145008	-0.0196222265301118	0.38530999753835	0.0312310942824678	-0.0434876430320372	-0.0297985676049539	0.195144575462132	0.353293764418134	-0.1446289219693	0.118373198230191	0.383605529279124	0.133246750622244	0.166292305622288	0.135528454590861	-0.128444771514558	-0.0562689417688195	-0.12098550249552	0.129708417506508	0.0478289819638432	-0.136511251951286	-0.0156044341068371	-0.0640472814994277	0.0341662194167331	0.280323340819896	0.033177414180904	0.0473315673192209	-0.0275253574961781	0.639374483998709	-0.0663902271389224	0.0507672588365321	-0.0404544835353466	0.14092605707393	0.0865505107087877	-0.119969786478219	0.0269656438963785	0.0774032949153563	0.00075698825608733	-0.264741096297316	-0.111501344003103	0.198127481344648	0.00863212801788352	0.168050064717182	-0.570568849660384	-0.169645451008956	-0.197400645143468	-0.0354523015816086	-0.232474360263287	-0.173866023798782	-0.114781473810776	0.081828655378322	0.159307107569351	0.0119466214468801	-0.022070361768168	0.0296642506050258	0.0566625044802743	0.0339140889429831	0.0255550581393587	-0.0729957053653988	0.114774865315053	0.674882003993911	-0.0312191029499664	0.477926882930492	-0.0794572765533738	-0.0451105678849397	-0.179173306936358	-0.345816569428217	0.0394844779675074	0.0828621915708192	0.145430735243475	0.124615700650338	0.0390880922577237	0.0722796290781933	1	0.255594158309322	-0.182074747546602	0.0299159560949669	0.130756303746393	0.600478866162538	-0.0101601679432433	0.0855757466428424	0.0893638186320043	0.0321931120232175	0.00133573956650859	-0.0704253117857119	0.469049359561634	0.0981210897258368	0.162748042555209	0.0828994829023627	0.0829038695767548	0.0699889843022236	-0.038096969640665	-0.185926274514067	0.00458437656656646	-0.0784232289222156	-0.301524949183764	0.102918710714718	0.113185628897138	0.00789575039331327	0.628751033711345	0.0725687099261402	0.881786656530675	-0.0291529407199808	-0.0353327459691379	-0.0149524419019385	-0.179029158639275	-0.0432113162491896	0.449400962050992	0.0264131810640297	-0.0160492770455774	-0.00957493005963627	0.580722523327521	0.14831571083534	-0.0554506549126058	0.0801211284757185	-0.0637763961678673	-0.242144002457334
MMP11	0.792279096721328	0.595449729160231	0.719590473343316	0.504986902974124	0.647709196187547	-0.473450326982772	0.780172510423233	-0.0393640952755824	0.887375948102127	0.642276929997203	-0.445784816025791	0.817316807373959	0.644342421425157	0.865444338198233	0.0514501482561306	0.526666684533474	0.243020988474625	0.727849981431102	0.02825748720157	0.696141057513904	0.82841196397251	0.726205713965466	0.345507771906969	0.765719947686334	0.851367094720622	0.876798423127215	0.23985461468266	0.73414406944434	0.600240233628826	0.695131583436187	0.363979563925545	0.489868493793393	0.664596411424142	0.596150109426801	0.00984374430360111	0.816969410527262	0.115624792033838	0.750186502280723	-0.288271132077391	0.555858593937991	-0.711924554036439	0.665635670561204	0.624073042322928	0.18578152774929	0.574172980027036	0.620152265998645	0.672625486716867	-0.0180662255888573	0.814830637843089	-0.223141118870965	0.276774099035019	0.0918142628665583	0.573012773327037	0.62417181695649	0.715939415684655	0.768065981472354	0.654897715821765	0.25116406975685	0.734126201663014	0.0522653338892543	0.889472740995729	-0.104971144684391	0.767578929592727	0.607773767080862	0.665720026524152	0.719079325935146	-0.574915697150944	0.405698395371927	-0.402101599099621	-0.0266856258169228	-0.240690941804663	-0.227210383249274	-0.801923473168915	0.581268049405856	-0.379652663608864	-0.372343604217858	-0.379694912627339	0.521509029606175	0.734912699230825	0.775887572156231	0.801725597808635	-0.502889098470169	0.866057600185844	0.297462584056271	0.751200925641302	-0.0158198703763832	-0.503031155633879	0.773049799544527	-0.325738201515024	-0.498882238072452	0.76402311593943	0.701290171630936	-0.080866379726135	0.787619376272822	0.754313905092452	0.898388430560996	0.255594158309322	1	-0.291857312265912	0.724585759113938	-0.299093960399774	0.0315056456071395	0.666225600798958	0.576567348970655	-0.21472910675419	0.292584500252466	0.691245631812806	0.219686804738038	0.720264197291978	0.772006579703085	0.585491785910041	0.868222446150006	0.730577362251259	-0.268207317077549	0.71858856341887	-0.226972097952118	0.751461537253857	-0.443075321100431	-0.824141999630056	0.739825619538876	-0.0433627857158603	0.178100384446232	0.127763144216507	-0.357440968636033	0.14908445028751	0.00389927158410464	0.784233257500414	0.922812071393862	0.275032039882501	0.532457214045907	0.351759682360588	0.744611783117752	0.783053754576847	0.884569003672869	0.289078499005145	0.943415747863603	0.54645611012553	0.827849906246483	-0.462308359989217	0.579245026273871
MMP12	-0.122019049216666	-0.165826265415969	-0.270568316353592	-0.238410345453861	-0.238404219844951	0.189853417513629	-0.2771692386099	-0.18208391687272	-0.389970267539093	-0.332178048466445	-0.0829374018401853	-0.354103785779099	-0.179143860457983	-0.301669199822243	-0.169078938866275	-0.131245279336256	-0.241722599238814	-0.236955746764329	-0.219674028404052	-0.228255451440873	-0.335879660287047	-0.450015697667763	-0.220824269702168	-0.236166437474431	-0.444559223371695	-0.307232190619222	-0.354624205054885	-0.149207297548196	-0.2217673788171	-0.31358550457698	-0.371724164272752	-0.301971605150681	0.181415338612195	-0.272105223192549	-0.20517050382333	-0.267651947400682	-0.0484633307382628	-0.508180008673673	0.0626768790104401	-0.280635152857293	0.426379534396505	-0.415198590250318	-0.233127020403239	-0.196922135263278	0.00711173245356908	-0.261562394546483	-0.270098589053221	-0.32642218243578	-0.275410183508197	-0.00348939554675577	-0.176516166986447	-0.182353736035756	-0.325222091357362	-0.416247470516249	-0.292645632604274	-0.323623195229453	-0.19355441088409	-0.331772406893251	-0.302592351472637	-0.394075549610375	-0.2579509193202	0.467021655020366	-0.309156594580047	-0.293201636291627	-0.149038630356848	-0.318186573745567	0.337035969245213	-0.046259456045561	0.59234919647458	0.378940310574491	0.955426891659619	0.333679286070124	0.133826557360493	-0.323084605276	-0.273141540497666	-0.0159884926706921	0.225089969495357	-0.0137685440043377	-0.305336260365054	-0.287769154962792	-0.315289804904932	0.228279347727193	-0.287127483569277	-0.293508148517527	-0.270310054942892	-0.356117664928732	0.161757456545704	-0.252663995836823	0.701824196559728	-0.0737758799791546	-0.122613974705466	-0.118549265315551	0.138241107827377	-0.242066368152024	-0.332259368411041	-0.257508610568024	-0.182074747546602	-0.291857312265912	1	-0.376782669817078	-0.284912433584682	-0.199481683337367	-0.284904160876157	-0.529261830063003	-0.137126983788314	-0.259061833796499	-0.200955014279447	-0.273496695720301	-0.379042836836945	-0.271774926303097	-0.295750613530482	-0.302789996968434	-0.305495480356399	0.163513604253069	-0.174053540320464	0.948257606440123	-0.304019271129774	0.392368089705995	0.223451952586657	-0.314221052683144	0.121887628902933	0.298074861191003	-0.243793480247071	0.209967305857016	-0.238659823960821	0.729585732558145	-0.268656814404672	-0.325739460762013	-0.255081323212006	-0.234666758725448	-0.205794627580184	-0.330464955262469	-0.334973705812383	-0.277259452196986	-0.241932202508067	-0.206728660653046	-0.213034160669297	-0.139677289760578	0.0791594790855979	-0.183108489656258
MMP13	0.675720714206689	0.916971859174417	0.898867985520859	0.435674014228748	0.940101646366003	-0.219104452207456	0.818822353486234	0.070605731759188	0.825157206922387	0.881032021431059	-0.359360407325763	0.857369638986119	0.826176335518814	0.921120838485593	-0.0190445483613236	0.618491942421749	0.519890996412517	0.800715841824944	0.398306443447789	0.911431304939555	0.927103905978402	0.771796907098972	0.307182669395287	0.856356097129786	0.945474592834017	0.653876507874102	0.220777874946034	0.832773797509697	0.855690519298723	0.939294720227812	0.528531500993603	0.613450679594466	0.462391161925181	0.924238242903836	-0.20299123018012	0.945350663953958	0.186864326286653	0.87759016850243	-0.296505913073338	0.83191238267974	-0.711147319848243	0.593474808659975	0.824438609368842	0.599827555375826	0.849048385088307	0.817283002995918	0.851766799915316	-0.0884500550452226	0.929339429993032	-0.591733466492697	0.482022424864872	0.0181871382504195	0.466703365844706	0.844023596832718	0.92369204722443	0.914811876684425	0.818129915338654	0.492920851557398	0.958595268084631	0.201007718608868	0.870068940566215	-0.260925564463876	0.862616149643736	0.77675828024445	0.875340773359855	0.900643588359138	-0.29956039753625	0.632178513068902	-0.435618428668966	-0.121241008990709	-0.246727516396247	-0.343418274494149	-0.755032297271858	0.936953497490521	-0.369137709392483	-0.333180177315332	-0.287796063675217	0.682221867786943	0.908673377347096	0.953602657375159	0.951429352163287	-0.469381942310409	0.915774797343742	-0.0235698684880406	0.963646507264538	-0.0747228157308754	-0.565849169741251	0.929955772870577	-0.429501962774047	-0.249359052189017	0.920214150612043	0.370001890914912	-0.145124584523732	0.738066515526362	0.928172523434901	0.87496671488062	0.0299159560949669	0.724585759113938	-0.376782669817078	1	-0.203887323179046	0.0520484862414331	0.980133289247524	0.698954891762988	-0.195127580482267	0.512301319912617	0.966834178925829	0.338925353798157	0.764799354772804	0.931074547695575	0.635737216189397	0.952021746859146	0.972743231628913	-0.386795185680007	0.860399991336437	-0.293174213717553	0.936325215801086	-0.576451267375944	-0.629977085152992	0.930560584818406	-0.179218537295989	0.0842019482597021	0.199406003782478	-0.35472503680277	0.040866752992529	-0.315681737697629	0.956445971334293	0.824132937659688	0.446273247621016	0.753622198424429	0.551851336561883	0.905910115157363	0.97012708799747	0.77719147455641	0.286129080360574	0.643073549527766	0.719610209788712	0.919482277989702	-0.54822621276529	0.390675849330697
MMP14	-0.293406865702446	0.00711121121239851	-0.366720890439748	0.0760619271265013	-0.236335518328531	-0.282650154711403	-0.131800370929809	0.0745005582571422	-0.342260179312607	-0.430797139119712	0.570318028387713	-0.411485635025005	-0.320280996734062	-0.322848987481446	0.0945406907842933	-0.171009379086937	-0.122117093667957	-0.474963246767679	0.258821163729254	-0.371869181680932	-0.293480643217583	-0.251627663018104	-0.179982294716824	-0.25756565300456	-0.299512493919128	-0.406978456299677	0.453770144875009	-0.0997365701488082	-0.405398856593599	-0.179764413497944	-0.457219314368657	0.118680919126123	-0.456027332555327	-0.0713392251348551	0.269049908928054	-0.352150879061133	-0.207465115225375	-0.203345733427034	0.675350664662948	-0.186258458419374	0.104003561778658	-0.161005940766286	-0.157294320335058	0.024415035322203	-0.430100662094197	-0.336156844505434	-0.265188945918281	0.571473832805481	-0.151184025638922	0.154996775597818	-0.274646654613317	0.353378728494013	-0.376334037970158	-0.263759426162805	-0.225167033221864	-0.347911312105335	-0.239273689672808	-0.181875382153492	-0.252634628741136	0.33387808039869	-0.42598836201727	-0.0554370318463516	-0.400093253720313	0.00597248443281286	0.00624284889086137	-0.346180116527424	0.040427559855885	-0.277493492650389	-0.16077785437612	-0.178272477280237	-0.307803850509624	0.316353604956984	0.485146087700144	-0.0265529436553309	0.75254001197355	0.25287116628209	0.210405362242096	-0.476502940695409	-0.228587595980581	-0.188580167055257	-0.27586114765539	0.139996657861144	-0.184700488871681	0.0468446087565893	-0.370330679493751	0.698298532303167	0.269601979115734	-0.293283920158899	0.14626339665734	0.503269448719985	-0.359530055868054	-0.272307024261927	-0.110436048254478	-0.289289861578722	-0.388043465093418	-0.42155968996346	0.130756303746393	-0.299093960399774	-0.284912433584682	-0.203887323179046	1	0.523177354271013	-0.168981348749761	0.130732852387452	0.350389203368386	-0.465981265576397	-0.168858670717653	-0.175889429414762	-0.0532970721336959	-0.180688537988288	-0.544288957979174	-0.268724037683903	-0.194388667237319	0.0281340159885225	-0.125900634968292	-0.292299164935595	-0.382562321635132	0.243054267805166	0.282185637274509	-0.298293263695944	-0.120913722181826	-0.378753810772565	0.445457320559419	0.439734884114558	0.244019970478295	-0.40818182199761	-0.378473766189337	-0.316765723393764	-0.184691449158741	-0.182665966404195	0.374434624173318	-0.176944702461942	-0.333091548935107	-0.48370075011618	-0.0373959372571914	-0.286696495065033	-0.00802773161888186	-0.338073143914107	0.085052345573699	-0.45428526593268
MMP15	-0.0753087791742852	0.11205568307901	-0.0442573965906425	0.168421662640565	0.0455312896049437	-0.610065478424597	-0.0868124327911187	-0.035425229004091	-0.0167319346823516	-0.0290502436612035	0.466466324910289	-0.060209233084651	-0.0283956622434365	-0.000248160651289033	0.494684648278451	-0.0335766654630984	0.174357525070952	-0.0981065396064085	0.408945476364569	-0.0167621766632171	0.0421706193033715	0.0777507936765262	0.0145828556770599	0.00819772868231993	0.0194271253255388	-0.0225040665313012	0.700837994399393	-0.00663279463643243	-0.0155383525308031	0.0588066167097371	0.046481071088447	0.630617925104445	-0.146049834085967	0.258799086604578	0.560191267384726	-0.014213952069809	-0.15225864518976	0.163741377654846	0.233794068278199	0.0510025023854819	-0.195870604265711	-0.00562526323562772	0.0465677753929927	-0.148518613473346	-0.073296331780669	-0.0564479523428123	-0.00556942096969949	0.501125094565767	0.0477199852527037	0.11445966586743	-0.0539959932449637	0.908999259532169	0.142404448031664	0.114134642127459	-0.0102259454587181	-0.0240377539606573	-0.0464361284555459	-0.0601360802796642	-0.0016139740521716	0.509885526994854	-0.063092603691303	-0.273365042099359	-0.143528880390125	0.338550667375079	0.0783448163700171	0.0930802612039688	-0.554180252976581	-0.154837475110817	-0.347883095509213	-0.221207316123595	-0.235138689389121	-0.176149828645568	0.0414402877948663	0.0953979792494628	0.565477811312933	0.268230061111455	-0.121228427236234	-0.120948317664605	0.0243746150726291	0.0124580737047836	0.0146839743381343	0.0157565954429455	0.0643491360154022	0.632334735396065	-0.0293241245458296	0.790150715930114	0.026749737382355	-0.0598111679611305	0.027334866197626	0.203082774839237	0.0293917272605612	-0.148651515931009	-0.144137329502765	0.149162967892378	-0.0227537414081707	-0.060691356894015	0.600478866162538	0.0315056456071395	-0.199481683337367	0.0520484862414331	0.523177354271013	1	0.0233305096466965	0.262842880721591	0.0291300486387031	-0.0108591501121976	0.0259178485367365	-0.026289066905449	0.500756698067002	0.118375956111781	-0.0485108731676554	-0.0270756316161655	0.0901835600975695	-0.210090604489311	0.0193732889308606	-0.133815076973356	-0.0245600956055806	0.0690064737258795	0.127235009812856	0.0568781881492564	-0.180378098640625	-0.340276977996809	0.949161499725384	-0.0100375540944799	0.777498062154547	-0.259083497684173	-0.0282025854855419	-0.00513852413604865	-0.270053937073283	0.0450212097918004	0.72564382095653	0.0684631619969434	-0.038101940224681	-0.0541974949280629	-0.0532331189271628	0.0400191609724123	0.111304441242587	0.0492925941056362	-0.187101093269674	-0.150105983346756
MMP16	0.664093273650963	0.961505765525562	0.904129242423249	0.413225430043086	0.950997237321929	-0.176956031435783	0.816344008785137	0.0555507889386627	0.775051097288374	0.852444715885503	-0.345364536303793	0.771215737761634	0.7839042271099	0.888204503833224	-0.0807007107823062	0.589306665098984	0.598536767629661	0.761283805151247	0.462023807616477	0.887867421086034	0.888097896994043	0.721721174743675	0.289784625074753	0.845694163146462	0.9059228644298	0.580152316787782	0.200362597725607	0.86700633089402	0.851687369972024	0.910151721435979	0.468454986243272	0.594875261677676	0.440135205795937	0.948010553325825	-0.243922285636476	0.935733145273145	0.179654300933864	0.83313538346379	-0.206464994101477	0.809890221475229	-0.664390810279219	0.528335127027135	0.806004223110921	0.636659191376583	0.878651927051305	0.786427113132219	0.824301680838153	-0.0691395224650481	0.9401449671502	-0.588007468223391	0.454975758735325	-0.022810287532516	0.384227595647017	0.774512602679282	0.899902393098889	0.884317581235109	0.805351883476843	0.450963073560391	0.942073303512912	0.119598735499663	0.824545169944349	-0.21147653081552	0.818243922517224	0.774670616669365	0.90681646790186	0.854891816198578	-0.204688184488107	0.642874585711001	-0.367578018051626	-0.141475545267463	-0.149259297878889	-0.280316577500604	-0.711817540591552	0.943458680626578	-0.382694248553441	-0.396316570410687	-0.18903067334685	0.682596996017073	0.882787051485378	0.961345175290168	0.937348643873487	-0.486596599912464	0.886138065148923	-0.143916499143033	0.95469607009154	-0.0694014844950142	-0.546738639008754	0.91660393913381	-0.289065404856542	-0.229272347235769	0.918850466366983	0.363667570142051	-0.0624394693677004	0.682254062466302	0.897165208704151	0.848325081807048	-0.0101601679432433	0.666225600798958	-0.284904160876157	0.980133289247524	-0.168981348749761	0.0233305096466965	1	0.64708682365965	-0.226386447646639	0.490736558061928	0.980998832183843	0.31899512008049	0.713403128244993	0.914218886519206	0.611278074528603	0.928371228384093	0.971900643918732	-0.296158953335874	0.879383993486885	-0.2256051648468	0.922472224011327	-0.606020799386984	-0.6034291644925	0.902761834825334	-0.109980822734664	0.108004584695831	0.167257643323737	-0.22436542562499	-0.0401494465358943	-0.239902403108436	0.944114772472794	0.768889440875895	0.431187813454106	0.700448485903124	0.569430742379493	0.872201879555451	0.950244186689865	0.726345698239104	0.301499932208919	0.601503675961116	0.68156254033027	0.909765085364045	-0.535077697130757	0.345038583085362
MMP17	0.289233600560231	0.637373146658289	0.469349090572622	0.650707782234725	0.653234747514031	-0.265775285373083	0.496930997989828	0.154634212001311	0.592313434798388	0.666587353620977	0.0404030463880573	0.678483156732779	0.707232102942023	0.693436445378828	0.209498980731051	0.675383985755142	0.156023647964371	0.622749593659562	0.121513725872267	0.630734042256037	0.593775927900227	0.63815168698893	0.0497321013442169	0.705102843392804	0.652301710522272	0.453945602722634	0.555045232065742	0.423879808762348	0.649501050191352	0.746312203852755	0.513495952277144	0.536261039573301	0.501669775882719	0.686385873430411	0.250914813030941	0.641580559444777	0.296866469140242	0.81870125343744	-0.095158514047931	0.759999921191084	-0.655988552719829	0.461063155201702	0.776827428239728	0.456417132008979	0.520963043109183	0.638659548614933	0.744145951859905	0.279637077153569	0.695355977128776	-0.476249863811654	0.162375393156828	0.287376670254512	0.538933475834094	0.698682909945106	0.814818597288973	0.705647388620269	0.718436373343553	0.657485538431156	0.648385631442061	0.442691597649121	0.601007275875463	-0.255564421215824	0.483251419116081	0.705205836242764	0.732965886810654	0.726822633962177	-0.353995666666565	0.317885903857788	-0.482925901753298	-0.0452856786111551	-0.399004683526139	-0.28440551012013	-0.477213285738026	0.680348723037362	0.168014508294036	0.153656521871084	-0.402430680892894	0.248479991688429	0.786678492233616	0.68908347187492	0.73777026959225	-0.408420929669646	0.753309407170018	0.31533420566789	0.680586473555726	0.336854242805397	-0.396705204203799	0.680367427168568	-0.39050238182962	0.0642001984309487	0.647010172650659	0.0241625972500461	-0.442091431786834	0.774174660451032	0.702598011332244	0.618257884017322	0.0855757466428424	0.576567348970655	-0.529261830063003	0.698954891762988	0.130732852387452	0.262842880721591	0.64708682365965	1	-0.00107530927605299	0.328032072755338	0.603823039996849	0.474798175325439	0.771414126256752	0.774426196238139	0.418145152061849	0.670334326098447	0.703957398654233	-0.490723023046546	0.44285769251423	-0.364076651129845	0.689320824362874	-0.318843139358888	-0.350896566851222	0.694706624839631	-0.435526328135407	-0.181477711730366	0.339890098106068	-0.574900670178073	0.254221058512612	-0.565598049683096	0.631839382738199	0.61943617902083	0.379258412886134	0.729447607789492	0.485478202982469	0.73210180292337	0.672657472357689	0.554603088778808	0.0165064109642638	0.574565263248332	0.783726289840304	0.69151677252619	-0.518914244445676	0.309496820330609
MMP19	-0.23693965073743	-0.15894631505407	-0.318583780051681	-0.0700766901032668	-0.226178924089574	-0.171484897967013	-0.262365771205774	0.661932501964158	-0.357610553737038	-0.254461030820168	0.204668367523506	-0.21081154437868	-0.09366376420636	-0.308403970890483	0.190573311243881	-0.046001946419579	-0.163708305503478	-0.33097277386116	-0.0609065441639884	-0.160521713111912	-0.19664352632706	-0.0862536437360075	-0.192887849784162	-0.233529999302975	-0.222079806064059	-0.288964165943258	0.0271809774711026	-0.255410584979161	-0.311422444034832	0.0305519470654974	-0.310416406836228	-0.0424962187371274	-0.410697494280057	-0.301998937356433	0.0201560921618822	-0.22629836897974	-0.0952972604090637	-0.190490156389621	0.140846624150516	-0.2992740316297	0.197601583744492	-0.0845322444592852	-0.120061445726921	-0.238210294596089	-0.292915860764292	-0.102544597877793	-0.150697491957999	0.238366257292716	-0.271093255484177	-0.0338703755602159	0.126201341802585	0.00971692489951787	-0.381445119310493	-0.0692109755441809	-0.249142814725418	-0.183499056902289	-0.0554087781259329	0.178040459372597	-0.118286727408586	0.3228505181025	-0.299743791950069	-0.382259040701668	-0.320895800011478	-0.178214916111802	-0.224185055975817	-0.0960852989599104	0.139768730118924	-0.234790569030423	-0.225825463319058	0.149621743311305	-0.168936337156736	0.0495087749563495	0.234504685053739	-0.0709120271390545	0.362402434735604	0.232726235584767	-0.230398294911648	-0.0521012957918535	-0.105809889505021	-0.311771384500634	-0.322900918455856	-0.0542739631584656	-0.18468685690306	0.0958730450592503	-0.271637815778709	0.119371172375369	0.634468410504633	-0.157911229295629	0.00767830493316184	0.185868937081645	-0.26497404169494	-0.378413970694089	-0.158188928143654	-0.212894525341411	-0.260915272994419	-0.288172555622144	0.0893638186320043	-0.21472910675419	-0.137126983788314	-0.195127580482267	0.350389203368386	0.0291300486387031	-0.226386447646639	-0.00107530927605299	1	-0.105133620243716	-0.143694163690056	-0.190004446517211	-0.248264118876379	-0.143092765020055	-0.506470951069627	-0.197335647498178	-0.205896492313662	-0.128428599360014	-0.184295656336838	-0.0812873124516878	-0.376978340844866	0.0696549274438945	0.127861089233798	-0.109662634340942	-0.108535350965227	-0.27807745149888	-0.00757941710271009	-0.0087660925370293	0.19356938076357	-0.271482200362568	-0.324274120042497	-0.273029942656166	-0.363381995839134	-0.0499398224331335	-0.104597850600125	-0.0646060201917379	-0.245433894243909	-0.417858112322929	-0.019249516143448	-0.311621757441084	-0.0276277769910643	-0.262093062390969	0.131637110447165	-0.424075248906061
MMP2	0.4083980932751	0.314754694005082	0.66826437632359	0.1669131468002	0.614739407392534	0.178219898968527	0.204043272514954	0.0578852024396171	0.425623098986019	0.730852985379324	-0.134785379574306	0.480493077006557	0.343444078989684	0.459466110281397	0.34224652100152	0.179818325304756	0.427336306368769	0.535376353396861	0.193218894347791	0.664762776333352	0.558039234476293	0.494900777460807	0.0461537728256189	0.421305871338855	0.54987767561076	0.438662080460595	0.344772919813882	0.217227968761034	0.636874010719585	0.544419050384025	0.681244786574156	0.280679167565864	0.241575671792766	0.515124969544969	-0.000978499885088149	0.57162348318997	0.183523658215493	0.650097862111556	-0.243482359069465	0.610989017715851	-0.438769369889937	0.196585140063055	0.38625117568095	0.125311509958282	0.520421019559558	0.614632822788477	0.444499735547332	0.0295397980294599	0.447013266809803	-0.214814111468635	0.738562542266504	0.0478469486255989	0.54245240124145	0.600498188009415	0.421567805155486	0.518200198827146	0.403850909538953	0.478918990002328	0.544352482947551	0.0514614178468578	0.464294808913984	-0.689097907291737	0.41932078570997	0.338407302659927	0.294732867847905	0.67587473686727	-0.147817597544896	0.11663791029422	-0.447154223676879	-0.166380267963146	-0.196285600607681	-0.635036554632607	-0.382911947251311	0.399697618185838	-0.211109373857242	0.0888328840655078	-0.65499106004193	0.627145868472628	0.468717798119938	0.375147818500527	0.42388248073764	-0.270787663275614	0.338820732160865	0.00745050855918035	0.60831352649874	-0.0213075534375302	-0.277687041682153	0.512350101693903	-0.275293728820558	0.0296763667340447	0.563223193151745	-0.103438542773474	-0.219045837158387	0.500567488056187	0.595000470461207	0.539460512744722	0.0321931120232175	0.292584500252466	-0.259061833796499	0.512301319912617	-0.465981265576397	-0.0108591501121976	0.490736558061928	0.328032072755338	-0.105133620243716	1	0.464647862327788	0.195085480865138	0.372463274249093	0.540981014002024	0.695440905365902	0.437948419263712	0.586070541259957	-0.364489040143597	0.403180216052873	-0.0932078856341619	0.552435549798497	-0.5244510696922	-0.181063947055187	0.589693008268737	-0.297188739821128	-0.256626622939152	0.0392106884338878	-0.517023120986455	0.0632834977163407	-0.29955992131132	0.574968600091172	0.381817103293618	0.124126980549021	0.324748233649474	0.132469148870144	0.605700692743051	0.578633735303383	0.490513331427957	-0.0949686318639079	0.302981256330947	0.432146729611535	0.544384874954847	-0.580048195450652	0.226978111751673
MMP20	0.733379486143805	0.960729352749326	0.900334673960849	0.373780678340405	0.941040892648728	-0.221076630365693	0.824370293536697	0.0512462642304019	0.759789048261984	0.815492426894168	-0.385579013491683	0.78021081122275	0.782542769804732	0.882480746036358	-0.0787974795027789	0.589060970273946	0.536935890961824	0.747388620169871	0.41344039765187	0.907054747387333	0.911368414906175	0.699676037560411	0.263060634121672	0.847171760182803	0.895466319811432	0.604064494323089	0.182785966119115	0.883587166415016	0.804494251398559	0.93524296082804	0.38379234853552	0.58792004001991	0.4562835803405	0.915181846778331	-0.26296409233756	0.934003674246341	0.170208446067142	0.781081288311454	-0.207009152965658	0.779716153401832	-0.625783649171159	0.541708919541961	0.797167315216195	0.605691147486964	0.8699859636183	0.804518578364912	0.811765834494609	-0.113010439321916	0.935767435619736	-0.619244282437419	0.530377526425977	-0.023400377024744	0.339730220099099	0.754573033288174	0.87767408990548	0.872117270337082	0.812654721423174	0.390178057442146	0.959632653300981	0.102320202196797	0.836961962524316	-0.205409468664171	0.816632359847606	0.759470079592572	0.911813208810914	0.849385005369096	-0.186991863522115	0.660227140096358	-0.341095502752153	-0.0603682131756719	-0.0743195761395689	-0.221839707359077	-0.726878124871867	0.931337753563508	-0.40918363265091	-0.400131933110919	-0.256190081159289	0.74408855198006	0.876217383022879	0.935001501092492	0.901746790781386	-0.492649558708983	0.892080291179958	-0.140633460710947	0.936018736134979	-0.094216194593408	-0.533543526115838	0.931794098385704	-0.239430638227124	-0.260403933273922	0.929373035652922	0.370534595251391	-0.0920098503081719	0.667194427045502	0.872225312374779	0.853529747518917	0.00133573956650859	0.691245631812806	-0.200955014279447	0.966834178925829	-0.168858670717653	0.0259178485367365	0.980998832183843	0.603823039996849	-0.143694163690056	0.464647862327788	1	0.251759987706575	0.693090892503345	0.915117749322896	0.525096169719823	0.937634925658927	0.966827807871209	-0.330210053960578	0.924559486841376	-0.132783512539506	0.876823274790608	-0.547223644002507	-0.611888769622872	0.908096222581253	-0.137277294752482	0.142710580371967	0.16797039307911	-0.232545772832465	-0.0257851893149848	-0.187096150672302	0.928163923152621	0.783215945345442	0.400065496028711	0.686063179783793	0.573289493011894	0.881211519816486	0.943645666682927	0.711556373298285	0.281730921714296	0.620285149460533	0.710533808089499	0.920233371658093	-0.557092863327737	0.323430689304393
MMP24	0.0482079672837016	0.244794863457116	0.249223223862377	0.127121244544415	0.320235927508501	0.0404793343364825	0.0707115832376448	-0.213954889208176	0.23678831727387	0.41110835149275	0.015564568844285	0.387454996726914	0.443049861073908	0.308679611648431	-0.0155762729213847	0.399591149713399	0.254714642798959	0.356982485574316	-0.0291269374740579	0.346713241818716	0.249632716698586	0.573351640657261	-0.00436232784965115	0.643259301256955	0.34548339461581	0.159520398555997	-0.0500190466360682	0.0767578203763904	0.407072567611166	0.298479780481132	0.468945890619599	0.189713056647018	0.266217366620439	0.316465352954539	0.529854304954218	0.329767113084145	0.121710646969102	0.384430723639996	-0.293579151883082	0.350526432642415	-0.25437307738287	0.439548876962506	0.416167328744709	0.167734135474425	0.331125495190595	0.472122358145167	0.434118214494046	-0.411042591267545	0.241100879030175	-0.216930063550155	0.0597690514774919	0.253769737792243	0.376195027078688	0.44818224553609	0.403930865532953	0.438759894493878	0.334514538516738	0.286681885138627	0.333610870432657	-0.0577706055470106	0.249835561450912	-0.0784834126157027	0.0876522448147082	0.668492711522742	0.272374355730452	0.366236040208554	0.133364323995023	0.388762019468894	-0.270528803814433	-0.483828553273273	-0.265784172852575	-0.424447088333719	-0.295999889453666	0.378270687925661	-0.0482725349921889	-0.255726011008128	-0.031222757963359	0.170478973356725	0.418559635150382	0.303737848149132	0.398487090219605	-0.137976983456412	0.306902445731292	0.217825907251454	0.350416437066959	-0.152602908517993	-0.310191208244587	0.302868436488991	-0.240198184996972	-0.0269931992305548	0.447881375866853	-0.0305753812204242	-0.0273584341164483	0.36891306049495	0.406350806791492	0.244547323579297	-0.0704253117857119	0.219686804738038	-0.273496695720301	0.338925353798157	-0.175889429414762	-0.026289066905449	0.31899512008049	0.474798175325439	-0.190004446517211	0.195085480865138	0.251759987706575	1	0.391407019284912	0.3525635177441	0.255640678896589	0.271337380923118	0.367342244864817	-0.130586041855871	0.0825636067838064	-0.270411992920783	0.370634794279161	-0.323356607151089	-0.0717427624074508	0.435403083643827	-0.0502864205373408	-0.0611835171816914	0.00378710374292338	-0.286954797544662	-0.128325690321541	-0.261317298776861	0.313391183291806	0.212188002030289	0.149845658273456	0.483844444425759	0.0314003027610783	0.275392883545834	0.377592383042552	0.27519108977331	-0.0342644232136198	0.139901417892273	0.406844738079748	0.325431946905873	-0.296438077839649	0.235881522629648
MMP25	0.466725356592241	0.689333050415319	0.606599525451568	0.508458531818655	0.752125534385496	-0.561442168117736	0.575134989611236	-0.132531017727437	0.67508182313063	0.736229663870311	-0.0907470278832889	0.744533360409617	0.753822586648964	0.772241584141583	0.134294431823602	0.666210698011468	0.437259536620374	0.7273102998665	0.238260564873357	0.737419555324495	0.711857701122761	0.731528635831677	0.37679016954884	0.727777350272177	0.78266819233457	0.569502051000181	0.502627595697995	0.543940918095336	0.69877265634624	0.719232678673754	0.484853887721278	0.812457476949568	0.534128017966743	0.792545345854724	0.253018081898982	0.789496514850515	0.198981148721169	0.802382199079782	-0.248500538772471	0.652015700272904	-0.722879831756603	0.590269063340614	0.786055738342205	0.357044840027837	0.685355555305625	0.694836792017585	0.790793486855022	0.152585000885154	0.726352912267742	-0.440708660395349	0.2870141669844	0.50627823748828	0.486083478080891	0.72718110918658	0.787098564881232	0.810548937716202	0.759907186611367	0.36372294413491	0.753474562451853	0.28450577606364	0.732450460529034	-0.250183322045791	0.575471959958782	0.783617191806463	0.695628928088673	0.814125979571946	-0.600135488578859	0.384637641692628	-0.435096281927785	-0.039477621922758	-0.302155762808592	-0.309273818421584	-0.689933577392651	0.691044519313543	-0.0735555529858964	-0.0884220936620658	-0.312897099619281	0.507614060886973	0.814086367395859	0.757294378878408	0.79323597877507	-0.484449167661637	0.827241878971007	0.548069863848682	0.750070375628262	0.309831187636168	-0.606964557868424	0.74172320673101	-0.388675434649905	-0.286678189142935	0.767002540775498	0.295470061490672	-0.108991858773397	0.791574726021348	0.794863986600531	0.715538969044982	0.469049359561634	0.720264197291978	-0.379042836836945	0.764799354772804	-0.0532970721336959	0.500756698067002	0.713403128244993	0.771414126256752	-0.248264118876379	0.372463274249093	0.693090892503345	0.391407019284912	1	0.787063048398523	0.534222965592715	0.746918822343109	0.781126369185675	-0.29430275239139	0.56321702411589	-0.293083776672402	0.7676696882929	-0.382886529023055	-0.564782065753155	0.812470711212569	-0.145543111859517	0.0370983336810494	0.577271016681741	-0.428801664856614	0.504041346540744	-0.247053874835899	0.733095435208892	0.690431226763453	0.271886151728357	0.701062749025065	0.674215035175483	0.715785241512168	0.751337239886051	0.675244945643947	0.289368378793274	0.649759803705326	0.59952301380763	0.78872447769961	-0.462219441497539	0.29907215340253
MMP26	0.659914702892345	0.874666129859482	0.832381600008155	0.551154415058774	0.937977696666323	-0.234778067304368	0.730272191158187	0.0711204955392704	0.786142388088112	0.873720333103063	-0.222397750937887	0.823489035788949	0.837041278202684	0.904542670291792	0.139025968053774	0.680569548333986	0.367945719521721	0.785208382242664	0.276799934195416	0.891458010819994	0.882638775334156	0.778364711449221	0.194332689302397	0.866126443630156	0.884566454038236	0.658700442526406	0.400652444791802	0.754980973240155	0.862976045134222	0.924052371983468	0.543459113738744	0.562406531015639	0.571950334203539	0.908557522738818	-0.0644521344352893	0.922162290785496	0.16866437779441	0.917555129547088	-0.182226180006055	0.890130985865003	-0.774063843702828	0.593120729844757	0.869165937934224	0.450490009951874	0.826799334119058	0.810657268081687	0.866309820274246	-0.00574899977615665	0.921149334152212	-0.499057665280985	0.42413697554714	0.125037694982563	0.53717523960337	0.869093426609674	0.919267002680301	0.896124578086024	0.835006157919692	0.602475946320825	0.901864556463839	0.177886087524788	0.83975403723538	-0.348479146000951	0.749015821617279	0.796782558368633	0.896192786137036	0.913763858123276	-0.373208127984087	0.449690953690576	-0.52696920782479	-0.117132825671194	-0.17811207181065	-0.382059415220888	-0.702175072660843	0.889867458797333	-0.248961377716187	-0.154689373619035	-0.396203391906367	0.6172250635565	0.925483534664409	0.918095685401509	0.926890061212046	-0.391755826939328	0.930888064800614	0.0624581764446641	0.929727269668472	0.045154661960634	-0.459696200107492	0.899608787564317	-0.331971727284543	-0.180436179911999	0.947256624893683	0.283249689667296	-0.258774016965931	0.854556481179864	0.905747862061481	0.85797550342354	0.0981210897258368	0.772006579703085	-0.271774926303097	0.931074547695575	-0.180688537988288	0.118375956111781	0.914218886519206	0.774426196238139	-0.143092765020055	0.540981014002024	0.915117749322896	0.3525635177441	0.787063048398523	1	0.651453786917356	0.923970164408185	0.96631076503679	-0.484013848091153	0.789829361954918	-0.141283157810867	0.90457109913478	-0.500412302897258	-0.638873615615531	0.917566774924123	-0.287345147215285	-0.0636947962111457	0.239749401636959	-0.413500169428511	0.127926468895841	-0.29981130829929	0.915178008605441	0.805135931730434	0.290156115256287	0.771775534034821	0.556245887686336	0.952758236337731	0.916347145346241	0.780041180039605	0.136856309282938	0.701846095023772	0.842483390359223	0.966374932751891	-0.747270728867359	0.332969143931576
MMP27	0.417144857290866	0.433175463530476	0.726726209658646	0.386212219175041	0.656992155213669	-0.0145936586044097	0.482615183455548	-0.0581567155568055	0.700797291907447	0.77993694061994	-0.322688301229547	0.567972755276035	0.537620117360399	0.671480155475668	0.26915536072968	0.297493614603692	0.409211042215514	0.649581494222602	0.301287510189825	0.595940476367312	0.616729411030251	0.65560008470322	0.398789150683972	0.517693983372811	0.715187382722293	0.594668700087766	0.271471952747947	0.461239640407738	0.788818057165706	0.511810372732555	0.809142454786378	0.254968515695073	0.403492995922935	0.630429155661247	-0.0815716553452271	0.694910273572468	0.146777217386327	0.778939345669711	-0.305435544493079	0.717162251101379	-0.661541213738162	0.292447216994557	0.486177033290509	0.234299836431681	0.583399258887614	0.48926034777073	0.543583624624456	-0.0527541787102488	0.637546172419549	-0.0680678983835345	0.238604238049471	-0.00952881949677166	0.720857434787868	0.663607389632308	0.612823466712208	0.670400903356529	0.45161042995458	0.498967496085645	0.549542619186543	0.0556081819944923	0.651648924324222	-0.335457735703565	0.649449179988944	0.415161717293593	0.462884573807769	0.698748896112334	-0.426399351408607	0.183800886270944	-0.398846058828093	-0.258126883205832	-0.24991574858034	-0.636670545370777	-0.49070068521567	0.519081457060276	-0.320775793392218	-0.156383266920359	-0.284363658687199	0.366667999883787	0.56717440971061	0.657155122454635	0.710899520519544	-0.118106265382276	0.576307266661053	0.0746491816059727	0.719011012547549	-0.0869438400265332	-0.41700221255765	0.547879198986256	-0.363395370406738	-0.235295610449494	0.635625647196726	0.299321637065369	-0.151439971564646	0.681411141734016	0.729022170266071	0.708748213715244	0.162748042555209	0.585491785910041	-0.295750613530482	0.635737216189397	-0.544288957979174	-0.0485108731676554	0.611278074528603	0.418145152061849	-0.506470951069627	0.695440905365902	0.525096169719823	0.255640678896589	0.534222965592715	0.651453786917356	1	0.653320532784937	0.647263420003637	-0.32414818355583	0.431822883369526	-0.195497004025544	0.793036014135986	-0.4633947319347	-0.550025864486501	0.602588464110542	-0.175013179300618	-0.0733028462854069	0.0400445093738576	-0.412832938970088	0.113630763383338	-0.194678639406521	0.738710273372485	0.610028529208425	0.296824493200616	0.359105942130341	0.195173316701429	0.62617747490872	0.676354112532643	0.764619033078438	0.192167593903895	0.57661097834016	0.426444406388459	0.677305911409866	-0.547873233097413	0.484740737476431
MMP28	0.76266714815205	0.866292400177939	0.891292918895005	0.502128949562986	0.889913957864644	-0.322853275945644	0.868583330706912	0.032244761001169	0.888728615460982	0.837565353796569	-0.493837924613666	0.865086000363785	0.829251031361681	0.954071177786266	0.000810017256017391	0.628570703902767	0.42696856724418	0.817837899459533	0.288533449462339	0.885321215866988	0.938176399741353	0.795195638754195	0.363732216780792	0.866446594332999	0.966722942426789	0.760350751951083	0.210288014238532	0.867001935310108	0.823548522455227	0.914459339480582	0.46334693287623	0.542999232431393	0.578370873402983	0.83986383269967	-0.200403081069564	0.964370574441539	0.169602373598472	0.850492063274046	-0.267371778306524	0.790094240862493	-0.742151078986945	0.601793011470282	0.804564530265408	0.518203548347586	0.804978993949427	0.789119651611026	0.834624222192392	-0.100650733231268	0.959103396141973	-0.497498606971586	0.433990011075402	-0.0455561073881522	0.509655964825043	0.790703991945673	0.912042413001477	0.925270415209101	0.82078479621396	0.418814156763851	0.938913384094964	0.142311092326042	0.932551021333139	-0.179605470368015	0.885852092832206	0.719521744263567	0.876717808041077	0.884106448460114	-0.33754782604949	0.591389703415358	-0.396707374340512	-0.0349029425170217	-0.196342496898123	-0.287788289701789	-0.783567910700703	0.873653190159623	-0.405657385632022	-0.397397491041955	-0.336173230519271	0.663346740080931	0.899920094209654	0.955913941771819	0.953893273848153	-0.478999890680409	0.960700786057022	0.0255718575092483	0.943135010803365	-0.113819096373731	-0.573315748624934	0.935288317085515	-0.336491102300264	-0.358599549105985	0.914689785163728	0.503902661959446	-0.170326199754862	0.796084259509368	0.916293064039169	0.944076313140016	0.0828994829023627	0.868222446150006	-0.302789996968434	0.952021746859146	-0.268724037683903	-0.0270756316161655	0.928371228384093	0.670334326098447	-0.197335647498178	0.437948419263712	0.937634925658927	0.271337380923118	0.746918822343109	0.923970164408185	0.653320532784937	1	0.935282864298513	-0.385525924033069	0.873572730632132	-0.21518914700478	0.923210623873804	-0.49797793781523	-0.774536235187651	0.909376248704732	-0.177142379196192	0.149733620079501	0.102244064811838	-0.367828609867617	0.03784246693597	-0.197278650877833	0.952423119919089	0.908821145503599	0.440981760748953	0.67531360783877	0.458680666343159	0.899979142520513	0.961478930531731	0.858322365022578	0.327531067221987	0.800222007365488	0.721274919972371	0.946170970113659	-0.558404339775542	0.484320843851175
MMP3	0.711974522881527	0.920777901880083	0.912506220043322	0.423518103407402	0.975850884400961	-0.202300843667938	0.783925576838591	-0.00834648450059781	0.787450263481458	0.891842728247563	-0.279727852854134	0.819142090564714	0.802306452514566	0.903548303295436	0.0130025084927875	0.619903217860299	0.531623932148287	0.79564211334029	0.372317210174512	0.931723344924236	0.916303730556424	0.786629430420235	0.273082354115153	0.88370281160783	0.927242248576775	0.642335366882741	0.314441479817425	0.814902547384343	0.861521536292238	0.930582996261727	0.538626818935948	0.598928703352562	0.498169273679329	0.948974021165032	-0.111717087997183	0.957122679704541	0.214988961393093	0.887663043891188	-0.22803491573626	0.861587466218135	-0.708574737707912	0.59856767643631	0.839833316123361	0.557540017866013	0.87118921835771	0.846959680245621	0.854804632355883	-0.0604087829497136	0.941502461775424	-0.567578249323556	0.536984931008398	0.0900083671497975	0.467181961316406	0.830075603169183	0.907332648668988	0.91173270917144	0.831612233050342	0.485550070700556	0.955773225442439	0.0969074393987693	0.848039982197494	-0.324264991174952	0.788102529445293	0.819642973112694	0.902778577814864	0.908615687300341	-0.279468982703779	0.575538415949957	-0.452793595111337	-0.151602331811976	-0.188220544307814	-0.35094687796635	-0.731082444041645	0.92373595167373	-0.34329484050633	-0.296824036165627	-0.33693305674886	0.721532655824088	0.912226026092421	0.93756651503715	0.928107065010283	-0.477884747798003	0.905776704672958	-0.0217408530830059	0.959502751019345	0.00256602766748818	-0.572905299382279	0.930962064931738	-0.336343815949604	-0.227875010174212	0.961559871488273	0.324311835953039	-0.134934106241305	0.761826399851033	0.921136504455246	0.876677939545656	0.0829038695767548	0.730577362251259	-0.305495480356399	0.972743231628913	-0.194388667237319	0.0901835600975695	0.971900643918732	0.703957398654233	-0.205896492313662	0.586070541259957	0.966827807871209	0.367342244864817	0.781126369185675	0.96631076503679	0.647263420003637	0.935282864298513	1	-0.369559280718702	0.866897086601782	-0.21068400824173	0.919601302647193	-0.59832544747768	-0.61086456279014	0.943187790552048	-0.18929521964949	0.0371218575332746	0.228725134904201	-0.326232314513589	0.0603201152267343	-0.276514154170869	0.944790958704996	0.793570537933895	0.383576039826966	0.728422928011955	0.582053656021118	0.924841796087804	0.961349757885582	0.762682314154892	0.242947337926395	0.659464811387171	0.769912620566487	0.953078648075866	-0.664057138732085	0.339587922564585
MMP7	-0.116374710554078	-0.251378237751489	-0.298063412722341	-0.514462768140722	-0.296362976099505	0.19368053948405	-0.149875989629072	-0.189786782681469	-0.296258655422032	-0.352354076496724	-0.0158911132916197	-0.39568386357923	-0.393039867747566	-0.33249885999093	-0.696946555066456	-0.160156482714746	0.275594774546896	-0.192634632260358	-0.184636454440514	-0.347494270336967	-0.386556978145917	-0.432346209146548	0.171366266380409	-0.355092347151518	-0.357984778589776	-0.287312076108084	-0.502720436567515	-0.162870358375904	-0.375926457516477	-0.487581737058586	-0.427123459275816	-0.205911938106792	-0.286547597418203	-0.290174426540094	-0.193533502581882	-0.290022799937434	0.14301816640593	-0.499240443257533	-0.0500845290012029	-0.61869432200219	0.469578852296574	0.0767868340188455	-0.302465622153536	0.0312612804839046	-0.116274575833102	-0.282374829985117	-0.258095953085534	-0.0316913580273041	-0.345577115544507	0.124305270636189	-0.217588222239916	-0.19139541843069	-0.599447536928166	-0.579286989570235	-0.392825519946292	-0.298555724544889	-0.190569428239601	-0.413528873728486	-0.315580189961757	-0.677007237036562	-0.282233939010141	0.433317299539923	-0.261657215515862	-0.351778610164329	-0.352213050318873	-0.515949378389354	0.168502522448662	0.0152891154804958	0.571586033136007	0.139723570308608	0.163454224571729	0.630210042975713	0.172275865855421	-0.442149468214096	-0.304203331469786	-0.360536860182733	0.690719214734111	-0.0262332939467283	-0.334321225096055	-0.256064763632284	-0.334677196286253	-0.284772158428857	-0.354709446192508	-0.190013343705	-0.343205164715545	-0.00809848557689151	-0.0120244353709474	-0.266737937936495	0.175738830029155	-0.47353504919767	-0.363137669046631	0.33773617794451	0.920952804411138	-0.595963767588021	-0.319944517875276	-0.311356898717918	0.0699889843022236	-0.268207317077549	0.163513604253069	-0.386795185680007	0.0281340159885225	-0.210090604489311	-0.296158953335874	-0.490723023046546	-0.128428599360014	-0.364489040143597	-0.330210053960578	-0.130586041855871	-0.29430275239139	-0.484013848091153	-0.32414818355583	-0.385525924033069	-0.369559280718702	1	-0.23969567512323	-0.124161501683715	-0.310241485436494	-0.176122347666497	0.116108516224199	-0.34050200364137	0.91281452483867	0.572364870482587	-0.165501086018346	0.669345943171781	-0.234488546890268	0.621866102056347	-0.337709992406886	-0.345400668423794	0.0654556686706197	-0.431579755428783	-0.183628163699238	-0.602575861942433	-0.336687958751117	-0.304265107969844	0.410169837240194	-0.310645714925411	-0.741690495435166	-0.419112518106724	0.710037161461641	-0.103849801298937
MMP8	0.889389391226272	0.863070944760568	0.91175340552558	0.252026225173197	0.801784897438657	-0.22607200203935	0.867973258017727	0.000388768102197465	0.784642865826873	0.645678058033433	-0.44061367525501	0.701393067033891	0.535702452833665	0.825473616362952	-0.0994332091067773	0.350138537158354	0.508243128118895	0.634935782036599	0.412325498519314	0.802151837018342	0.909758991088952	0.562450493919412	0.19395996181934	0.775634824251502	0.833241339036045	0.700027920959989	0.164034119825644	0.939758789341048	0.617428378699121	0.83050992818118	0.25183232000984	0.528349511190905	0.405539545729257	0.80174261350149	-0.261023107400678	0.834777351990255	0.148050133915713	0.657515859876231	-0.156012738846192	0.633680713817968	-0.497140163539764	0.491459055382279	0.575066280276078	0.518677791004239	0.70831094418669	0.675316799309732	0.609087963512899	-0.0639674923316211	0.913364596684916	-0.477362308968452	0.567618908450983	-0.0340202609032149	0.340605278898339	0.553364824347783	0.711347404523779	0.705515690526846	0.619686303057876	0.136835802100183	0.864034536281085	0.0189042728844118	0.811615023813879	-0.103129927140488	0.825340185285173	0.664104122447058	0.833184827993829	0.679728936694863	-0.208563920405986	0.681407013243128	-0.254313588486246	-0.0878439822781859	-0.0438160945629186	-0.0997544192715796	-0.705622828000377	0.776499544723446	-0.455353065082166	-0.512155001462481	-0.279212443700769	0.719437909177233	0.695668999217197	0.836284525966379	0.779366068999807	-0.543688195982986	0.781137384575555	-0.211638442556035	0.833272935571792	-0.0384430954009992	-0.532757273416235	0.850134656121445	-0.122324462639478	-0.291284617579989	0.827443468930677	0.538101840228986	-0.0313980054928137	0.526043283312979	0.723546265585651	0.856190882226054	-0.038096969640665	0.71858856341887	-0.174053540320464	0.860399991336437	-0.125900634968292	0.0193732889308606	0.879383993486885	0.44285769251423	-0.184295656336838	0.403180216052873	0.924559486841376	0.0825636067838064	0.56321702411589	0.789829361954918	0.431822883369526	0.873572730632132	0.866897086601782	-0.23969567512323	1	-0.127032022310751	0.747610163250635	-0.565241813608031	-0.542702789268693	0.764635171902275	-0.0635708402069904	0.218625258934139	0.162275235344527	-0.109010560475473	-0.10803388040517	-0.0520163744316185	0.853523685005669	0.817845995784027	0.407065088347593	0.460678067948876	0.572047377708011	0.775327520062546	0.864656262382308	0.708022927633264	0.238602558601023	0.706043670966947	0.578542312114029	0.830291212618648	-0.475314018173014	0.44430986520223
MMP9	-0.0993929968314615	-0.121139649628315	-0.197640891532153	-0.0747040864033189	-0.158348553962576	0.149911412115878	-0.257781061296113	-0.121767760223317	-0.32762470357945	-0.227349123830492	-0.0398057433134494	-0.255036419057767	-0.0933251596407575	-0.22579874723329	0.0533489511064284	-0.0944936760419996	-0.33195146245909	-0.18138023418184	-0.199305472496491	-0.127294545119452	-0.24573328267888	-0.341810539670343	-0.28692912827359	-0.160086977389635	-0.358513668940085	-0.233196857522703	-0.145344151642285	-0.1424993836501	-0.123691715867596	-0.181613687759152	-0.23160401793564	-0.246858702923952	0.288817831476929	-0.204001125685475	-0.126485451201102	-0.192424648471416	-0.0346663573320725	-0.353680976604098	0.0971916356988532	-0.0954614759683154	0.300031219522106	-0.47780636582931	-0.152411500572704	-0.21436046496962	0.0289096399674849	-0.17703491048395	-0.204752707505815	-0.234998487263523	-0.184878491162393	-0.0491425687742257	-0.0752857080468165	-0.119644355719996	-0.145756620403478	-0.274426282909202	-0.192306687478564	-0.251832265012543	-0.131821627711382	-0.197446353497382	-0.226791417858714	-0.201383664753915	-0.192535377084341	0.302904010354246	-0.265359950427674	-0.222296073183649	-0.0583020325272552	-0.162379048133303	0.287524799408005	-0.0969332720780944	0.43490708761064	0.389345777948257	0.916260393895061	0.156661227445827	0.0955428664012007	-0.231794285460721	-0.154922466286647	0.163018616704465	-0.0444455942579048	0.00355497880612781	-0.217851688581919	-0.244529321598365	-0.247712519107141	0.266946243416497	-0.206703351198625	-0.222143899813765	-0.181798728152972	-0.299968931304748	0.156836124896452	-0.180760840539672	0.670768091127555	0.0944958236537247	-0.034425104029768	-0.266373670569136	-0.155488417108886	-0.058093362135176	-0.250371695000555	-0.165669917806187	-0.185926274514067	-0.226972097952118	0.948257606440123	-0.293174213717553	-0.292299164935595	-0.133815076973356	-0.2256051648468	-0.364076651129845	-0.0812873124516878	-0.0932078856341619	-0.132783512539506	-0.270411992920783	-0.293083776672402	-0.141283157810867	-0.195497004025544	-0.21518914700478	-0.21068400824173	-0.124161501683715	-0.127032022310751	1	-0.231615834172535	0.43536548236286	0.219333207572511	-0.227515878476879	-0.175259148298866	0.109709841118027	-0.197277706923058	-0.026166181216925	-0.147629848001307	0.540301670043469	-0.191691751516426	-0.244878946032219	-0.269421663017755	-0.127447516694086	-0.165495084110821	-0.155761253958249	-0.254353117396989	-0.204916353543285	-0.383569055581257	-0.105166493294486	0.00284949314672341	-0.0245691635626265	-0.135900904558495	-0.167936369936694
NF1	0.635320596792201	0.822543121138184	0.8721572420461	0.524721529704507	0.918321629877632	-0.126825031840711	0.733723065913614	0.0140681968290399	0.880658273358975	0.943026007087234	-0.456982323184788	0.854866910089305	0.844124059873258	0.954559674904209	0.0154769474494625	0.688355194262576	0.510900176473618	0.905519837331814	0.268828898954866	0.893456916576919	0.883470799204469	0.724584345196763	0.294582198344291	0.828340992042531	0.914927205080563	0.717960436337146	0.200641698908019	0.742569575168086	0.950729063261729	0.866817295217245	0.603317852142162	0.545106446979606	0.596401953749744	0.892019274779159	-0.211504285869176	0.94318841809323	0.186577531919838	0.89583132369422	-0.32112812270927	0.839985004440315	-0.774978931354212	0.589743482825906	0.848708021857567	0.545665628085528	0.891415280251468	0.814871864817609	0.890500396162912	-0.102238731269712	0.901574376539689	-0.4682603437456	0.369450468176768	-0.0435276407825603	0.601361257000606	0.841559859466854	0.943280513169071	0.936719462125037	0.832153430239452	0.580007565275936	0.898130111324608	0.115986837297013	0.913404445118183	-0.189483656160318	0.875313576398544	0.685401126475738	0.810705813357321	0.891902689803533	-0.359644884888773	0.545423389677465	-0.364566534835591	-0.067273414511447	-0.191079867632762	-0.358180093158816	-0.739778462202111	0.817695287973181	-0.418754555472921	-0.297492726184492	-0.250618675383195	0.639200183532157	0.915709515978433	0.956549824376711	0.979718684426143	-0.452017500238902	0.911995916896756	0.0204542005798517	0.977387705293018	-0.109864745160455	-0.594035696976619	0.91518987345051	-0.379609708844799	-0.333997818950099	0.909264984061059	0.432632320070139	-0.0935939365846854	0.811948026218199	0.973704110033871	0.896363585914983	0.00458437656656646	0.751461537253857	-0.304019271129774	0.936325215801086	-0.382562321635132	-0.0245600956055806	0.922472224011327	0.689320824362874	-0.376978340844866	0.552435549798497	0.876823274790608	0.370634794279161	0.7676696882929	0.90457109913478	0.793036014135986	0.923210623873804	0.919601302647193	-0.310241485436494	0.747610163250635	-0.231615834172535	1	-0.544320262427152	-0.671833941710809	0.908812991935055	-0.112063998417799	0.130913630972169	0.10563948728641	-0.429926952935136	-0.00176030549641228	-0.184731452208892	0.977930922759923	0.849167979774118	0.47848712347811	0.707711867928963	0.416183636085962	0.846550540939787	0.95579999146339	0.886149329251685	0.234904586310894	0.69645056922409	0.652851170010269	0.924957674434177	-0.524873286614992	0.537925770994713
P4HA1	-0.494292072140813	-0.519615352801533	-0.660852806917732	0.00147709075632961	-0.539724426322446	0.00175512643640946	-0.551190595344477	-0.274608718781272	-0.504155121915584	-0.509856763590674	0.0580236843897113	-0.453765088985102	-0.246324914358242	-0.492733094320472	0.200159253945077	-0.108766372876034	-0.737423638846628	-0.402611619864726	-0.38013512291102	-0.505663266535336	-0.552136113708478	-0.512640993819605	-0.209584990735219	-0.55029209385583	-0.586285590181814	-0.409052764537297	0.00238823476301736	-0.576123713566337	-0.423585960499684	-0.479812333661853	-0.476326015345073	-0.426951073120437	-0.110119007859518	-0.56853985011966	0.0362829818115291	-0.576718206467756	-0.303598697064299	-0.588723064241868	0.398236425572442	-0.298307218376722	0.252050910223821	-0.421193647236124	-0.285562496831729	-0.253177942689603	-0.514531961503408	-0.424096959514236	-0.371782533092004	-0.0959183111713179	-0.558939540910892	0.298635359245662	-0.354775307804814	-0.0700800989941275	-0.221851035749058	-0.356803302997604	-0.381281715776298	-0.469501174072278	-0.371374585751378	-0.272352360766094	-0.533559907049237	0.135688451168065	-0.469862042995365	0.256846277525598	-0.47893772815489	-0.555878100161059	-0.408135542311948	-0.473696659242334	0.25392093635072	-0.494383927992472	0.294727495284897	0.383333596786053	0.247750421954667	0.302218287965735	0.632683685266265	-0.484766623142542	0.460246148191338	0.491397408885398	0.055986158925368	-0.534680242060986	-0.437669584030959	-0.526641480326825	-0.528256422755558	0.693691861546819	-0.406703603199476	0.104025358979178	-0.599672977745386	-0.0085381029858415	0.214789791910443	-0.526912220341389	0.296553609152306	0.33208783703997	-0.555136628279237	-0.423204739487644	-0.391785722760852	-0.278229354008766	-0.509075760412651	-0.601428822352551	-0.0784232289222156	-0.443075321100431	0.392368089705995	-0.576451267375944	0.243054267805166	0.0690064737258795	-0.606020799386984	-0.318843139358888	0.0696549274438945	-0.5244510696922	-0.547223644002507	-0.323356607151089	-0.382886529023055	-0.500412302897258	-0.4633947319347	-0.49797793781523	-0.59832544747768	-0.176122347666497	-0.565241813608031	0.43536548236286	-0.544320262427152	1	0.289739669724693	-0.526083678583435	-0.365938337110045	-0.15035075937841	-0.104860646665861	-0.0223352437611713	0.0997641037330861	0.00203963076117374	-0.571635343806971	-0.457096395435008	-0.179348658402777	-0.354458903914969	-0.370929342176798	-0.45920436325114	-0.582293678108801	-0.452712825056913	-0.331835200867449	-0.403008466290339	-0.108210684699395	-0.510567378135383	0.13395761805072	-0.307665073214191
PLOD3	-0.560781815233129	-0.533075096670584	-0.573415704146877	-0.523358781007359	-0.603904813328593	0.480204980156966	-0.651969631700194	0.0408089872607661	-0.691479080135326	-0.594645006047231	0.493763000005337	-0.642097825014005	-0.671365040555707	-0.713678851896256	0.0669158871259822	-0.576163695349192	-0.271922139733321	-0.633347812525794	-0.0336240512358241	-0.588059584056398	-0.649207911629563	-0.671738743448693	-0.539853120912013	-0.538764848805737	-0.760041396942778	-0.620690134594109	-0.0840968324606911	-0.611858771916208	-0.580245970751632	-0.548723186006105	-0.159264142841101	-0.37158600108936	-0.495799950934952	-0.476863081323193	0.260694203228918	-0.759306093038176	0.125197156022449	-0.602118307429326	0.106127584312762	-0.415373111724567	0.749670364639601	-0.570982934986147	-0.624470846395539	-0.135823073451462	-0.558804316075658	-0.522249168854657	-0.658573797737158	0.0630407921894112	-0.64791022812235	0.122891523433482	-0.179650836575968	0.172221780465054	-0.255037404549639	-0.601860701395395	-0.626300953289601	-0.744731869195618	-0.657334234062412	-0.23807000539562	-0.660806412194144	0.0208313929037282	-0.738127207814104	0.184457704598628	-0.640138217597637	-0.371277346789865	-0.521838969008506	-0.657311755181318	0.400984431713432	-0.1593520317879	0.398949745919607	-0.0446200138464839	0.25166867635199	0.176648725647321	0.618507732381595	-0.56461755876097	0.356866904553088	0.381669621327692	0.150932400619053	-0.463166664198145	-0.688013259302366	-0.711976226174793	-0.708261897579839	0.308346922748852	-0.790676710226996	-0.180757379857509	-0.633229368766075	0.205922888399698	0.355396739186386	-0.66116049402573	0.320918740015832	0.494391556952696	-0.613828910484122	-0.620465383831603	-0.0796292624259522	-0.665631796488118	-0.695189649294925	-0.691881218354681	-0.301524949183764	-0.824141999630056	0.223451952586657	-0.629977085152992	0.282185637274509	0.127235009812856	-0.6034291644925	-0.350896566851222	0.127861089233798	-0.181063947055187	-0.611888769622872	-0.0717427624074508	-0.564782065753155	-0.638873615615531	-0.550025864486501	-0.774536235187651	-0.61086456279014	0.116108516224199	-0.542702789268693	0.219333207572511	-0.671833941710809	0.289739669724693	1	-0.67256077571863	-0.0992648698972181	-0.120476110980859	0.0971617219955538	0.117375060137166	-0.107698310693248	-0.0271889377110679	-0.669149777611865	-0.69570135900791	-0.105261148682817	-0.477615086515325	-0.130367419406399	-0.648729922966442	-0.659565729296705	-0.707697308742431	-0.501513380183625	-0.667324763337846	-0.366091953629415	-0.677396632189238	0.324594069301198	-0.242571866788975
POSTN	0.670521317184456	0.820979921231128	0.840260625293358	0.466041026548492	0.940049869102247	-0.251277684476016	0.653081663153465	0.00329357409696302	0.781251114965072	0.937328955037236	-0.404165687459427	0.883486295973325	0.885301320143628	0.90864787588693	0.0307960418032746	0.764607200937562	0.517774599270692	0.891252182955646	0.183110063767359	0.973862044687698	0.906094956313377	0.794869657672812	0.256184642867599	0.876314875609825	0.921794430410127	0.678363380166962	0.229452739118919	0.672622290395794	0.89099203936399	0.935733003927195	0.475482281403207	0.640678057047652	0.553583679772578	0.853748946187116	-0.0883473087509244	0.963808352402785	0.134707152892634	0.853834141191221	-0.294396411303649	0.773581668243467	-0.758928971630358	0.695748865372879	0.906227884592051	0.462340666253626	0.892815340081544	0.945372990726804	0.940489529995888	-0.142961511745675	0.846397158203514	-0.553554862886747	0.597611772514625	0.0663647961406186	0.468583952965453	0.893419979225662	0.911750466058683	0.97176495870455	0.911473807784131	0.528880087387966	0.976370598843379	0.116307072288794	0.885929246249415	-0.37379573210575	0.767126678479874	0.758376757579481	0.781897002696625	0.950727144934528	-0.270865315039529	0.53143080476433	-0.468117403318037	-0.0324168823258973	-0.235117782412163	-0.354098868300722	-0.754734728434112	0.847080129710128	-0.34748490640631	-0.271117872344673	-0.412566277778862	0.804950029596682	0.966894794486327	0.883330962896152	0.904341806896193	-0.529597496313713	0.917438554959631	0.146289454846622	0.945037549732571	-0.0931298330920764	-0.561093352028171	0.956809941127417	-0.384828613868796	-0.316018586067008	0.942472028372112	0.315515424828792	-0.0993160343888769	0.801204854626084	0.967673647169037	0.847676637848527	0.102918710714718	0.739825619538876	-0.314221052683144	0.930560584818406	-0.298293263695944	0.0568781881492564	0.902761834825334	0.694706624839631	-0.109662634340942	0.589693008268737	0.908096222581253	0.435403083643827	0.812470711212569	0.917566774924123	0.602588464110542	0.909376248704732	0.943187790552048	-0.34050200364137	0.764635171902275	-0.227515878476879	0.908812991935055	-0.526083678583435	-0.67256077571863	1	-0.138809866506356	0.0645209907175264	0.154753620194199	-0.455092240849933	0.0855349165435045	-0.240044889577944	0.925409041107676	0.794964829176203	0.336451994050789	0.777500701828141	0.422284459695118	0.891420293681959	0.958000313565849	0.788099223232329	0.232972123105006	0.6212052287581	0.722494143401125	0.920952499104498	-0.57157383234658	0.359270167556627
PXDN	0.0567675808665129	-0.0964232381883369	-0.105140791231719	-0.414463279845807	-0.14742875929605	0.0581046834841817	-0.00132595257645515	-0.025992534431822	-0.0674585504849673	-0.186515005801618	-0.144498043400148	-0.17709961578037	-0.219152778007937	-0.116438323540393	-0.62503144986365	-0.0584167644293493	0.413507545499459	-0.0384035372895267	-0.090950193539151	-0.177842064065621	-0.15352455223596	-0.246098967622859	0.204715083513925	-0.16099869256217	-0.148638956535312	-0.0687745580635278	-0.55784503831637	0.0362117959015757	-0.202696466050628	-0.299829198369955	-0.333929848963702	-0.0112026992792547	-0.204832178980363	-0.132897683760768	-0.240442964256075	-0.0923879320025738	0.0100166532202945	-0.30955865709394	-0.204565004375148	-0.547063199602078	0.277045288840329	0.267498644531328	-0.181809171753648	-0.0489066300686769	0.053718281171547	-0.153283557119099	-0.105589553531698	-0.124687966854229	-0.182231490058824	0.12416297844156	-0.185593653944255	-0.141621913994527	-0.456050573967101	-0.34797861876903	-0.25180315067328	-0.117934853993609	-0.0760694140812884	-0.292665010484181	-0.131527914918579	-0.58570400077501	-0.0640128329511655	0.348884217305739	-0.0454511965011872	-0.171348868571148	-0.25824677307847	-0.325337811771687	-0.0419374859648658	0.135136419690433	0.373280081810512	0.0121849599499666	0.106344367324031	0.451547513492521	-0.083091352653292	-0.269003589252043	-0.461340209370472	-0.537074394714788	0.65950177866015	0.123664019565626	-0.160502335257817	-0.0647126313350681	-0.119886147134972	-0.366559706672682	-0.152852695449051	-0.107935611428376	-0.139943019475084	-0.123343013879549	0.0417931903330332	-0.0933496665936129	0.0591489743282656	-0.629450657862914	-0.153270947444917	0.550385194683197	0.983161447429567	-0.417882421807917	-0.1276559844284	-0.114353259984384	0.113185628897138	-0.0433627857158603	0.121887628902933	-0.179218537295989	-0.120913722181826	-0.180378098640625	-0.109980822734664	-0.435526328135407	-0.108535350965227	-0.297188739821128	-0.137277294752482	-0.0502864205373408	-0.145543111859517	-0.287345147215285	-0.175013179300618	-0.177142379196192	-0.18929521964949	0.91281452483867	-0.0635708402069904	-0.175259148298866	-0.112063998417799	-0.365938337110045	-0.0992648698972181	-0.138809866506356	1	0.575390211728834	-0.107008635422681	0.619143630368179	-0.201661050692469	0.669858448680274	-0.118015698974631	-0.121170218504004	-0.0345902073168205	-0.242681996147813	-0.0810803631196929	-0.412631321771672	-0.140330128779083	-0.0769365320557598	0.449122717088355	-0.150849464454996	-0.680976340472846	-0.216260837638605	0.62807814277232	0.0300570183069148
RB1	0.293984560794303	0.141250220584797	0.113610761040138	-0.451176998128113	0.0723937230619066	0.0888539826536173	0.361017013373565	-0.208420600693795	0.157226915087899	0.00642907455915008	-0.498501601111673	0.142004722801063	0.138308907378257	0.163595623644627	-0.745185987861261	0.147323127895478	0.189094657915394	0.249735440764843	-0.165312246592462	0.113897184485578	0.0965351695059333	-0.104374208167927	0.383594989274799	0.0922915071794172	0.0879175374681269	0.141022292303201	-0.642434977560907	0.28458348117949	-0.0128906612102894	0.0297939069898946	-0.0881883188842994	-0.0882080184771848	0.16407895255815	0.0381971997226395	-0.390354055902128	0.150603453260333	0.55362837020396	-0.211893175160802	-0.587578162717976	-0.168186404367727	0.355437004599631	0.255707586590596	0.0601081522036253	0.474669079400003	0.297032575547441	0.10275877768434	0.122784873858116	-0.419015788232308	0.116529847837084	-0.440805526316201	0.00983363812088562	-0.288691239186125	-0.255506181242237	-0.259735560666325	0.115955573160196	0.152358769093884	0.219815981959842	-0.278594488919809	0.143727532303297	-0.542546737541738	0.256366998771267	0.714898227380185	0.310784363399641	-0.0576691437546484	0.127708584133277	-0.0796069371985304	0.0535617553339998	0.62979710091328	0.758418556009805	0.502396524939652	0.426336237925669	0.585004606256114	-0.325396470561649	-0.0440254486690504	-0.739461377818364	-0.527785981972425	0.416101213855331	0.333904979426004	0.0766897420641589	0.178871549840551	0.125895290389578	-0.440087245154634	0.120175259371325	-0.174177190493103	0.126286199676307	-0.327158885682407	-0.468166892422223	0.211529213877598	0.0194179999224875	-0.809061751684312	0.108952269037081	0.540361091968496	0.554808872381296	-0.21794985140101	0.107989865173407	0.232913434649247	0.00789575039331327	0.178100384446232	0.298074861191003	0.0842019482597021	-0.378753810772565	-0.340276977996809	0.108004584695831	-0.181477711730366	-0.27807745149888	-0.256626622939152	0.142710580371967	-0.0611835171816914	0.0370983336810494	-0.0636947962111457	-0.0733028462854069	0.149733620079501	0.0371218575332746	0.572364870482587	0.218625258934139	0.109709841118027	0.130913630972169	-0.15035075937841	-0.120476110980859	0.0645209907175264	0.575390211728834	1	-0.151541200766449	0.140427365029897	-0.188960896628887	0.642932158953238	0.136752018739471	0.184804954216853	0.600226328923894	-0.0809799124045913	0.00310272394247179	-0.218256054557854	0.146467227250497	0.149767815369725	0.516548163859767	0.170508803122752	-0.27324122113348	0.0847638817163335	0.491294956639401	0.356247551058306
SERPINF2	0.0448834679340934	0.255661797196538	0.0919806643638803	0.0479281827568734	0.180661371866014	-0.547304130771223	0.107163636222653	0.0104222702002277	0.0931723122543365	0.0707296065464233	0.428195180129765	0.0483807415773812	0.0718016663392333	0.116476116827885	0.354660897962121	0.00922089198211403	0.260017293659374	-0.00157938956963188	0.484459014435386	0.0902408701796289	0.15959291896914	0.158932963177144	0.139624848792038	0.110226806157411	0.136395336551709	0.05119565105733	0.620501698349772	0.157511106009945	0.0649504210643483	0.181221747899608	0.198982702025738	0.630450521701115	-0.148757887177062	0.404331969709864	0.463425525801474	0.103584497122202	0.0895350490703074	0.255569175868518	0.0120785762593186	0.157307611931509	-0.151680177092543	0.117242382169991	0.124840527597481	0.0563278612725767	0.0621916159164548	0.0224712964833596	0.0853380391455598	0.430838041996367	0.184091325429945	-0.0749647623317806	-0.00889616093859784	0.890013356060446	0.152794032877525	0.162080238380235	0.109093118797057	0.0877785502740335	0.0595151512368583	0.0213569667522774	0.116079842443429	0.427025269847234	0.0516937440371753	-0.201679832727005	0.0172720580457687	0.438016280804534	0.220299190921542	0.171179262161358	-0.622050630946676	0.0577231029168359	-0.269458019723401	-0.193716253183362	-0.215426498989648	-0.140129154269386	-0.090409501099886	0.220351792763903	0.374024899680556	0.166841194849356	-0.058193404999928	-0.0142553325565799	0.123627500067252	0.155917579091411	0.1436941753492	-0.100910787403891	0.166234604030175	0.554603653888475	0.104959948340617	0.772928828537577	-0.0832026786236298	0.0634795660285109	-0.101726808851507	0.02159032241299	0.151817295148969	-0.0380793398421495	-0.0716085510678352	0.154850308590778	0.0866943940447887	0.0819994769538304	0.628751033711345	0.127763144216507	-0.243793480247071	0.199406003782478	0.445457320559419	0.949161499725384	0.167257643323737	0.339890098106068	-0.00757941710271009	0.0392106884338878	0.16797039307911	0.00378710374292338	0.577271016681741	0.239749401636959	0.0400445093738576	0.102244064811838	0.228725134904201	-0.165501086018346	0.162275235344527	-0.197277706923058	0.10563948728641	-0.104860646665861	0.0971617219955538	0.154753620194199	-0.107008635422681	-0.151541200766449	1	-0.020628472172449	0.787991747391975	-0.238830337665131	0.100650770639032	0.103209511202531	-0.0689841772559592	0.111238823712131	0.855806173445682	0.136589448573321	0.0936724565529119	0.0347915000502252	0.0981886790654293	0.123427952547803	0.162875180444068	0.166672159112941	-0.188838263994883	-0.0519690507021118
SERPINH1	-0.156569431050054	-0.0955048245741297	-0.272014120920108	-0.423468862960929	-0.309058032103008	0.0171479609278386	-0.0808013109060431	-0.130623980780676	-0.414098891431052	-0.54119653043664	0.231156770330973	-0.615900127645638	-0.518996779358523	-0.445012021282791	-0.430724550600951	-0.434844391494832	0.187165138821145	-0.548227340641673	0.262324460456657	-0.496446866310367	-0.405887242467755	-0.389559974422074	0.113566875316185	-0.390408943360422	-0.39313153013046	-0.469569565833195	-0.258124283769409	0.0279500226705681	-0.487668987409984	-0.49818707647996	-0.567243878426634	-0.22409712780878	-0.548564356680968	-0.215530122277801	-0.171407205054541	-0.372134869693459	-0.235422728092367	-0.520109832649286	0.413992869793859	-0.531916340660576	0.409888570270973	-0.177750847100626	-0.444114528829806	-0.0760334434961888	-0.302402048946048	-0.521169702248414	-0.472868383127989	0.065657828160151	-0.275783928021035	0.323705611212226	-0.347310143323547	-0.0902259804974654	-0.691826762391145	-0.570394242256294	-0.494945792199057	-0.460083928479234	-0.428213085679275	-0.544681142434103	-0.378702366532525	-0.439919245550787	-0.474069666027718	0.27487872970848	-0.376761720828017	-0.234871646163464	-0.212183151848528	-0.593869161809002	0.251242410224828	-0.145748530503529	0.274949861600064	-0.253402431694492	0.139917239617301	0.464584751660697	0.393449117523292	-0.219901347370646	0.0140499566027733	-0.380332722590031	0.755914244565173	-0.287090697899392	-0.469744456056412	-0.243423726556775	-0.378639153281263	0.145179939330343	-0.389571547373472	-0.415764797186718	-0.437911208364529	0.108958330899006	0.279784608337194	-0.418137015997102	0.369799259728653	-0.0467927578853534	-0.391656385077806	0.181737922278632	0.649805051855948	-0.646246602363666	-0.498294488491137	-0.443174423228724	0.0725687099261402	-0.357440968636033	0.209967305857016	-0.35472503680277	0.439734884114558	-0.0100375540944799	-0.22436542562499	-0.574900670178073	-0.0087660925370293	-0.517023120986455	-0.232545772832465	-0.286954797544662	-0.428801664856614	-0.413500169428511	-0.412832938970088	-0.367828609867617	-0.326232314513589	0.669345943171781	-0.109010560475473	-0.026166181216925	-0.429926952935136	-0.0223352437611713	0.117375060137166	-0.455092240849933	0.619143630368179	0.140427365029897	-0.020628472172449	1	-0.197329956986615	0.362295539056754	-0.40243120070787	-0.45359049284353	-0.263699053108589	-0.506153086531974	0.0594561482048946	-0.478382667860109	-0.422121210590454	-0.487738609810454	0.317006606146655	-0.406451784590312	-0.554348540557483	-0.435366385211561	0.38493865687965	-0.425912637594132
SPARCL1	-0.152233072554705	0.00157099773042851	-0.094337241578698	0.077491778704583	0.0522254779879798	-0.663305850626801	-0.0168669272894825	0.0598475886234863	-0.0416952874813227	0.0364411787533525	0.36881922999709	-0.00190519358311822	0.148206911476604	-0.0192275431216047	0.431265256102876	0.0477820610487108	0.0374738860439129	-0.0499947470637499	0.257154734608306	-0.00984524778892821	-0.00809975543042992	0.255810876270338	0.427904926676615	-0.0972987859303027	0.092270011286066	-0.0368135822459721	0.571958664417833	-0.0854747699066009	-0.00506688997536053	0.0546409905050353	0.251326680346686	0.425867463679372	-0.141564871691806	0.139185770475365	0.414837279046865	0.0524324145471957	0.131065318091479	0.192636303091088	-0.0885155045007753	0.0630802401244546	-0.169924323557146	0.0265589415773266	0.0911285574531251	-0.127989644475244	-0.0664291885120916	-0.0612024049154601	0.0528525266628444	0.410841893886946	-0.00368423509701586	-0.0064599424442464	-0.0441231953688368	0.744225247335186	0.0817727100088035	0.156791546842383	0.0153305270613654	0.0963920970511995	0.0748628518118444	0.0884399787193269	-0.00060931754316106	0.435624964887143	-0.0270735167843005	-0.345012293362094	-0.10509000778868	0.171542592988792	0.008228696188365	0.207458074292322	-0.655304778814827	-0.235434269893347	-0.289614571790358	0.0535704070728126	-0.267712911118586	-0.246539400130014	-0.0285468642397473	0.0844413545318939	0.392543833561313	0.346851362024661	-0.203324226486837	-0.08222809992165	0.0751048106905286	-0.00665934131452266	0.0142804126012337	0.0446515830012057	0.105010033694597	0.762783767749161	-0.0351328944147887	0.610792327981944	0.0225048800240703	-0.0626553370441005	-0.241974046120957	-0.0888536177355575	-0.00303465375852635	-0.160392228260396	-0.187374270102813	0.202512482516504	0.0341271685231671	0.00728542793617804	0.881786656530675	0.14908445028751	-0.238659823960821	0.040866752992529	0.244019970478295	0.777498062154547	-0.0401494465358943	0.254221058512612	0.19356938076357	0.0632834977163407	-0.0257851893149848	-0.128325690321541	0.504041346540744	0.127926468895841	0.113630763383338	0.03784246693597	0.0603201152267343	-0.234488546890268	-0.10803388040517	-0.147629848001307	-0.00176030549641228	0.0997641037330861	-0.107698310693248	0.0855349165435045	-0.201661050692469	-0.188960896628887	0.787991747391975	-0.197329956986615	1	-0.267998384843976	-0.0504662099585624	-0.0169750327517844	-0.173335774494651	0.0605939960452974	0.529721966785285	0.081230015593243	-0.0429319179518006	-0.0371532763546038	0.291737174580107	0.0858275969924524	0.0937775773940812	0.0633095800163261	-0.140085379296114	-0.226079248337977
SPP1	0.147487347535959	-0.183772144466267	-0.141502202734418	-0.316201446858752	-0.237114802796123	0.0740093134928329	-0.0615596533612776	-0.180952904093283	-0.101191342929636	-0.281588414046372	-0.293024858137265	-0.186654930115439	-0.237420595146306	-0.127162680803783	-0.451998462252833	-0.112131405575967	0.0481519595373036	-0.0498862740199872	-0.308696992999949	-0.184087062172717	-0.182114122035651	-0.398807732460911	-0.0094436673066642	-0.166735735314841	-0.271917662984494	0.0107562370667585	-0.534155976719775	0.0135109174968708	-0.237229869924901	-0.33651686014062	-0.398615684073243	-0.148231353619633	0.212982036932043	-0.261109703307971	-0.254565891020005	-0.142005133706858	0.0225991401158854	-0.43587222175518	-0.180942135575611	-0.488329946639323	0.364607449420058	-0.0495357688035043	-0.257507234154219	-0.216754538607182	0.0581358032589023	-0.213070412563824	-0.208442104264529	-0.260467441886229	-0.18481924444328	0.104175945046585	-0.182945188855263	-0.200798732201679	-0.296360934048895	-0.472592855887398	-0.28766181101252	-0.224268471741654	-0.139164754472758	-0.451810819005724	-0.222619028014935	-0.615368587773583	-0.0280558177569846	0.590235048840128	-0.0779605440371175	-0.287702987936547	-0.220258068283848	-0.338735692396769	0.0261460987128365	0.105932601165441	0.629551810923791	0.344668197732767	0.70848710721999	0.491031495563453	-0.141856998578323	-0.424356775855521	-0.571759844138049	-0.377869536403888	0.386493640502832	0.138979600371926	-0.254281123597003	-0.168739604193802	-0.199348819659962	-0.20709026214994	-0.181501934140547	-0.145572464133015	-0.178951966842181	-0.318962476359993	0.0010469166958074	-0.128116132644759	0.487248101511293	-0.557859892104331	-0.0992616737155658	0.45951177805829	0.645247032157097	-0.2715511115956	-0.218798832680992	-0.0497976756846819	-0.0291529407199808	0.00389927158410464	0.729585732558145	-0.315681737697629	-0.40818182199761	-0.259083497684173	-0.239902403108436	-0.565598049683096	-0.271482200362568	-0.29955992131132	-0.187096150672302	-0.261317298776861	-0.247053874835899	-0.29981130829929	-0.194678639406521	-0.197278650877833	-0.276514154170869	0.621866102056347	-0.0520163744316185	0.540301670043469	-0.184731452208892	0.00203963076117374	-0.0271889377110679	-0.240044889577944	0.669858448680274	0.642932158953238	-0.238830337665131	0.362295539056754	-0.267998384843976	1	-0.147311085527704	-0.0758795969712069	-0.112935032511588	-0.295516594415896	-0.198955006306944	-0.39982138823529	-0.215861698585379	-0.0195313805762475	0.0847781002868765	0.0431365277498755	-0.533009981428842	-0.112406895618083	0.415181511203254	0.141430173402421
TGFB2	0.757423921054142	0.847777796177228	0.93733639939815	0.482244374388304	0.924309674217448	-0.148256471341852	0.774646038083185	0.027669882519692	0.910948287756161	0.921368814467605	-0.511974076753941	0.875134560140424	0.79817893478299	0.972950592228739	0.0288252040779496	0.626105575887121	0.52632002701353	0.891089827306901	0.292538116411142	0.930432402045989	0.953908926746984	0.713229551918013	0.235459387558328	0.86093536899339	0.939741089015789	0.783089533335824	0.18632010959102	0.81330889795611	0.91681337555599	0.909433200220987	0.534178113741774	0.569249978229624	0.586542792970835	0.89140029202354	-0.234824847632911	0.961251308372463	0.136985845932338	0.874649346651576	-0.302684053483731	0.816505366749953	-0.751404950167627	0.59932893756611	0.807156086749756	0.510983740395179	0.884903732169868	0.838465606981774	0.856893393250587	-0.129393949453364	0.935281808668015	-0.465268220123736	0.484123596422687	-0.0525025713107848	0.595169024390925	0.828766028720155	0.915010531844997	0.919611806682473	0.80539569937746	0.495370010779677	0.939119246930331	0.106804930904172	0.945931368015301	-0.211667449340217	0.913964497404497	0.701089366980845	0.824446576605135	0.890053243339952	-0.334438721961695	0.597660201520983	-0.381449101591235	-0.0825121928492939	-0.157957975851485	-0.343257121600887	-0.77786186346114	0.828060961858975	-0.461822591104813	-0.368369882850687	-0.324790045888729	0.723174079814955	0.89921823547455	0.952912407877956	0.964467207234756	-0.490949912704121	0.914200221359529	-0.0307101276817107	0.991011030914521	-0.135654871828445	-0.580405495602008	0.947716338077129	-0.323827432188007	-0.333185873143955	0.93933829472129	0.481246909052293	-0.098448127849746	0.787445350419904	0.960347784335455	0.934508977050291	-0.0353327459691379	0.784233257500414	-0.268656814404672	0.956445971334293	-0.378473766189337	-0.0282025854855419	0.944114772472794	0.631839382738199	-0.324274120042497	0.574968600091172	0.928163923152621	0.313391183291806	0.733095435208892	0.915178008605441	0.738710273372485	0.952423119919089	0.944790958704996	-0.337709992406886	0.853523685005669	-0.191691751516426	0.977930922759923	-0.571635343806971	-0.669149777611865	0.925409041107676	-0.118015698974631	0.136752018739471	0.100650770639032	-0.40243120070787	-0.0504662099585624	-0.147311085527704	1	0.896870969754464	0.444590272107263	0.676824818582168	0.439666065585985	0.87923281088947	0.984002565954799	0.902890522139672	0.194007945243681	0.734985840000265	0.666027073204605	0.947765767118443	-0.553546438646063	0.56286300149462
TGFBR1	0.844802685657967	0.676703233627277	0.825969736872402	0.528520590067636	0.718105605654296	-0.28979301854141	0.785869032656509	0.037303714162794	0.982456202370566	0.742849648271655	-0.57793051509325	0.888887580715861	0.662783765476119	0.956469558474344	0.0830008769305839	0.546561431934722	0.305512813249328	0.830889623348619	0.100138962206245	0.797929779616051	0.933954048109353	0.627459871707112	0.159280533198702	0.808317258571042	0.882397994286535	0.945152012813422	0.204409675548628	0.781766415903455	0.721796261278813	0.816124128060421	0.390483049582991	0.527148601215747	0.654785678588865	0.694658861448126	-0.131055061693813	0.846870264265028	0.0910726578451626	0.78947547743318	-0.292117704668757	0.659533464655106	-0.725034690122706	0.645735751391097	0.668013583743821	0.341891115264097	0.661684736927796	0.718942045741396	0.729960099555464	-0.0545338055067651	0.880359691878811	-0.298435743433228	0.381919229032249	-0.0141606870942349	0.679882703817122	0.696929661893449	0.808358671351865	0.798775002824819	0.67911087033918	0.347618068814201	0.820286282717596	0.162951624554839	0.967548477845769	-0.0790709139396925	0.917760273940179	0.600455995714603	0.718962141344803	0.752570292478555	-0.489260616098233	0.545591815272373	-0.366005593462275	-0.0105395085651908	-0.233012323217086	-0.218756861166261	-0.788242433476771	0.634889050703681	-0.40335336925771	-0.364404920536902	-0.415358456243709	0.590514890013485	0.785391798175995	0.847716759693261	0.872649549227125	-0.527340692736622	0.884975614922712	0.134199295952716	0.860197284990305	-0.0591693053716863	-0.546182898140439	0.868448392020212	-0.321290292294922	-0.398897231264367	0.808998687087079	0.66800871891348	-0.159840747089404	0.776103311912061	0.836193467957678	0.940193420293198	-0.0149524419019385	0.922812071393862	-0.325739460762013	0.824132937659688	-0.316765723393764	-0.00513852413604865	0.768889440875895	0.61943617902083	-0.273029942656166	0.381817103293618	0.783215945345442	0.212188002030289	0.690431226763453	0.805135931730434	0.610028529208425	0.908821145503599	0.793570537933895	-0.345400668423794	0.817845995784027	-0.244878946032219	0.849167979774118	-0.457096395435008	-0.69570135900791	0.794964829176203	-0.121170218504004	0.184804954216853	0.103209511202531	-0.45359049284353	-0.0169750327517844	-0.0758795969712069	0.896870969754464	1	0.436135789952377	0.559126860037594	0.367736826227241	0.788008026130088	0.884411083138742	0.955637120664308	0.124952944856589	0.907126819120733	0.597885566048134	0.859309421786358	-0.448859991315072	0.738598547760739
THBS1	0.357093981854343	0.388454342340019	0.415290942347159	-0.105800719838046	0.405995541046231	0.248591092950985	0.540985829260065	-0.206062009617034	0.450907595124286	0.402005047221284	-0.458531872390856	0.402075642626995	0.380247224046021	0.457569503825999	-0.413066478074833	0.311736741743459	0.172341919618083	0.509339761598183	0.0431780373075622	0.403502289004835	0.384298948407477	0.183500465497209	0.32389294273978	0.343640898860171	0.411220054286993	0.330576842577657	-0.169609394358094	0.397596003201964	0.374233784861013	0.404145835850815	0.359798055516259	-0.0446358067655881	0.204075771140667	0.39267525093731	-0.299223002998327	0.390579247061757	0.679768381396548	0.255415401934608	-0.433891553292668	0.445747621299813	-0.0156189456777939	0.314768829431153	0.374571213240656	0.868853682678621	0.403049173953115	0.407157223725637	0.406856456073595	-0.226176809792148	0.458854023087247	-0.563805658923332	0.218397337206928	-0.289489134673782	0.20927365604302	0.152736087161809	0.525500129452763	0.442824518731411	0.432275975152946	0.15981959339867	0.427582894329502	-0.162420497505819	0.468239453617029	0.379975458557673	0.583255247050836	0.174993513485042	0.475979137871038	0.25928144597935	0.0699317396403368	0.6664859327328	0.389875372302671	0.304700243385621	-0.0550284169336376	0.259882254294806	-0.248433831141582	0.325494000467357	-0.401942059302001	-0.240463329626231	0.0580753242364362	0.295731100531565	0.385222519172923	0.483006576658251	0.445964818262522	-0.343414806510618	0.377035987325501	-0.240275578962197	0.44767388940348	-0.0752268261412092	-0.716159993782433	0.475613556945629	-0.297918458536165	-0.386655647707833	0.317907030334023	0.280517747292225	-0.032267392250363	0.112709135989848	0.440881112336764	0.466322955946324	-0.179029158639275	0.275032039882501	-0.255081323212006	0.446273247621016	-0.184691449158741	-0.270053937073283	0.431187813454106	0.379258412886134	-0.363381995839134	0.124126980549021	0.400065496028711	0.149845658273456	0.271886151728357	0.290156115256287	0.296824493200616	0.440981760748953	0.383576039826966	0.0654556686706197	0.407065088347593	-0.269421663017755	0.47848712347811	-0.179348658402777	-0.105261148682817	0.336451994050789	-0.0345902073168205	0.600226328923894	-0.0689841772559592	-0.263699053108589	-0.173335774494651	-0.112935032511588	0.444590272107263	0.436135789952377	1	0.127655243120205	0.144089013633658	0.186022315761911	0.484286881942766	0.392620610349089	0.350796476012397	0.328923362655133	0.276633980978915	0.325138507331611	0.0555602275041563	0.543483334849623
THBS2	0.296373769989222	0.674312987594362	0.486509502820837	0.563872358604518	0.708078288056477	-0.188559964761867	0.487149642718564	0.103106194918664	0.521846009759595	0.71048379156696	-0.0270441724320387	0.815057371198953	0.820468780658458	0.693974154960477	-0.0519107365972493	0.757842696066475	0.151000515957627	0.663599971273824	-0.0106470383951333	0.727990147394531	0.624915374618371	0.648067311390038	0.0618303432301852	0.724669974708821	0.663909363660374	0.390687333915867	0.174275128988171	0.443833202798551	0.667778324045094	0.732346121720692	0.389095062275193	0.572191505748932	0.624661005063912	0.65350356325394	-0.0186280956388678	0.705336866951659	0.0958953469372212	0.747400542191129	-0.296828187751337	0.662431086862594	-0.656663063954423	0.519306039994546	0.820011048320294	0.311045615964175	0.70498653511256	0.70898581506464	0.812346211465313	-0.0732149592236128	0.604495739649159	-0.627193891970589	0.246184951567047	0.0890160982598392	0.322087343410921	0.800201433644068	0.805836099267524	0.745783963692262	0.782076880036967	0.572443351170767	0.729026118234452	0.272846985889211	0.632636951921877	-0.241500315644842	0.516579844713374	0.688375187302756	0.653334936502154	0.802538300365484	-0.250945009536644	0.372357173987869	-0.459007110459421	0.0162374240474011	-0.144136994451725	-0.328363217814236	-0.720281627106982	0.733979930318107	-0.20753216194296	0.0413950890068966	-0.307910476868841	0.478597661799892	0.828045905533756	0.682852533120899	0.749390151760673	-0.362256146580415	0.771516503460456	0.198198413373556	0.726949440717278	-0.173604282684244	-0.380795122919679	0.727952082431357	-0.493258684852754	-0.041496923565864	0.753624147858852	0.0738966003333087	-0.2208795073835	0.769114972173117	0.751917582274066	0.584181876915879	-0.0432113162491896	0.532457214045907	-0.234666758725448	0.753622198424429	-0.182665966404195	0.0450212097918004	0.700448485903124	0.729447607789492	-0.0499398224331335	0.324748233649474	0.686063179783793	0.483844444425759	0.701062749025065	0.771775534034821	0.359105942130341	0.67531360783877	0.728422928011955	-0.431579755428783	0.460678067948876	-0.127447516694086	0.707711867928963	-0.354458903914969	-0.477615086515325	0.777500701828141	-0.242681996147813	-0.0809799124045913	0.111238823712131	-0.506153086531974	0.0605939960452974	-0.295516594415896	0.676824818582168	0.559126860037594	0.127655243120205	1	0.324714441439683	0.787805533385125	0.701820193670561	0.530070579116597	0.0148081118922891	0.426932259285307	0.672441586690565	0.745792089273297	-0.460304993882228	0.0883896199062323
THBS3	0.344835412667381	0.677062322815438	0.449129002280126	0.140453013105021	0.522440284998405	-0.48612515081881	0.52451235272915	0.0485609565975838	0.346828101591492	0.303494346418836	0.25670745374536	0.274450201446014	0.299707553595525	0.420113184670755	0.121917214243102	0.156287970242841	0.452430390620152	0.209476967001482	0.660430422126208	0.378646613945216	0.462109024867867	0.352408824380374	0.227077911745302	0.418680961662574	0.436943986431114	0.209357574994815	0.542459367726212	0.600044451815853	0.312515376786038	0.492023843576095	0.263272255543026	0.698690220122545	0.0371797404658362	0.728629878170425	0.186224853227331	0.437477227980973	0.214905819213929	0.48256158977526	-0.0168620023295339	0.430496611473542	-0.279567292169855	0.22607134613287	0.364093952602023	0.382377760555099	0.395726146961092	0.245868106070283	0.323462503239791	0.359568683291377	0.577098078926034	-0.361420574445823	0.119658419751667	0.64819481224107	0.150355055150455	0.315709142228793	0.419852764341311	0.35634327599713	0.331856539601384	0.101319918873352	0.449788126882441	0.310785109022065	0.329609249927784	-0.115095805717327	0.333901000151715	0.670424568697531	0.631817032831011	0.403029322308489	-0.515048243235908	0.379291413840433	-0.252436240531679	-0.199588246777142	-0.0919141098758602	-0.0890504397393237	-0.360624991312401	0.58715115838159	0.0874623840920759	-0.105000650775665	-0.0100686591031637	0.234243926032063	0.400065267250062	0.533003626311353	0.476745118248175	-0.311850886066847	0.472666389694806	0.206589010558593	0.448405134731265	0.603487961196826	-0.274320458035149	0.40510325182448	-0.0782094524440225	-0.0664635178798097	0.486371344661315	0.160100816882816	-0.0284914784841608	0.312727683082727	0.355868064109225	0.40961293785711	0.449400962050992	0.351759682360588	-0.205794627580184	0.551851336561883	0.374434624173318	0.72564382095653	0.569430742379493	0.485478202982469	-0.104597850600125	0.132469148870144	0.573289493011894	0.0314003027610783	0.674215035175483	0.556245887686336	0.195173316701429	0.458680666343159	0.582053656021118	-0.183628163699238	0.572047377708011	-0.165495084110821	0.416183636085962	-0.370929342176798	-0.130367419406399	0.422284459695118	-0.0810803631196929	0.00310272394247179	0.855806173445682	0.0594561482048946	0.529721966785285	-0.198955006306944	0.439666065585985	0.367736826227241	0.144089013633658	0.324714441439683	1	0.44192610628721	0.431258337504501	0.252056132179866	0.243775676616351	0.355134117994725	0.386100869935862	0.502095612588575	-0.345756562801575	0.0472121017912286
THBS4	0.642293939877115	0.805594232593159	0.823504415416493	0.628121582748208	0.881851696489816	-0.25590765448837	0.695103723120045	0.109356546016414	0.761739827001781	0.846008630676775	-0.219340451003538	0.839110603269027	0.77466183293111	0.862767034043044	0.218056946894336	0.599482706819334	0.297650935342213	0.731816956382488	0.251324185234423	0.879387948459128	0.882547961221698	0.784167858040654	0.137029516544019	0.816565393787264	0.888196400823887	0.661948203523782	0.437029161083451	0.706513795267851	0.80869551459636	0.909233547697085	0.494534564470144	0.566562698024421	0.57643196521743	0.817756696827055	-0.0845551747014196	0.894599850749009	0.0379838341956359	0.91944680905907	-0.102622328385599	0.864265854911436	-0.820624628379361	0.494282342147472	0.801742808716037	0.334322086511268	0.73601816364095	0.790293434436054	0.803897368390318	0.0524648123703987	0.877099654298396	-0.449374355897868	0.515158184517082	0.0490947454233664	0.547117472064275	0.884103881578479	0.863144051077442	0.846637527974045	0.772918036698855	0.553038440986461	0.888637748136185	0.290403339707717	0.811111924525522	-0.47663314486633	0.729526895614011	0.723718325049162	0.820222655628856	0.931645741852952	-0.320233667849162	0.347901215169565	-0.642222353828404	-0.127008970853289	-0.250844984710987	-0.476636076684507	-0.702926760860017	0.865950136014759	-0.186205611347564	-0.0826337097991752	-0.560057392711586	0.614132898601223	0.8771957831723	0.842863262146852	0.865169693814447	-0.356872512728902	0.886359337545085	0.056801014179877	0.893669554618485	-0.0292579311916263	-0.409801289178124	0.86856010898866	-0.365957605287474	-0.0196948730217442	0.892500064369063	0.207279177178067	-0.380720990065877	0.873656076450105	0.866959560913921	0.834015350786228	0.0264131810640297	0.744611783117752	-0.330464955262469	0.905910115157363	-0.176944702461942	0.0684631619969434	0.872201879555451	0.73210180292337	-0.0646060201917379	0.605700692743051	0.881211519816486	0.275392883545834	0.715785241512168	0.952758236337731	0.62617747490872	0.899979142520513	0.924841796087804	-0.602575861942433	0.775327520062546	-0.155761253958249	0.846550540939787	-0.45920436325114	-0.648729922966442	0.891420293681959	-0.412631321771672	-0.218256054557854	0.136589448573321	-0.478382667860109	0.081230015593243	-0.39982138823529	0.87923281088947	0.788008026130088	0.186022315761911	0.787805533385125	0.44192610628721	1	0.890467880352499	0.750176059682526	0.0490251346834695	0.686988608835204	0.840599974633558	0.924348453140499	-0.762533278133572	0.264171713305924
TLL1	0.764001804944692	0.856215825800532	0.933534441866575	0.440440415725689	0.935301593864208	-0.169636684635911	0.78525052842528	-0.000388428915746317	0.884598441544869	0.922807443317577	-0.496985044470513	0.896640673652555	0.820809845257969	0.961524793558936	-0.0163710809026382	0.65223902985162	0.529239610896517	0.891092017896034	0.26534733349083	0.958127904300673	0.960817168657635	0.765341901130553	0.263176120818639	0.896091889581	0.962350770493456	0.762742004829009	0.178918224713127	0.800527489289029	0.89060034471734	0.939148554810925	0.523853550120104	0.572974728703679	0.562632402745089	0.880314407376745	-0.181824729657403	0.974361834220958	0.192361944089052	0.868092711842815	-0.322400060933637	0.81386578509204	-0.724070624720513	0.645901556412321	0.832448039851367	0.556874710022839	0.875294571244032	0.891733564446436	0.88004440232262	-0.153127437097963	0.932326151651424	-0.53900473258612	0.562057860705955	-0.0399606943513208	0.548463448011251	0.834582839188036	0.925685384183791	0.946259998970418	0.843725796922379	0.472208878336124	0.976140252280965	0.0952773043165896	0.938958137719291	-0.242983594102001	0.889831207588534	0.74082523993894	0.837830862263198	0.908832271230485	-0.265474761296848	0.64139308203865	-0.3896480278884	-0.0734861608741352	-0.216637008552141	-0.326624608137528	-0.782288244948146	0.857648536062875	-0.440943159965903	-0.379607169938281	-0.367096533439027	0.766033612853623	0.923757290882528	0.94144503009159	0.950825614172764	-0.539434827155991	0.920935526695537	-0.00625551094298457	0.985814794299211	-0.13206523751767	-0.626901439656137	0.97106310794072	-0.368651543636951	-0.329681795283741	0.94546066948123	0.439613671318505	-0.112753275212501	0.770352242432292	0.965370735334784	0.931133968737391	-0.0160492770455774	0.783053754576847	-0.334973705812383	0.97012708799747	-0.333091548935107	-0.038101940224681	0.950244186689865	0.672657472357689	-0.245433894243909	0.578633735303383	0.943645666682927	0.377592383042552	0.751337239886051	0.916347145346241	0.676354112532643	0.961478930531731	0.961349757885582	-0.336687958751117	0.864656262382308	-0.254353117396989	0.95579999146339	-0.582293678108801	-0.659565729296705	0.958000313565849	-0.140330128779083	0.146467227250497	0.0936724565529119	-0.422121210590454	-0.0429319179518006	-0.215861698585379	0.984002565954799	0.884411083138742	0.484286881942766	0.701820193670561	0.431258337504501	0.890467880352499	1	0.865463572014833	0.238792807720154	0.71770491258146	0.705225704940921	0.93970027392857	-0.546952498937493	0.522497701924905
TLL2	0.782401796179686	0.587513533608506	0.821154610029768	0.535701716743611	0.721767863626288	-0.180354368177612	0.670757064599952	-0.0456208494643423	0.975386867033365	0.814023866499076	-0.604389354622395	0.866347719103805	0.668347882507576	0.942120747878282	0.134174197498223	0.561966814883021	0.336553474398933	0.884305797012748	0.0453210454728088	0.793233365742087	0.888994306301796	0.626847177095258	0.174757299543275	0.771381853905861	0.857163680919128	0.943730689727044	0.181287056558068	0.674102830863946	0.806964411200251	0.741790384057346	0.495816892877932	0.462433586537884	0.685895536907815	0.67834674518992	-0.123455852209471	0.841158698586016	0.046956792191001	0.803902775454289	-0.321339634903886	0.676985081212515	-0.773756661820003	0.637637843612548	0.670191897211049	0.264356521272175	0.699584402619669	0.726674797460562	0.74548287689656	-0.126544191522741	0.818816874544419	-0.185331641814614	0.355192471934641	-0.0398539697786598	0.76518189050398	0.736003610787434	0.790748734024045	0.811576182278407	0.660747891474201	0.414841702431312	0.773515637152836	0.0714886056441097	0.957384759857937	-0.129620876732356	0.889641699987324	0.54315980847244	0.627183412071686	0.762268877062367	-0.500360676146181	0.44163690262834	-0.372403970560222	-0.0591305586321523	-0.219408022791365	-0.329582119409404	-0.749724815268986	0.563789023089541	-0.444720983476418	-0.329512960419109	-0.391306735618167	0.585148131617699	0.772449734995478	0.820787769260452	0.867768107495169	-0.436154967749687	0.840215902252321	0.153946329864822	0.861764727727258	-0.125703415110861	-0.54969061530998	0.827406750413933	-0.328676809765877	-0.425334010156083	0.805811858470799	0.646777625510675	-0.10594280448246	0.808187285272816	0.868701126380662	0.913640118309432	-0.00957493005963627	0.884569003672869	-0.277259452196986	0.77719147455641	-0.48370075011618	-0.0541974949280629	0.726345698239104	0.554603088778808	-0.417858112322929	0.490513331427957	0.711556373298285	0.27519108977331	0.675244945643947	0.780041180039605	0.764619033078438	0.858322365022578	0.762682314154892	-0.304265107969844	0.708022927633264	-0.204916353543285	0.886149329251685	-0.452712825056913	-0.707697308742431	0.788099223232329	-0.0769365320557598	0.149767815369725	0.0347915000502252	-0.487738609810454	-0.0371532763546038	-0.0195313805762475	0.902890522139672	0.955637120664308	0.392620610349089	0.530070579116597	0.252056132179866	0.750176059682526	0.865463572014833	1	0.0863607464426179	0.861280936157425	0.542601993596161	0.846815666384758	-0.481508812849164	0.764465130227041
TNC	0.137715839522142	0.311452899793515	0.223154706988922	-0.247469455218314	0.266670672847657	-0.373451728704985	0.507953061092549	-0.0830884112880395	0.143432163871241	0.147171389413308	-0.187536360022685	0.096634210414077	0.285584805214986	0.165262001682692	-0.495896996140547	0.125111907405854	0.463525719960289	0.134376308112667	0.320051739731318	0.139142423530507	0.145234365873738	0.395019163053231	0.920458332828292	0.0961346890602207	0.366047376272529	-0.00387498188853707	-0.21872609138062	0.389495375878637	0.0930236707161023	0.124643539355866	0.125053130635197	0.134930134493688	-0.174953587813237	0.233989967850988	-0.230651442631495	0.342174788102583	0.390835682997139	0.105326206294769	-0.338652243208333	-0.0124980919955106	-0.00600004772143171	0.27121723145531	0.177033747369422	0.433801261762041	0.249366056782235	0.0806741509848132	0.204989979613128	-0.0585643157016548	0.249040374217077	-0.311323181571368	0.0135687895521254	-0.0577368922252845	-0.334559569222797	0.0170368820412762	0.185377464464224	0.349412988800984	0.304366371976671	-0.133653976311367	0.275320842993936	-0.247155999180041	0.195237683987788	0.114003942404933	0.246612331302357	0.150404273570328	0.23380828012506	0.184135047168126	-0.148354492475711	0.322054291313914	0.157740972576397	0.096605438041047	-0.177235661468973	0.145754314228232	-0.26530852160405	0.327476411955221	-0.359049694173412	-0.509148844441119	0.384552221432707	0.233148286874799	0.218057607291096	0.334626701577112	0.260148849244812	-0.311913202201259	0.271636350072955	0.0593995216521734	0.195552963733692	-0.0306490756534404	-0.335932424922593	0.213827879989855	-0.300270210302417	-0.644509129342319	0.148678413697365	0.401233766866584	0.473712331955401	-0.055125207524315	0.227358707964691	0.256863052704182	0.580722523327521	0.289078499005145	-0.241932202508067	0.286129080360574	-0.0373959372571914	-0.0532331189271628	0.301499932208919	0.0165064109642638	-0.019249516143448	-0.0949686318639079	0.281730921714296	-0.0342644232136198	0.289368378793274	0.136856309282938	0.192167593903895	0.327531067221987	0.242947337926395	0.410169837240194	0.238602558601023	-0.383569055581257	0.234904586310894	-0.331835200867449	-0.501513380183625	0.232972123105006	0.449122717088355	0.516548163859767	0.0981886790654293	0.317006606146655	0.291737174580107	0.0847781002868765	0.194007945243681	0.124952944856589	0.350796476012397	0.0148081118922891	0.243775676616351	0.0490251346834695	0.238792807720154	0.0863607464426179	1	0.139391540594376	-0.146540839412312	0.156321579821248	0.257725560248223	-0.082876374327731
TNN	0.773385447762953	0.544659706652559	0.696942890771042	0.535019947798482	0.558524645316619	-0.413849283239437	0.759746804051751	-0.0435397284432452	0.865138701530749	0.556724386840177	-0.416548177094937	0.738211196807519	0.505565450762274	0.815719904700469	0.114607105744481	0.38567093803875	0.190906200105907	0.657881857804851	0.053198776473016	0.617531849780391	0.769883701078601	0.608493619612611	0.21964257897821	0.721668380086368	0.768472525548041	0.867182048343339	0.318514321218991	0.720408204160333	0.537177778064097	0.63204170553369	0.376442836660092	0.455038060748372	0.733187779203633	0.550864928088863	0.0578135184513014	0.733610497973407	0.184962564386564	0.711150359568696	-0.220822772245963	0.555110716770213	-0.624050461269711	0.457428240817731	0.50399208816964	0.187030626177307	0.493516046309381	0.517003339255408	0.546306502597985	0.103085470558138	0.813015706393857	-0.195642941425779	0.227839807457616	0.0966305058658017	0.657630056719852	0.482899252458666	0.656186745372684	0.646509876121887	0.541021308080355	0.174808148597041	0.636298777129338	0.100097421930079	0.837403920707226	0.00937963640471814	0.730079461589377	0.555094293930602	0.66384489487469	0.63782238227529	-0.538216352208807	0.411210590608794	-0.289437979334422	0.00925646837780355	-0.113628875481219	-0.198259694369388	-0.761876427478153	0.484816054089448	-0.327454227523194	-0.31008715990967	-0.439527165020004	0.428141387208544	0.623307807362846	0.709472120885683	0.739234089391991	-0.520395822199573	0.776722504776005	0.23445634289665	0.704181329634807	0.0547587067689468	-0.518629853154227	0.705599378463926	-0.149291944932615	-0.369178638837581	0.701237044245017	0.64839673361453	-0.191297973212053	0.76762179616928	0.660819045176116	0.89718203953938	0.14831571083534	0.943415747863603	-0.206728660653046	0.643073549527766	-0.286696495065033	0.0400191609724123	0.601503675961116	0.574565263248332	-0.311621757441084	0.302981256330947	0.620285149460533	0.139901417892273	0.649759803705326	0.701846095023772	0.57661097834016	0.800222007365488	0.659464811387171	-0.310645714925411	0.706043670966947	-0.105166493294486	0.69645056922409	-0.403008466290339	-0.667324763337846	0.6212052287581	-0.150849464454996	0.170508803122752	0.123427952547803	-0.406451784590312	0.0858275969924524	0.0431365277498755	0.734985840000265	0.907126819120733	0.328923362655133	0.426932259285307	0.355134117994725	0.686988608835204	0.71770491258146	0.861280936157425	0.139391540594376	1	0.528231211097962	0.790345706286736	-0.452832347977521	0.676745017164929
TNR	0.452065612540626	0.671068780423768	0.591991624125425	0.533909870374775	0.733416559971673	-0.129269673400257	0.489513031968062	-0.0570641663523388	0.54119265913696	0.678645386843542	-0.0876647893481044	0.659088948338763	0.727033465776151	0.678363995630009	0.301875510088879	0.594126832342795	-0.0135073953194277	0.578446300633902	0.121254006724876	0.720077887575429	0.67141025854533	0.66096056981158	-0.0203543073335363	0.750758404323347	0.658532863217926	0.462909471021773	0.490024524459343	0.486624322559266	0.678578084556975	0.796769930397013	0.466474242389989	0.311682584063575	0.518718367637576	0.682069041379155	0.131466241232882	0.673121241302157	0.14791081034571	0.728672475068769	0.00120028602425732	0.894114204328383	-0.624087322312522	0.388429023410366	0.75496427694558	0.406533644760472	0.558229394583339	0.705974651635554	0.700379218155253	-0.0761436038604912	0.720017832081354	-0.46151678189206	0.396956864635203	0.136135576379844	0.535993531274864	0.760632034935009	0.78979241184127	0.698491614389538	0.667126758978622	0.540047871827521	0.708332263968153	0.28301516636981	0.601837237490993	-0.338486368874912	0.491351550144697	0.690751377706344	0.794645138256567	0.754211907615146	-0.094234603868825	0.307371356048087	-0.489561014339469	-0.0833730334568191	-0.151729841595824	-0.37485437912999	-0.396983294512583	0.760705130594327	0.0574670015125957	0.120271183644531	-0.549771808775478	0.380140206333602	0.754088350962527	0.668991711585759	0.69152914800649	-0.0785710324486722	0.736131338867945	0.0514191168290249	0.69118724506063	0.0661490883445962	-0.398074959824005	0.69174133788268	-0.228029019346411	0.169003064191915	0.756361762819063	-0.0908554476547296	-0.648721038155752	0.764664561163534	0.685031122656464	0.614509436257107	-0.0554506549126058	0.54645611012553	-0.213034160669297	0.719610209788712	-0.00802773161888186	0.111304441242587	0.68156254033027	0.783726289840304	-0.0276277769910643	0.432146729611535	0.710533808089499	0.406844738079748	0.59952301380763	0.842483390359223	0.426444406388459	0.721274919972371	0.769912620566487	-0.741690495435166	0.578542312114029	0.00284949314672341	0.652851170010269	-0.108210684699395	-0.366091953629415	0.722494143401125	-0.680976340472846	-0.27324122113348	0.162875180444068	-0.554348540557483	0.0937775773940812	-0.533009981428842	0.666027073204605	0.597885566048134	0.276633980978915	0.672441586690565	0.386100869935862	0.840599974633558	0.705225704940921	0.542601993596161	-0.146540839412312	0.528231211097962	1	0.770482832588165	-0.857231096661505	0.199554810862232
TNXB	0.735313777179309	0.860619028387922	0.874623651300355	0.530871101500191	0.922353059697196	-0.257591243967859	0.769201100793254	-0.0092473166262395	0.831744245884532	0.872157657488098	-0.358489061254395	0.859511647729658	0.828444762104763	0.937517615255813	0.0671843267051837	0.66017075041396	0.408078127038698	0.835666321800905	0.229110327748374	0.916575089388486	0.908913377754641	0.764424675372539	0.228706677059561	0.894045054237255	0.906821529688572	0.728445470707959	0.300401714375063	0.797507962976391	0.864184615583677	0.903687179895768	0.521487445935672	0.584028643591316	0.700042733920155	0.879815777004127	-0.0980429153433324	0.957691695345114	0.194379871961361	0.880893917898276	-0.263907537676474	0.839169434196973	-0.741666403557805	0.557283520387677	0.837060684120399	0.431660854240638	0.874540361123064	0.82014783418738	0.854796884620085	-0.0767541082880466	0.939174890515606	-0.519427831738716	0.449673625402341	0.0739114520343086	0.559823188097909	0.808422804752451	0.911318962037718	0.906151190337188	0.838020815881167	0.476527029600416	0.915242250053321	0.0955338329412706	0.904795674388118	-0.221447057493748	0.798399458772994	0.775170188630201	0.884888467768712	0.91753553289208	-0.361383292852678	0.534135689736685	-0.398605610700092	-0.0306878566855685	-0.034165564163987	-0.344892138721703	-0.812336277771308	0.838710583765854	-0.401259391887437	-0.264797175414698	-0.404566589602375	0.700738519502409	0.91058901424608	0.921756170535976	0.937991456885884	-0.479206395007718	0.937717996469121	0.0637542325236531	0.955755124257066	-0.0716715095735237	-0.558823153409648	0.928996107268959	-0.238480738278923	-0.290552770206233	0.978587904882006	0.391701687748333	-0.188158351893343	0.869185321331989	0.919508418496923	0.930151593976473	0.0801211284757185	0.827849906246483	-0.139677289760578	0.919482277989702	-0.338073143914107	0.0492925941056362	0.909765085364045	0.69151677252619	-0.262093062390969	0.544384874954847	0.920233371658093	0.325431946905873	0.78872447769961	0.966374932751891	0.677305911409866	0.946170970113659	0.953078648075866	-0.419112518106724	0.830291212618648	-0.0245691635626265	0.924957674434177	-0.510567378135383	-0.677396632189238	0.920952499104498	-0.216260837638605	0.0847638817163335	0.166672159112941	-0.435366385211561	0.0633095800163261	-0.112406895618083	0.947765767118443	0.859309421786358	0.325138507331611	0.745792089273297	0.502095612588575	0.924348453140499	0.93970027392857	0.846815666384758	0.156321579821248	0.790345706286736	0.770482832588165	1	-0.679983646219309	0.43692189611302
VIPAS39	-0.429901480765423	-0.493897143570627	-0.573402844540685	-0.454788736298227	-0.637257374950566	0.0819136858183513	-0.315988184056646	0.142795186921997	-0.429664281655308	-0.587936332871132	-0.0605375513592031	-0.457901114432946	-0.484342518056963	-0.518582636351226	-0.499983816320276	-0.324139114912931	-0.0139802700396998	-0.405603375109467	-0.195101933443412	-0.580669621409881	-0.561634537018722	-0.598816618767223	0.0553604190639197	-0.594933219285211	-0.534584691036366	-0.414325558254361	-0.600455125839062	-0.379756305174209	-0.596102780531069	-0.584245941773915	-0.498068929142768	-0.219400801080338	-0.40685219538882	-0.594918541620048	-0.218577065708333	-0.555772876161737	0.0538076535701688	-0.668218281407858	-0.144708503889118	-0.803865713773683	0.612881329972646	-0.244461687482595	-0.530516150892868	-0.0733468350280376	-0.432013278866436	-0.528324783749739	-0.481558978911679	0.0301392023358134	-0.590146151573268	0.115091571510559	-0.388082583245622	-0.238154582888683	-0.574278927492811	-0.678250139190725	-0.545803444926543	-0.516880295958885	-0.41478064049714	-0.434422237229992	-0.524846736400987	-0.149950260620339	-0.44603381196255	0.535932927343724	-0.322791233080476	-0.591171121023595	-0.602213867759555	-0.643127672606731	0.171092028855557	-0.0146071956461002	0.614473084322998	0.325853252408076	0.103339834773202	0.570056552626212	0.269112655976181	-0.597236836606516	-0.0936985021097974	-0.159586757925464	0.566076918337645	-0.307874252890891	-0.541579848582194	-0.503215266887658	-0.525497037143542	-0.133412507762763	-0.540428545625508	-0.0349193488712579	-0.55650213912617	-0.118253597040629	0.213655419258896	-0.486524562529894	0.0922745881689674	-0.254265630283182	-0.669674064759425	0.121337062212372	0.568569360949531	-0.698363362018575	-0.535242369247265	-0.500557384885622	-0.0637763961678673	-0.462308359989217	0.0791594790855979	-0.54822621276529	0.085052345573699	-0.187101093269674	-0.535077697130757	-0.518914244445676	0.131637110447165	-0.580048195450652	-0.557092863327737	-0.296438077839649	-0.462219441497539	-0.747270728867359	-0.547873233097413	-0.558404339775542	-0.664057138732085	0.710037161461641	-0.475314018173014	-0.135900904558495	-0.524873286614992	0.13395761805072	0.324594069301198	-0.57157383234658	0.62807814277232	0.491294956639401	-0.188838263994883	0.38493865687965	-0.140085379296114	0.415181511203254	-0.553546438646063	-0.448859991315072	0.0555602275041563	-0.460304993882228	-0.345756562801575	-0.762533278133572	-0.546952498937493	-0.481508812849164	0.257725560248223	-0.452832347977521	-0.857231096661505	-0.679983646219309	1	-0.079866035759117
VPS33B	0.592432172168048	0.217257417892661	0.529127549509386	0.216369116783513	0.267315997279407	0.0462642006111603	0.409913099976264	0.0118830562409754	0.765501707195279	0.421239432460483	-0.66414400185173	0.537560618277027	0.256944666534922	0.623171900662971	0.0964970690318535	0.199039590003016	0.211110495212704	0.592792863479278	-0.0366963117190995	0.405635084824315	0.568643968246614	0.222011879650459	-0.0618411211438998	0.505339211421494	0.47367202549537	0.793685537917116	-0.0765285491684819	0.422052911352699	0.450908773406849	0.403881459777254	0.370078068910543	0.172119416909508	0.458291351417197	0.305641305222202	-0.0257331970608117	0.415911982464424	0.163949307457108	0.397619132259798	-0.391716985124286	0.31880587338381	-0.297475846092234	0.378087756423043	0.228890765874732	0.222014773265479	0.326271640528946	0.383010693268625	0.329308938448199	-0.192350868117926	0.498013504834071	-0.00911460739584883	0.13445425618656	-0.0853882818763474	0.737918517855144	0.278678147446792	0.42900012671675	0.400998968550345	0.242049417400444	0.174841969184643	0.375874310769564	0.0310844423970098	0.668051552044334	0.258313187634142	0.682714447321836	0.257421643661117	0.293476739027456	0.297670986582874	-0.309665241379062	0.526439342364268	0.0295561656366909	-0.0293373413286808	-0.0940196696632599	-0.106908522534184	-0.46268702385422	0.138249450591791	-0.3944647417263	-0.398327171426073	-0.213842596907268	0.283857944795433	0.343690134492523	0.45707955137672	0.513086611880689	-0.386452177014946	0.421373544696588	0.0592718985351627	0.509102916993833	-0.112674095336744	-0.40513870584245	0.473543350618307	-0.0846093631705552	-0.409185402354826	0.411958855861085	0.618588572904362	-0.0527552178962833	0.391602267343617	0.477513234730014	0.642367540523535	-0.242144002457334	0.579245026273871	-0.183108489656258	0.390675849330697	-0.45428526593268	-0.150105983346756	0.345038583085362	0.309496820330609	-0.424075248906061	0.226978111751673	0.323430689304393	0.235881522629648	0.29907215340253	0.332969143931576	0.484740737476431	0.484320843851175	0.339587922564585	-0.103849801298937	0.44430986520223	-0.167936369936694	0.537925770994713	-0.307665073214191	-0.242571866788975	0.359270167556627	0.0300570183069148	0.356247551058306	-0.0519690507021118	-0.425912637594132	-0.226079248337977	0.141430173402421	0.56286300149462	0.738598547760739	0.543483334849623	0.0883896199062323	0.0472121017912286	0.264171713305924	0.522497701924905	0.764465130227041	-0.082876374327731	0.676745017164929	0.199554810862232	0.43692189611302	-0.079866035759117	1
